timestamp,step,portfolio_value,buyhold_value,cash_balance,positions_value,unrealized_pnl,total_trades,winning_trades,losing_trades
2026-02-03T17:47:34.450183,0,10000.0,9997.13244868423,10000.0,0.0,0.0,0,0,0
2026-02-03T17:48:52.598109,1,10000.0,9984.479706647775,10000.0,0.0,0.0,0,0,0
2026-02-03T17:50:05.664065,2,9987.672488097218,9972.400551624105,9654.733333333334,332.9391547638834,-12.327511902782135,2,0,0
2026-02-03T17:51:19.368138,3,9989.302388194526,10017.393390391237,9654.733333333334,334.56905486119285,-10.69761180547357,2,0,0
2026-02-03T17:52:32.325850,4,9988.357929856242,9988.093445362387,9654.733333333334,333.624596522908,-11.642070143758247,2,0,0
2026-02-03T17:53:45.936143,5,9939.431315654727,9971.957336562336,7877.364065836744,2062.0672498179833,-60.56868434527314,6,0,0
2026-02-03T17:54:59.723713,6,9929.41669414318,9972.87111618321,7514.371222510409,2415.0454716327704,-70.58330585682052,9,0,0
2026-02-03T17:56:12.586714,7,9916.988239471355,9947.105569772248,7303.968828280118,2613.0194111912365,-83.01176052864503,10,0,0
2026-02-03T17:57:25.368229,8,9918.962057183937,9958.955171820115,7303.968828280118,2614.993228903819,-81.03794281606315,10,0,0
2026-02-03T17:58:38.296499,9,9918.376490273982,9951.21616296477,7303.968828280118,2614.407661993865,-81.6235097260178,10,0,0
2026-02-03T17:59:51.252404,10,9925.001047143942,9942.682301634284,7483.641748920714,2441.3592982232267,-74.99895285605817,11,0,1
2026-02-03T18:01:08.763302,11,9929.851109958969,9964.08192005707,7468.674465422873,2461.176644536095,-70.14889004103134,12,0,1
2026-02-03T18:02:21.875690,12,9928.892564276488,9958.902607738222,7468.674465422873,2460.2180988536147,-71.10743572351203,12,0,1
2026-02-03T18:03:34.694183,13,9925.314620447922,9939.804156778095,7468.674465422873,2456.640155025048,-74.6853795520783,12,0,1
2026-02-03T18:04:48.707902,14,9923.562382816648,9932.76269965708,7468.674465422873,2454.8879173937753,-76.4376171833519,12,0,1
2026-02-03T18:06:01.301321,15,9928.05400362014,9945.324823673503,7468.674465422873,2459.379538197267,-71.94599637985993,12,0,1
2026-02-03T18:07:13.471443,16,9932.376022053699,9964.70518082623,7468.674465422873,2463.701556630825,-67.62397794630124,12,0,1
2026-02-03T18:08:26.349806,17,9930.296626296182,9957.340121099882,7468.674465422873,2461.622160873309,-69.70337370381822,12,0,1
2026-02-03T18:09:39.161417,18,9931.564385380036,9958.771120504221,7468.674465422873,2462.8899199571615,-68.43561461996433,12,0,1
2026-02-03T18:10:52.035968,19,9929.234022525614,9953.927140440735,7468.674465422873,2460.5595571027407,-70.76597747438609,12,0,1
2026-02-03T18:12:04.581163,20,9925.28554723227,9935.811091806974,7468.674465422873,2456.6110818093975,-74.71445276773011,12,0,1
2026-02-03T18:13:21.485302,21,9921.965859341462,9917.958979789306,7476.12756435315,2445.838294988312,-78.03414065853758,13,0,2
2026-02-03T18:14:34.140039,22,9916.8540011135,9900.880616153476,7480.798173016123,2436.055828097377,-83.14599888650082,14,0,3
2026-02-03T18:15:46.835383,23,9913.350208626158,9888.618373152885,7480.798173016123,2432.552035610036,-86.64979137384216,14,0,3
2026-02-03T18:16:59.221925,24,9913.562294864143,9891.23275951179,7480.798173016123,2432.7641218480194,-86.43770513585696,14,0,3
2026-02-03T18:18:12.202187,25,9899.406409394978,9900.620757888377,7091.976207175437,2807.430202219542,-100.59359060502175,16,0,3
2026-02-03T18:19:24.919136,26,9861.87813318398,9865.377770994313,6508.216014972685,3353.662118211295,-138.12186681601997,19,0,3
2026-02-03T18:20:38.548035,27,9839.146069525095,9858.63814958167,6036.210824496206,3802.935245028889,-160.8539304749047,22,0,3
2026-02-03T18:21:51.518651,28,9796.073126508138,9805.851174402462,5543.498593794445,4252.574532713693,-203.92687349186235,27,0,3
2026-02-03T18:23:04.365375,29,9789.640396713696,9823.312715344651,5277.47532615906,4512.165070554635,-210.35960328630426,31,0,3
2026-02-03T18:24:16.991202,30,9769.87459068817,9824.684098221647,4787.725615891499,4982.1489747966725,-230.12540931182957,33,0,3
2026-02-03T18:25:34.271160,31,9750.165611533486,9790.664197111111,4653.669298646537,5096.496312886949,-249.8343884665137,34,0,3
2026-02-03T18:26:47.712050,32,9755.5212119239,9803.461895055467,4653.669298646537,5101.851913277364,-244.4787880760996,34,0,3
2026-02-03T18:28:01.542232,33,9755.544144747888,9804.868147182779,4653.669298646537,5101.874846101351,-244.4558552521121,34,0,3
2026-02-03T18:29:14.435661,34,9756.217961398634,9805.737473535222,4653.669298646537,5102.548662752098,-243.78203860136637,34,0,3
2026-02-03T18:30:27.021310,35,9753.074230685133,9794.541153915077,4653.669298646537,5099.404932038597,-246.92576931486656,34,0,3
2026-02-03T18:31:39.563551,36,9752.454627179977,9810.552329873139,4504.751881089847,5247.702746090131,-247.54537282002275,35,0,3
2026-02-03T18:32:52.085867,37,9723.277340258748,9798.703008775514,4005.937702128848,5717.339638129901,-276.72265974125185,37,0,3
2026-02-03T18:34:05.089039,38,9711.799192351189,9809.818556548931,3680.121435689035,6031.677756662154,-288.20080764881095,38,0,3
2026-02-03T18:35:17.601448,39,9707.503718877191,9834.50746837148,3380.8048922529933,6326.698826624198,-292.4962811228088,39,0,3
2026-02-03T18:36:30.035569,40,9704.923092437682,9820.860254355026,3380.8048922529933,6324.118200184688,-295.0769075623175,39,0,3
2026-02-03T18:37:46.764694,41,9696.954829295779,9800.686980088647,3380.8048922529933,6316.1499370427855,-303.04517070422116,39,0,3
2026-02-03T18:38:59.433612,42,9701.331926820047,9812.197919989554,3380.8048922529933,6320.527034567053,-298.66807317995335,39,0,3
2026-02-03T18:40:12.086760,43,9707.69850510039,9819.415894117281,3380.8048922529933,6326.893612847398,-292.3014948996097,39,0,3
2026-02-03T18:41:25.001994,44,9697.219783547569,9804.230821945335,3380.8048922529933,6316.414891294576,-302.780216452431,39,0,3
2026-02-03T18:42:37.392607,45,9695.39442407322,9801.93877594771,3365.027802755813,6330.3666213174065,-304.60557592678015,40,0,3
2026-02-03T18:43:50.905191,46,9656.70779445411,9772.631387537534,2942.9906692512636,6713.7171252028475,-343.2922055458894,45,0,3
2026-02-03T18:45:04.136560,47,9651.378968798315,9780.7020838858,2622.6700084435724,7028.708960354742,-348.6210312016847,48,0,3
2026-02-03T18:46:17.176571,48,9629.198482906975,9750.669594514311,2549.2352482071524,7079.963234699823,-370.8015170930248,49,0,3
2026-02-03T18:47:30.307968,49,9622.82471435567,9760.428535419422,2477.8566612573522,7144.968053098316,-377.17528564433087,50,0,3
2026-02-03T18:48:43.288591,50,9609.389048256162,9747.233149202502,2197.857307753813,7411.531740502349,-390.6109517438381,54,0,3
2026-02-03T18:49:59.951888,51,9596.138243336834,9742.743319089777,1962.5634958149208,7633.574747521913,-403.8617566631656,56,0,3
2026-02-03T18:51:15.161476,52,9581.246675576205,9731.42792457117,1740.7925925056957,7840.454083070509,-418.75332442379477,60,0,3
2026-02-03T18:52:28.534590,53,9573.638539334594,9734.850087609728,1692.0503999155362,7881.588139419057,-426.3614606654064,61,0,3
2026-02-03T18:53:40.833599,54,9572.854229462922,9732.33337076813,1692.0503999155362,7880.803829547386,-427.1457705370776,61,0,3
2026-02-03T18:54:54.713917,55,9566.128704377372,9725.188744710744,1692.0503999155362,7874.078304461836,-433.87129562262817,61,0,3
2026-02-03T18:56:07.852652,56,9589.292309862283,9759.438493694133,1692.0503999155362,7897.241909946747,-410.7076901377168,61,0,3
2026-02-03T18:57:20.852180,57,9587.655265678706,9747.848178357763,1692.0503999155362,7895.604865763171,-412.3447343212938,61,0,3
2026-02-03T18:58:33.969363,58,9578.915942967917,9739.18108516946,1692.0503999155362,7886.86554305238,-421.08405703208336,61,0,3
2026-02-03T18:59:46.513112,59,9575.88666565227,9737.55098856608,1692.0503999155362,7883.836265736734,-424.1133343477304,61,0,3
2026-02-03T19:01:00.529715,60,9575.571904766277,9743.353010801837,1637.904787118239,7937.667117648039,-424.42809523372307,62,0,3
2026-02-03T19:02:17.110665,61,9555.711290702164,9715.656241318997,1637.904787118239,7917.806503583925,-444.28870929783625,62,0,3
2026-02-03T19:03:30.175595,62,9569.118002577907,9731.26371390734,1637.904787118239,7931.2132154596675,-430.88199742209326,62,0,3
2026-02-03T19:04:44.632600,63,9583.938716924875,9747.280933659707,1637.904787118239,7946.033929806636,-416.0612830751252,62,0,3
2026-02-03T19:05:57.480304,64,9585.595002302722,9748.315729505153,1637.904787118239,7947.690215184482,-414.4049976972783,62,0,3
2026-02-03T19:07:10.041558,65,9617.844298423259,9789.517728846518,1637.904787118239,7979.93951130502,-382.1557015767412,62,0,3
2026-02-03T19:08:22.549091,66,9658.077985826329,9813.572269149072,1872.8069539700791,7785.2710318562495,-341.9220141736714,63,1,3
2026-02-03T19:09:36.041264,67,9674.455270761968,9825.852753158113,2007.4841962984674,7666.9710744635,-325.54472923803223,64,2,3
2026-02-03T19:10:49.160608,68,9724.968953416603,9879.489349994605,2084.699148566743,7640.2698048498605,-275.03104658339726,65,3,3
2026-02-03T19:12:02.301802,69,9789.813195746523,9930.865464102068,2580.5971517799867,7209.216043966536,-210.18680425347702,67,5,3
2026-02-03T19:13:15.161021,70,9804.919087878494,9951.72067746076,2676.925066558148,7127.994021320345,-195.08091212150612,68,6,3
2026-02-03T19:14:33.436469,71,9821.445736970605,9971.992620736026,2697.5025962900277,7123.943140680578,-178.55426302939486,69,7,3
2026-02-03T19:15:45.962760,72,9831.213108892964,9986.806058017964,2701.8939399437195,7129.319168949244,-168.78689110703635,70,8,3
2026-02-03T19:16:58.676968,73,9820.495247908177,9970.204646880924,2702.830759923174,7117.664487985004,-179.50475209182332,71,8,4
2026-02-03T19:18:13.982789,74,9837.152270175724,9999.728541169767,2702.830759923174,7134.321510252549,-162.84772982427603,71,8,4
2026-02-03T19:19:26.922051,75,9864.193577169704,10033.88178874228,2702.830759923174,7161.3628172465305,-135.80642283029556,71,8,4
2026-02-03T19:20:39.734551,76,9896.803532893808,10074.595938579727,2703.0314849506094,7193.772047943198,-103.19646710619236,72,9,4
2026-02-03T19:21:55.780979,77,9881.627836761214,10052.363929867002,2703.0743205683348,7178.55351619288,-118.37216323878602,73,9,5
2026-02-03T19:23:08.304097,78,9867.233298393032,10017.173402034728,2703.0743205683348,7164.158977824698,-132.76670160696813,73,9,5
2026-02-03T19:24:21.399881,79,9856.976742092744,10013.452318161018,2703.0743205683348,7153.902421524409,-143.02325790725627,73,9,5
2026-02-03T19:25:34.726523,80,9846.211222013015,9997.126256084211,2703.0743205683348,7143.136901444679,-153.78877798698522,73,9,5
2026-02-03T19:26:51.681875,81,9835.19175219355,9984.617634562934,2703.0743205683348,7132.117431625216,-164.8082478064498,73,9,5
2026-02-03T19:28:05.328110,82,9841.192615721111,9999.868361367744,2703.0743205683348,7138.118295152776,-158.807384278889,73,9,5
2026-02-03T19:29:19.321834,83,9868.371916365035,10031.857884765577,2703.0743205683348,7165.297595796699,-131.62808363496515,73,9,5
2026-02-03T19:30:31.896873,84,9881.596344913147,10046.338044051421,2703.0743205683348,7178.522024344812,-118.40365508685318,73,9,5
2026-02-03T19:31:44.450123,85,9890.854476957586,10052.840305491462,2703.0743205683348,7187.780156389252,-109.14552304241442,73,9,5
2026-02-03T19:32:57.236194,86,9930.941426255891,10104.655513674074,2703.0743205683348,7227.867105687556,-69.0585737441088,73,9,5
2026-02-03T19:34:09.668985,87,9935.118012835492,10114.068050318354,2703.0743205683348,7232.043692267157,-64.88198716450825,73,9,5
2026-02-03T19:35:22.546769,88,9922.25695372092,10091.863937642482,2703.0743205683348,7219.1826331525845,-77.74304627907986,73,9,5
2026-02-03T19:36:35.978789,89,9907.340902874887,10080.736102451983,2703.0743205683348,7204.266582306551,-92.65909712511348,73,9,5
2026-02-03T19:37:49.366520,90,9899.446051828932,10069.65137372514,2703.0743205683348,7196.371731260598,-100.55394817106753,73,9,5
2026-02-03T19:39:06.563280,91,9918.128222414056,10094.94396307138,2703.0743205683348,7215.053901845721,-81.87177758594407,73,9,5
2026-02-03T19:40:19.830294,92,9913.562066392307,10076.293027422946,2703.0743205683348,7210.487745823972,-86.43793360769268,73,9,5
2026-02-03T19:41:32.836342,93,9904.098186131287,10084.083659812415,2591.34724865151,7312.750937479776,-95.90181386871336,74,9,5
2026-02-03T19:42:45.777752,94,9913.453941849082,10096.766567984754,2591.34724865151,7322.106693197572,-86.54605815091782,74,9,5
2026-02-03T19:43:59.196018,95,9901.912271526395,10071.714850944458,2591.34724865151,7310.5650228748855,-98.08772847360524,74,9,5
2026-02-03T19:45:12.656134,96,9924.17527083326,10072.237366911075,3678.6156375296396,6245.55963330362,-75.82472916673942,78,12,6
2026-02-03T19:46:26.526403,97,9928.275395721905,10061.500762732783,4024.4054285745738,5903.869967147331,-71.72460427809528,82,13,9
2026-02-03T19:47:39.700578,98,9919.148186259778,10044.423589970622,4032.152972542146,5886.9952137176315,-80.8518137402225,84,13,11
2026-02-03T19:48:54.487469,99,9909.78274016542,10033.539067147656,4032.152972542146,5877.629767623273,-90.21725983458055,84,13,11
2026-02-03T19:50:08.759612,100,9910.912599669937,10036.837551672515,4032.152972542146,5878.75962712779,-89.08740033006325,84,13,11
2026-02-03T19:51:26.099968,101,9929.915643263761,10070.286815180729,4032.152972542146,5897.762670721616,-70.08435673623899,84,13,11
2026-02-03T19:52:38.566675,102,9921.872941779606,10044.47942287765,4032.152972542146,5889.719969237459,-78.12705822039425,84,13,11
2026-02-03T19:53:51.415328,103,9919.156158065038,10054.560612690151,4032.152972542146,5887.003185522893,-80.84384193496226,84,13,11
2026-02-03T19:55:04.703338,104,9926.027045669613,10063.813039535167,4032.152972542146,5893.874073127466,-73.97295433038744,84,13,11
2026-02-03T19:56:17.887919,105,9933.5715486476,10090.150610798646,4032.152972542146,5901.418576105453,-66.42845135239986,84,13,11
2026-02-03T19:57:31.228023,106,9932.86178114926,10095.156918940076,3713.40447856732,6219.457302581941,-67.13821885073958,87,13,11
2026-02-03T19:58:44.302441,107,9928.282515613371,10096.3988700133,3377.1746826559393,6551.107832957432,-71.71748438662871,89,13,11
2026-02-03T19:59:56.858003,108,9922.692011235335,10092.81415050161,3237.584795772827,6685.107215462507,-77.30798876466542,90,13,11
2026-02-03T20:01:09.223447,109,9919.28096619348,10090.714926381028,3103.764624214217,6815.516341979264,-80.71903380651929,91,13,11
2026-02-03T20:02:21.770031,110,9914.302874540268,10088.506440177556,2844.744418261191,7069.558456279077,-85.69712545973198,95,13,11
2026-02-03T20:03:40.098709,111,9904.883098159537,10061.56489678996,2708.073527716306,7196.809570443231,-95.11690184046347,98,13,11
2026-02-03T20:04:53.097007,112,9893.13129813741,10045.968667183966,2695.43585125363,7197.695446883781,-106.86870186258966,99,13,11
2026-02-03T20:06:06.773413,113,9870.399660679448,10024.454763740683,2681.9770759331873,7188.422584746261,-129.60033932055194,101,13,11
2026-02-03T20:07:19.898295,114,9861.619143832404,10020.183626204087,2681.2443657730155,7180.3747780593885,-138.380856167596,102,13,11
2026-02-03T20:08:32.675539,115,9852.269726061453,10011.72712758138,2681.2443657730155,7171.025360288438,-147.73027393854682,102,13,11
2026-02-03T20:09:45.066940,116,9848.0406434719,10009.588518819455,2681.2443657730155,7166.796277698884,-151.9593565280993,102,13,11
2026-02-03T20:10:58.223480,117,9852.80952019315,10010.197641831533,2681.2443657730155,7171.565154420134,-147.1904798068499,102,13,11
2026-02-03T20:12:11.415984,118,9857.147160287746,10020.88967581938,2681.2443657730155,7175.902794514732,-142.85283971225363,102,13,11
2026-02-03T20:13:24.285157,119,9856.514854868423,10019.804797329129,2606.169523531371,7250.345331337053,-143.48514513157716,103,13,11
2026-02-03T20:14:36.701502,120,9853.593280415878,10011.37618075987,2533.1967768724926,7320.396503543386,-146.40671958412167,104,13,11
2026-02-03T20:15:53.988339,121,9855.156497536667,10007.175648228573,2462.2672671200626,7392.889230416606,-144.8435024633327,105,13,11
2026-02-03T20:17:06.653748,122,9859.010062262485,10020.749934916053,2393.3237836407006,7465.686278621784,-140.989937737515,106,13,11
2026-02-03T20:18:20.158426,123,9864.855624583506,10042.735918925415,2326.310717698761,7538.544906884746,-135.14437541649386,107,13,11
2026-02-03T20:19:33.175536,124,9912.214209340085,10094.209130567038,2261.174017603196,7651.040191736889,-87.78579065991471,108,13,11
2026-02-03T20:20:45.376091,125,9907.243464657637,10098.985068946782,2197.861145110306,7709.382319547331,-92.75653534236335,109,13,11
2026-02-03T20:21:58.912912,126,9900.114041489174,10073.887354718614,2197.861145110306,7702.252896378869,-99.88595851082573,109,13,11
2026-02-03T20:23:12.058338,127,9894.55495198775,10077.773962439074,2197.7173769272013,7696.837575060548,-105.44504801225048,110,13,11
2026-02-03T20:24:24.839673,128,9929.246528466683,10125.208755904912,2197.7173769272013,7731.529151539483,-70.75347153331677,110,13,11
2026-02-03T20:25:37.146326,129,9941.037897412663,10145.9092629887,2106.2747523080143,7834.763145104649,-58.96210258733663,112,13,11
2026-02-03T20:26:50.079154,130,9949.413623939821,10155.271374596517,1981.9720470459345,7967.441576893887,-50.586376060178736,116,13,11
2026-02-03T20:28:07.600771,131,9999.594838667368,10205.175925399299,1972.61217366215,8026.982665005218,-0.4051613326319057,118,13,11
2026-02-03T20:29:20.139777,132,9995.283023589556,10194.195065765616,1972.5176471881289,8022.765376401427,-4.716976410443749,119,13,11
2026-02-03T20:30:32.742299,133,9992.24208705672,10204.691368352067,1972.5176471881289,8019.724439868591,-7.7579129432797345,119,13,11
2026-02-03T20:31:46.006258,134,10105.904542556276,10340.01794293708,1971.222153860236,8134.682388696041,105.90454255627628,120,13,11
2026-02-03T20:32:59.474692,135,10118.301926291682,10340.746701879674,1933.002022343263,8185.299903948419,118.30192629168232,124,13,11
2026-02-03T20:34:12.110831,136,10098.30071539058,10320.481393155198,1904.5505258698333,8193.750189520746,98.30071539058008,126,13,11
2026-02-03T20:35:24.988476,137,10111.721790053474,10332.937272623189,1876.9327345244326,8234.789055529041,111.72179005347425,128,13,11
2026-02-03T20:36:38.924881,138,10116.082422579884,10344.481446112663,1850.6556762410905,8265.426746338793,116.08242257988422,129,13,11
2026-02-03T20:37:51.709871,139,10111.855025394465,10323.049278651479,1850.2459836168268,8261.609041777638,111.85502539446497,130,13,11
2026-02-03T20:39:05.068101,140,10146.714139123795,10364.65824504322,1850.2459836168268,8296.468155506967,146.71413912379467,130,13,11
2026-02-03T20:40:22.280238,141,10158.992847639702,10380.667033390087,1850.2459836168268,8308.746864022874,158.99284763970172,130,13,11
2026-02-03T20:41:35.919132,142,10143.380198907764,10355.14071188976,1850.2459836168268,8293.134215290936,143.38019890776377,130,13,11
2026-02-03T20:42:48.444409,143,10147.812909049233,10362.85010619642,1850.2459836168268,8297.566925432406,147.81290904923299,130,13,11
2026-02-03T20:44:01.120812,144,10150.936610249893,10360.376844880193,1850.2459836168268,8300.690626633066,150.93661024989342,130,13,11
2026-02-03T20:45:14.199152,145,10132.627566409463,10344.553234416022,1850.2459836168268,8282.381582792636,132.62756640946282,130,13,11
2026-02-03T20:46:27.137833,146,10171.551571684251,10396.347706640645,1850.2459836168268,8321.305588067424,171.55157168425103,130,13,11
2026-02-03T20:47:40.690292,147,10148.582850764313,10365.925504873821,1850.2459836168268,8298.336867147485,148.58285076431275,130,13,11
2026-02-03T20:48:53.353635,148,10124.043442409846,10332.395054302278,1850.2463977072246,8273.797044702622,124.04344240984574,131,13,12
2026-02-03T20:50:07.854288,149,10123.369012328518,10334.749323619699,1850.2463977072246,8273.122614621294,123.36901232851778,131,13,12
2026-02-03T20:51:21.081534,150,10136.023740613226,10353.510624603097,1850.2463977072246,8285.777342906002,136.02374061322553,131,13,12
2026-02-03T20:52:37.853005,151,10142.8832653473,10343.487424923738,1850.2463977072246,8292.636867640076,142.88326534730004,131,13,12
2026-02-03T20:53:50.109672,152,10143.245669744236,10349.875662338949,1850.2463977072246,8292.999272037012,143.24566974423578,131,13,12
2026-02-03T20:55:03.825325,153,10145.336414500789,10355.87409912849,1850.2463977072246,8295.090016793565,145.33641450078903,131,13,12
2026-02-03T20:56:15.978932,154,10147.417950214767,10360.089428370038,1850.2463977072246,8297.171552507543,147.4179502147672,131,13,12
2026-02-03T20:57:28.858015,155,10143.76551758354,10352.1221023146,1850.2463977072246,8293.519119876317,143.7655175835407,131,13,12
2026-02-03T20:58:40.919568,156,10133.965187384752,10341.377631938312,1850.2463977072246,8283.718789677529,133.96518738475243,131,13,12
2026-02-03T20:59:53.644644,157,10140.536600456255,10359.764767483595,1850.2463977072246,8290.29020274903,140.53660045625475,131,13,12
2026-02-03T21:01:07.301803,158,10149.716234137835,10366.18803515871,1850.2463977072246,8299.469836430611,149.71623413783527,131,13,12
2026-02-03T21:02:21.288411,159,10151.002272311689,10378.750152390236,1850.2463977072246,8300.755874604465,151.002272311689,131,13,12
2026-02-03T21:03:33.273301,160,10151.763727866039,10384.671864222302,1850.2463977072246,8301.517330158815,151.7637278660386,131,13,12
2026-02-03T21:04:51.576895,161,10177.170998080011,10408.863756953142,1850.2463977072246,8326.924600372788,177.1709980800115,131,13,12
2026-02-03T21:06:04.894384,162,10187.092848997214,10409.014548462863,1909.5520714330487,8277.540777564165,187.09284899721388,132,13,13
2026-02-03T21:07:17.758829,163,10186.678651097378,10408.376559329354,1942.4538278131147,8244.224823284263,186.67865109737795,133,13,14
2026-02-03T21:08:32.140128,164,10160.505534302303,10394.70717506103,1946.4101374726008,8214.095396829702,160.5055343023032,134,13,15
2026-02-03T21:09:45.834252,165,10173.881594625447,10417.5310521913,1946.4101374726008,8227.471457152846,173.88159462544718,134,13,15
2026-02-03T21:10:58.688915,166,10187.968351597774,10429.905204684506,1946.4101374726008,8241.558214125173,187.96835159777402,134,13,15
2026-02-03T21:12:39.366679,167,10170.10427063382,10412.00333357311,1946.4101374726008,8223.694133161218,170.1042706338194,134,13,15
2026-02-03T21:13:52.776778,168,10152.31313147789,10391.047300780603,1946.4101374726008,8205.902994005288,152.31313147788933,134,13,15
2026-02-03T21:15:07.391001,169,10154.69805539898,10396.513069572648,1946.4101374726008,8208.287917926378,154.6980553989797,134,13,15
2026-02-03T21:16:20.398223,170,10157.157119953215,10394.124461687374,1946.4101374726008,8210.746982480614,157.15711995321544,134,13,15
2026-02-03T21:17:39.397534,171,10124.74198277597,10360.995310519242,1946.4101374726008,8178.331845303369,124.74198277596952,134,13,15
2026-02-03T21:18:52.030729,172,10109.830964581897,10346.325343279044,1946.4101374726008,8163.420827109296,109.8309645818972,134,13,15
2026-02-03T21:20:06.136376,173,10102.53142870489,10340.178172474929,1946.8849832963444,8155.646445408544,102.53142870488955,136,13,17
2026-02-03T21:21:36.009588,174,10095.972541789923,10331.197111050447,1946.9248311810472,8149.047710608876,95.97254178992262,138,13,19
2026-02-03T21:22:48.356874,175,10096.624191981115,10334.934451751356,1946.9248352337695,8149.699356747345,96.62419198111456,139,13,20
2026-02-03T21:24:14.952558,176,10096.467976569093,10336.476539713509,1946.9248352337695,8149.5431413353235,96.46797656909257,139,13,20
2026-02-03T21:25:27.155597,177,10097.131614220549,10344.05602516105,1946.9248352337695,8150.206778986779,97.13161422054873,139,13,20
2026-02-03T21:26:39.757681,178,10095.610949589407,10343.07975795074,1946.9248352337695,8148.686114355637,95.61094958940703,139,13,20
2026-02-03T21:27:52.095842,179,10092.809101774004,10326.331687710783,1946.9248352337695,8145.884266540235,92.80910177400438,139,13,20
2026-02-03T21:29:12.891432,180,10092.491880330477,10325.725213298461,1946.9248352337695,8145.567045096707,92.49188033047722,139,13,20
2026-02-03T21:30:29.903161,181,10072.077121117034,10314.737834208467,1946.9248352337695,8125.152285883265,72.07712111703404,139,13,20
2026-02-03T21:31:44.255107,182,10076.072389766183,10324.242450401787,1946.9248352337695,8129.147554532414,76.07238976618282,139,13,20
2026-02-03T21:32:57.712475,183,10071.089139259071,10318.710684685337,1946.9248352337695,8124.164304025302,71.08913925907109,139,13,20
2026-02-03T21:34:10.073444,184,10066.414131348349,10316.234922422738,1946.9248352337695,8119.48929611458,66.41413134834875,139,13,20
2026-02-03T21:35:22.500922,185,10067.153514526994,10313.104110562432,1946.9248352337695,8120.228679293224,67.1535145269936,139,13,20
2026-02-03T21:36:34.804363,186,10057.645791080919,10303.496873556582,1946.9248352337695,8110.720955847149,57.64579108091857,139,13,20
2026-02-03T21:37:48.446460,187,10049.25699092255,10293.210143546818,1946.9248352337695,8102.3321556887795,49.25699092254945,139,13,20
2026-02-03T21:39:02.490019,188,10039.3816641152,10272.480771028166,1946.9248352337695,8092.456828881431,39.38166411520069,139,13,20
2026-02-03T21:40:15.895897,189,10040.337489903832,10275.622426754699,1944.923152656751,8095.414337247082,40.33748990383174,140,13,20
2026-02-03T21:41:28.603973,190,10040.311595161606,10278.306264251383,1944.923152656751,8095.388442504855,40.31159516160551,140,13,20
2026-02-03T21:42:45.199981,191,10043.290705088883,10281.256357809802,1931.9751509217974,8111.315554167085,43.29070508888253,142,13,20
2026-02-03T21:44:10.963152,192,10043.015993446837,10282.781427418398,1928.111200619954,8114.904792826883,43.015993446837456,143,13,20
2026-02-03T21:45:23.282865,193,10043.53184060038,10286.049301810299,1928.111200619954,8115.420639980426,43.53184060038075,143,13,20
2026-02-03T21:46:35.502605,194,10041.581843316852,10276.825223381122,1928.111200619954,8113.470642696898,41.58184331685152,143,13,20
2026-02-03T21:48:27.633290,195,10023.847781615385,10264.850300068067,1928.111200619954,8095.736580995431,23.84778161538452,143,13,20
2026-02-03T21:49:40.460716,196,10023.742462667924,10257.329201906174,1928.1112014842477,8095.6312611836765,23.742462667923974,144,13,21
2026-02-03T21:50:53.769477,197,10023.1002656763,10252.472892457834,1928.1112016686302,8094.989064007669,23.100265676299387,145,13,22
2026-02-03T21:52:06.186088,198,10023.66672864641,10253.738415436204,1928.1112016686302,8095.555526977781,23.666728646410775,145,13,22
2026-02-03T21:53:19.558103,199,10024.21984769034,10256.214599688803,1928.1112016686302,8096.108646021709,24.21984769033952,145,13,22
2026-02-03T21:54:32.017063,200,10015.899099525239,10243.33639402383,1928.1112016686302,8087.787897856608,15.899099525238853,145,13,22
2026-02-03T21:55:48.981695,201,10004.7355089833,10241.29505950515,1928.1112016686302,8076.624307314671,4.735508983299951,145,13,22
2026-02-03T21:57:01.568440,202,10009.430844765779,10252.915085684415,1928.1112016686302,8081.3196430971475,9.430844765778602,145,13,22
2026-02-03T21:58:13.936770,203,10008.312942980134,10247.339675149455,1928.1112016686302,8080.2017413115045,8.312942980133812,145,13,22
2026-02-03T21:59:25.754476,204,10008.057646641435,10247.230857789487,1928.1112016686302,8079.946444972806,8.057646641434985,145,13,22
2026-02-03T22:00:38.548015,205,10009.765715861504,10245.593946803478,1928.1112016686302,8081.654514192875,9.76571586150385,145,13,22
2026-02-03T22:01:52.218724,206,10008.543718705263,10242.717225752054,1928.1112016686302,8080.432517036634,8.543718705263018,145,13,22
2026-02-03T22:03:04.904661,207,10006.84337002959,10235.226890343554,1928.1112016686302,8078.73216836096,6.843370029590005,145,13,22
2026-02-03T22:04:17.108374,208,10006.878081106313,10234.57643223713,1927.5852490194598,8079.292832086853,6.878081106313402,146,13,22
2026-02-03T22:05:29.484628,209,9999.158028273177,10228.913952492678,1843.1859702682457,8155.972058004932,-0.8419717268225213,149,13,22
2026-02-03T22:06:41.896571,210,9988.036147330182,10211.481773081894,1817.3813666844903,8170.654780645691,-11.963852669818152,150,13,22
2026-02-03T22:07:59.086041,211,9982.605600196328,10192.73477591123,1817.3813666844903,8165.224233511838,-17.39439980367206,150,13,22
2026-02-03T22:09:12.447665,212,9954.851658000494,10170.647835836022,1817.3813666844903,8137.470291316004,-45.14834199950565,150,13,22
2026-02-03T22:10:24.484790,213,9953.272608522788,10170.056560319528,1817.3813666844903,8135.891241838297,-46.72739147721222,150,13,22
2026-02-03T22:11:36.646767,214,9954.446965326468,10172.054441676075,1817.3813666844903,8137.065598641977,-45.55303467353224,150,13,22
2026-02-03T22:12:49.634930,215,9979.939153228517,10193.814603590574,1817.3813666844903,8162.557786544026,-20.06084677148283,150,13,22
2026-02-03T22:14:02.187397,216,9973.01258536754,10183.158592278756,1817.3813666844903,8155.631218683049,-26.98741463246006,150,13,22
2026-02-03T22:15:15.556280,217,9971.465617619539,10178.247137029495,1665.297565533193,8306.168052086347,-28.534382380461466,156,13,22
2026-02-03T22:16:27.836770,218,9958.977095561104,10160.035584210682,1582.1206037327859,8376.856491828317,-41.02290443889615,160,13,22
2026-02-03T22:17:46.793622,219,9940.868100445377,10147.016587450464,1576.1017705978272,8364.76632984755,-59.13189955462258,161,13,22
2026-02-03T22:19:00.081778,220,9935.653385242054,10157.77984312926,1528.8187174798925,8406.834667762161,-64.34661475794564,162,13,22
2026-02-03T22:20:17.924962,221,9956.958008921167,10176.112356846454,1479.9882476435846,8476.969761277582,-43.041991078833234,164,13,22
2026-02-03T22:21:30.717761,222,9971.650162155805,10200.573018271294,1456.3498753522213,8515.300286803584,-28.349837844194553,166,13,22
2026-02-03T22:22:44.165152,223,9974.295416736299,10189.41361105488,1433.0890551430957,8541.206361593202,-25.704583263701352,168,13,22
2026-02-03T22:23:56.957148,224,9965.979643342256,10175.408540782271,1403.6188245561632,8562.360818786094,-34.02035665774383,171,13,22
2026-02-03T22:25:09.623362,225,9963.97956571956,10174.228789322344,1403.6188245561632,8560.360741163397,-36.020434280440895,171,13,22
2026-02-03T22:26:21.909851,226,9969.427252526124,10187.218677700723,1403.6188245561632,8565.808427969961,-30.572747473876007,171,13,22
2026-02-03T22:27:34.361141,227,9970.842770790146,10187.405621496908,1403.6188245561632,8567.223946233984,-29.15722920985354,171,13,22
2026-02-03T22:28:46.960955,228,9972.107272633932,10190.577512718171,1403.6188245561632,8568.48844807777,-27.892727366068357,171,13,22
2026-02-03T22:29:59.659105,229,9971.898506900832,10192.358665387128,1403.6188245561632,8568.27968234467,-28.101493099167783,171,13,22
2026-02-03T22:31:12.440364,230,9974.513886692872,10199.748362015338,1403.6188245561632,8570.89506213671,-25.486113307128107,171,13,22
2026-02-03T22:32:30.608982,231,9973.997878199492,10198.508792809214,1403.6188245561632,8570.37905364333,-26.002121800507666,171,13,22
2026-02-03T22:33:43.866782,232,9970.64080615267,10187.548814099184,1403.6188245561632,8567.021981596508,-29.359193847329152,171,13,22
2026-02-03T22:34:56.533084,233,9972.175729897395,10190.067356858173,1403.6188245561632,8568.556905341233,-27.824270102604714,171,13,22
2026-02-03T22:36:08.671215,234,9972.820564450549,10191.06937035505,1403.6188245561632,8569.201739894386,-27.179435549451227,171,13,22
2026-02-03T22:37:21.371365,235,9987.067576927106,10210.02121082746,1403.6188245561632,8583.448752370943,-12.93242307289438,171,13,22
2026-02-03T22:38:34.379629,236,9986.205028757895,10206.500331061607,1403.6188245561632,8582.586204201732,-13.79497124210502,171,13,22
2026-02-03T22:39:47.507448,237,9984.132610947556,10202.751922076153,1403.6188245561632,8580.513786391393,-15.867389052444196,171,13,22
2026-02-03T22:41:00.298330,238,9984.847205453672,10205.283584659006,1403.6188245561632,8581.22838089751,-15.152794546327641,171,13,22
2026-02-03T22:42:12.935489,239,9981.023050917289,10189.590619405166,1403.6188245561632,8577.404226361126,-18.976949082711144,171,13,22
2026-02-03T22:43:25.190583,240,9979.8761081659,10186.548878935011,1403.6188245561632,8576.257283609737,-20.123891834100505,171,13,22
2026-02-03T22:44:42.231477,241,9980.625088745926,10185.083483892775,1449.064643291197,8531.56044545473,-19.374911254073595,172,13,23
2026-02-03T22:45:54.340192,242,9976.79107058329,10176.270903754892,1458.759751288004,8518.031319295285,-23.208929416710816,173,13,24
2026-02-03T22:47:06.450280,243,9936.959421079759,10136.7215417336,1458.759751288004,8478.199669791755,-63.04057892024139,173,13,24
2026-02-03T22:48:18.921942,244,9936.267524929535,10133.149552797217,1458.759751288004,8477.507773641531,-63.732475070464716,173,13,24
2026-02-03T22:49:32.809216,245,9921.314167441267,10111.086275433983,1458.759751288004,8462.554416153263,-78.68583255873273,173,13,24
2026-02-03T22:50:45.266781,246,9904.332745930897,10099.356461324121,1458.759751288004,8445.572994642893,-95.66725406910336,173,13,24
2026-02-03T22:51:58.696530,247,9906.755017412333,10105.631507999748,1455.842231785428,8450.912785626906,-93.24498258766653,174,13,24
2026-02-03T22:53:11.485499,248,9906.89518706343,10103.472520468105,1452.9305473218571,8453.964639741573,-93.10481293656994,175,13,24
2026-02-03T22:54:24.326400,249,9918.13673687247,10112.829746588852,1452.9305473218571,8465.206189550612,-81.86326312753044,175,13,24
2026-02-03T22:55:36.942865,250,9926.611533509542,10122.46024731727,1452.9305473218571,8473.680986187685,-73.38846649045809,175,13,24
2026-02-03T22:56:55.444719,251,9914.593705646119,10111.568189020114,1452.9305473218571,8461.663158324262,-85.4062943538811,175,13,24
2026-02-03T22:58:08.015288,252,9909.661581665237,10112.82838549102,1450.0246862272134,8459.636895438023,-90.33841833476254,176,13,24
2026-02-03T22:59:20.414395,253,9915.797366755756,10117.651746177244,1450.0246862272134,8465.772680528542,-84.20263324424377,176,13,24
2026-02-03T23:00:33.152893,254,9915.19844145585,10117.495064996205,1377.6000034364522,8537.598438019399,-84.80155854414988,180,13,24
2026-02-03T23:01:46.019954,255,9910.969333743473,10111.183619324991,1377.6000034364522,8533.369330307021,-89.03066625652718,180,13,24
2026-02-03T23:02:58.859663,256,9907.182701587833,10110.486708251048,1377.6000034364522,8529.582698151382,-92.81729841216656,180,13,24
2026-02-03T23:04:11.973060,257,9875.387725988106,10067.50935127047,1358.3136033883418,8517.074122599764,-124.61227401189353,181,13,24
2026-02-03T23:05:24.870294,258,9856.219513789,10053.273328542511,1358.3136033883418,8497.905910400657,-143.7804862110006,181,13,24
2026-02-03T23:06:37.067623,259,9857.731636637996,10051.545408745313,1358.3136033883418,8499.418033249654,-142.26836336200358,181,13,24
2026-02-03T23:07:49.659912,260,9852.051070690213,10046.263098299554,1358.3136033883418,8493.737467301871,-147.94892930978676,181,13,24
2026-02-03T23:09:06.413666,261,9853.839997063838,10050.98606999872,1358.3136033883418,8495.526393675496,-146.16000293616162,181,13,24
2026-02-03T23:10:19.409247,262,9881.909825474624,10083.844112854318,1358.3136033883418,8523.596222086282,-118.09017452537591,181,13,24
2026-02-03T23:11:31.736919,263,9885.589808885736,10107.70688275435,1358.3136033883418,8527.276205497394,-114.41019111426431,181,13,24
2026-02-03T23:12:44.544997,264,9883.428513866462,10101.234649818265,1358.3136033883418,8525.11491047812,-116.5714861335382,181,13,24
2026-02-03T23:13:57.042300,265,9883.834918222885,10102.543440981495,1358.3136033883418,8525.521314834543,-116.16508177711512,181,13,24
2026-02-03T23:15:11.183665,266,9885.33652616632,10109.783214624817,1358.3136033883418,8527.022922777978,-114.66347383367975,181,13,24
2026-02-03T23:16:24.198403,267,9885.680627644811,10112.116462289348,1358.3136033883418,8527.36702425647,-114.31937235518853,181,13,24
2026-02-03T23:17:37.410334,268,9899.43500683809,10106.454201628261,1358.3136033883418,8541.121403449748,-100.56499316191002,181,13,24
2026-02-03T23:18:49.536863,269,9897.292255756829,10098.913599459933,1358.3136033883418,8538.978652368487,-102.70774424317096,181,13,24
2026-02-03T23:20:03.141026,270,9898.790161901808,10104.283188669102,1357.221694909653,8541.568466992156,-101.20983809819154,182,13,24
2026-02-03T23:21:21.193258,271,9894.745462624163,10098.276136741613,1357.221694909653,8537.52376771451,-105.25453737583666,182,13,24
2026-02-03T23:22:34.744526,272,9891.668782587378,10093.647261044207,1357.221694909653,8534.447087677725,-108.33121741262221,182,13,24
2026-02-03T23:23:47.777052,273,9891.599202869396,10093.171019661395,1359.067994254134,8532.531208615263,-108.40079713060368,184,13,25
2026-02-03T23:25:00.377731,274,9893.144632999161,10102.703243395365,1359.067994254134,8534.076638745028,-106.85536700083867,184,13,25
2026-02-03T23:26:12.671884,275,9903.052684784712,10112.770032092752,1359.067994254134,8543.984690530579,-96.94731521528774,184,13,25
2026-02-03T23:27:26.016295,276,9904.662065598808,10122.0410410433,1359.067994254134,8545.594071344674,-95.33793440119189,184,13,25
2026-02-03T23:28:39.954562,277,9895.287039264047,10107.69035179111,1359.067994254134,8536.219045009913,-104.71296073595295,184,13,25
2026-02-03T23:29:53.475035,278,9888.76089010279,10099.493050176176,1359.067994254134,8529.692895848657,-111.23910989720935,184,13,25
2026-02-03T23:31:05.808006,279,9887.316122410448,10090.091979309347,1359.067994254134,8528.248128156314,-112.68387758955214,184,13,25
2026-02-03T23:32:18.949077,280,9883.586338659945,10090.828562786643,1359.067994254134,8524.518344405811,-116.41366134005511,184,13,25
2026-02-03T23:33:35.970408,281,9885.981138375226,10097.740271263528,1359.067994254134,8526.913144121092,-114.01886162477422,184,13,25
2026-02-03T23:34:48.371609,282,9886.397544236568,10100.141727063487,1359.067994254134,8527.329549982434,-113.60245576343186,184,13,25
2026-02-03T23:36:01.955157,283,9889.691264899724,10103.829587845823,1359.067994254134,8530.62327064559,-110.30873510027595,184,13,25
2026-02-03T23:37:14.281602,284,9889.263811220902,10102.016524753617,1359.067994254134,8530.195816966769,-110.73618877909757,184,13,25
2026-02-03T23:38:27.301926,285,9891.136554100887,10107.377808072733,1359.067994254134,8532.068559846753,-108.86344589911278,184,13,25
2026-02-03T23:39:41.018064,286,9893.631680965898,10116.621175752147,1359.067994254134,8534.563686711765,-106.36831903410166,184,13,25
2026-02-03T23:40:53.373290,287,9900.358610370733,10120.643857717912,1359.067994254134,8541.2906161166,-99.641389629267,184,13,25
2026-02-03T23:42:06.005393,288,9899.11402694827,10115.93083731594,1359.067994254134,8540.046032694136,-100.88597305173062,184,13,25
2026-02-03T23:43:18.558406,289,9896.075814171827,10107.29007688518,1359.067994254134,8537.007819917693,-103.924185828173,184,13,25
2026-02-03T23:44:30.696460,290,9888.869917662867,10096.942545557537,1359.067994254134,8529.801923408733,-111.13008233713299,184,13,25
2026-02-03T23:45:48.724160,291,9887.838514891217,10095.389849168341,1359.067994254134,8528.770520637083,-112.16148510878338,184,13,25
2026-02-03T23:47:01.785271,292,9848.22697027934,10046.195618934125,1359.067994254134,8489.158976025206,-151.7730297206599,184,13,25
2026-02-03T23:48:14.666853,293,9850.6804499456,10046.97178893892,1359.067994254134,8491.612455691466,-149.31955005440068,184,13,25
2026-02-03T23:49:26.994419,294,9854.39380650571,10058.355484470105,1359.067994254134,8495.325812251576,-145.60619349428998,184,13,25
2026-02-03T23:50:40.970860,295,9854.622423220371,10064.779288525033,1315.5778184380017,8539.04460478237,-145.37757677962873,185,13,25
2026-02-03T23:51:53.564723,296,9855.785262401227,10073.38890473028,1273.4793282479857,8582.30593415324,-144.21473759877335,186,13,25
2026-02-03T23:53:05.863935,297,9865.448210523646,10080.710671148343,1273.4793282479857,8591.96888227566,-134.55178947635432,186,13,25
2026-02-03T23:54:17.956920,298,9868.208114604198,10072.917744327013,1341.6616802685292,8526.546434335669,-131.79188539580173,187,13,26
2026-02-03T23:55:30.588894,299,9869.350642855517,10074.488352120412,1341.6616802685292,8527.688962586988,-130.64935714448256,187,13,26
2026-02-03T23:56:43.845521,300,9870.991156634318,10072.814920995861,1356.2072486995785,8514.78390793474,-129.00884336568197,188,13,27
2026-02-03T23:58:00.583928,301,9875.912082309342,10079.884780738326,1356.2072486995785,8519.704833609763,-124.08791769065829,188,13,27
2026-02-03T23:59:13.153417,302,9883.670804904086,10087.074708214728,1356.2072486995785,8527.463556204508,-116.32919509591375,188,13,27
2026-02-04T00:00:25.320235,303,9891.822502352945,10090.064868644333,1356.2072486995785,8535.615253653366,-108.17749764705513,188,13,27
2026-02-04T00:01:38.484543,304,9878.17079406127,10068.120278762513,1356.2072486995785,8521.963545361692,-121.8292059387295,188,13,27
2026-02-04T00:02:51.097278,305,9882.215483415488,10081.936010396174,1356.2072486995785,8526.00823471591,-117.78451658451195,188,13,27
2026-02-04T00:04:03.551406,306,9870.143099041345,10068.354316540266,1356.2224291955824,8513.920669845762,-129.8569009586554,189,13,28
2026-02-04T00:05:17.081058,307,9872.883941271639,10071.240104902625,1356.2224291955824,8516.661512076056,-127.11605872836117,189,13,28
2026-02-04T00:06:30.049751,308,9873.613744759292,10073.12396820403,1356.2224291955824,8517.39131556371,-126.38625524070812,189,13,28
2026-02-04T00:07:42.486950,309,9872.996065851172,10070.771822916737,1356.2224291955824,8516.77363665559,-127.0039341488282,189,13,28
2026-02-04T00:08:55.172486,310,9872.304930093607,10068.987358967594,1356.2224291955824,8516.082500898025,-127.69506990639275,189,13,28
2026-02-04T00:10:12.117022,311,9873.090185676816,10069.021499654014,1356.2224291955824,8516.867756481233,-126.90981432318404,189,13,28
2026-02-04T00:11:24.498244,312,9870.961598488333,10068.772543817438,1356.2224291955824,8514.73916929275,-129.03840151166696,189,13,28
2026-02-04T00:12:37.368816,313,9870.974148623516,10069.938531571604,1356.2283111401487,8514.745837483368,-129.02585137648384,190,14,28
2026-02-04T00:13:50.799683,314,9867.2672109692,10064.97775924327,1356.2305854920476,8511.036625477152,-132.73278903080063,191,14,29
2026-02-04T00:15:04.290623,315,9864.29215479956,10058.362233116095,1356.2314649081152,8508.060689891445,-135.70784520044072,192,14,30
2026-02-04T00:16:16.681855,316,9867.213476321347,10067.60971082312,1356.2318049489947,8510.981671372352,-132.78652367865288,193,15,30
2026-02-04T00:17:28.785960,317,9879.86826209656,10085.580624492974,1356.2319365672972,8523.636325529262,-120.13173790344081,194,16,30
2026-02-04T00:18:42.570002,318,9881.172258892775,10086.937579840394,1356.2319874597074,8524.940271433068,-118.82774110722494,195,16,31
2026-02-04T00:19:56.876748,319,9881.989984769085,10091.882538201475,1356.232007138106,8525.75797763098,-118.01001523091509,196,17,31
2026-02-04T00:21:09.518803,320,9898.98894827066,10105.188400703772,1356.232007138106,8542.756941132555,-101.01105172933967,196,17,31
2026-02-04T00:22:28.059684,321,9904.36668044946,10108.09612361712,1355.8260465732938,8548.540633876168,-95.63331955053945,197,17,31
2026-02-04T00:23:40.476536,322,9905.199031619199,10113.164646346533,1355.8260465732938,8549.372985045906,-94.80096838080135,197,17,31
2026-02-04T00:24:53.509992,323,9917.185332181929,10120.188290346705,1355.8260465732938,8561.359285608634,-82.81466781807103,197,17,31
2026-02-04T00:26:05.824267,324,9921.453084010955,10126.599166509186,1355.8260465732938,8565.627037437662,-78.54691598904537,197,17,31
2026-02-04T00:27:18.426153,325,9920.948103641014,10123.269152098543,1355.8260465732938,8565.122057067721,-79.05189635898569,197,17,31
2026-02-04T00:28:31.841148,326,9919.81608666903,10121.11370793339,1355.8260465732938,8563.990040095738,-80.18391333096952,197,17,31
2026-02-04T00:29:44.993205,327,9922.639376144361,10123.61698015462,1355.8260465732938,8566.813329571067,-77.36062385563855,197,17,31
2026-02-04T00:30:58.823270,328,9926.755042435925,10132.013897682122,1355.8260465732938,8570.928995862632,-73.24495756407487,197,17,31
2026-02-04T00:32:13.038173,329,9923.516124226593,10128.866014043426,1355.8260465732938,8567.6900776533,-76.48387577340691,197,17,31
2026-02-04T00:33:25.161471,330,9938.780481956765,10145.50781154309,1355.8260465732938,8582.95443538347,-61.21951804323544,197,17,31
2026-02-04T00:34:42.058856,331,9939.322414027414,10150.708223673837,1355.8260465732938,8583.496367454121,-60.6775859725858,197,17,31
2026-02-04T00:35:55.863731,332,9947.191687085724,10162.891614087875,1355.8260465732938,8591.36564051243,-52.80831291427603,197,17,31
2026-02-04T00:37:09.154012,333,9946.240638469691,10160.827664890061,1355.8260465732938,8590.414591896399,-53.759361530308524,197,17,31
2026-02-04T00:38:21.312486,334,9958.31831758171,10166.51813313911,1355.8260465732938,8602.492271008416,-41.68168241828971,197,17,31
2026-02-04T00:39:33.897204,335,9962.599834606764,10168.421742125753,1355.8260465732938,8606.77378803347,-37.40016539323551,197,17,31
2026-02-04T00:40:46.818107,336,9961.514048216522,10168.390111231869,1355.8260465732938,8605.68800164323,-38.4859517834775,197,17,31
2026-02-04T00:41:59.220210,337,9963.284141675213,10170.90240579042,1355.8260465732938,8607.458095101918,-36.715858324787405,197,17,31
2026-02-04T00:43:11.575107,338,9964.450722918162,10170.551727679394,1355.8260465732938,8608.624676344867,-35.54927708183823,197,17,31
2026-02-04T00:44:24.468647,339,9954.106654168187,10161.87469973467,1355.8260465732938,8598.280607594892,-45.89334583181335,197,17,31
2026-02-04T00:45:37.647302,340,9948.988470108332,10157.097496181637,1355.8260465732938,8593.16242353504,-51.01152989166803,197,17,31
2026-02-04T00:46:54.586049,341,9946.15560421738,10152.448076733801,1355.8260465732938,8590.329557644087,-53.84439578262027,197,17,31
2026-02-04T00:48:06.815763,342,9950.581564572389,10160.028925714867,1355.8260465732938,8594.755517999096,-49.41843542761126,197,17,31
2026-02-04T00:49:20.464042,343,9954.092758760373,10165.699398497429,1355.8260465732938,8598.266712187078,-45.90724123962718,197,17,31
2026-02-04T00:50:33.647882,344,9955.44586700363,10167.287561637684,1355.8260465732938,8599.619820430336,-44.554132996370754,197,17,31
2026-02-04T00:51:47.768248,345,9949.79034632519,10155.442853440261,1355.8260465732938,8593.964299751897,-50.2096536748104,197,17,31
2026-02-04T00:53:00.331609,346,9951.77742579922,10160.117384289717,1355.8260465732938,8595.951379225926,-48.22257420077949,197,17,31
2026-02-04T00:54:12.977609,347,9951.249154009907,10158.16805703874,1355.8260465732938,8595.423107436613,-48.750845990092785,197,17,31
2026-02-04T00:55:26.269324,348,9946.641618894791,10143.865203344878,1355.8260465732938,8590.815572321497,-53.35838110520854,197,17,31
2026-02-04T00:56:38.519293,349,9944.563790243636,10141.096132015355,1355.8260465732938,8588.737743670341,-55.436209756364406,197,17,31
2026-02-04T00:57:51.050923,350,9939.379280608948,10133.842652597346,1355.8260465732938,8583.553234035653,-60.62071939105226,197,17,31
2026-02-04T00:59:08.181958,351,9940.08146865658,10131.189896402877,1355.8260465732938,8584.255422083286,-59.91853134342091,197,17,31
2026-02-04T01:00:21.155464,352,9938.085571573298,10136.84384273782,1355.8260465732938,8582.259525000003,-61.914428426702216,197,17,31
2026-02-04T01:01:33.689355,353,9955.705182770489,10161.562446956095,1355.8260465732938,8599.879136197194,-44.294817229510954,197,17,31
2026-02-04T01:02:46.691648,354,9964.963498141282,10174.359438026748,1355.8260465732938,8609.137451567989,-35.03650185871811,197,17,31
2026-02-04T01:04:00.323375,355,9989.429598212704,10213.217463044466,1349.4988583559518,8639.930739856753,-10.57040178729585,198,17,31
2026-02-04T01:05:12.970402,356,9991.637138573034,10221.108850597187,1349.4988583559518,8642.138280217083,-8.362861426965537,198,17,31
2026-02-04T01:06:25.958548,357,9988.16087820269,10210.354419606476,1349.4988583559518,8638.662019846739,-11.839121797309417,198,17,31
2026-02-04T01:07:38.346339,358,9984.607684449378,10196.876945865319,1349.4988583559518,8635.108826093427,-15.392315550621788,198,17,31
2026-02-04T01:08:51.982423,359,9984.550926426644,10207.375981087176,1349.4988583559518,8635.052068070692,-15.449073573356145,198,17,31
2026-02-04T01:10:05.565988,360,10010.02274110464,10221.903819308272,1349.4988583559518,8660.523882748688,10.022741104639863,198,17,31
2026-02-04T01:11:22.239481,361,10011.644134559498,10229.955212777071,1349.4988583559518,8662.145276203546,11.644134559497616,198,17,31
2026-02-04T01:12:35.425289,362,10024.156235177166,10244.06850738748,1349.4988583559518,8674.657376821215,24.15623517716631,198,17,31
2026-02-04T01:13:48.520127,363,10029.351819954238,10248.917752628506,1349.4988583559518,8679.852961598286,29.351819954237726,198,17,31
2026-02-04T01:15:01.885837,364,10031.179233245466,10251.771917744612,1349.4988583559518,8681.680374889514,31.179233245466094,198,17,31
2026-02-04T01:16:14.864766,365,10031.000804030129,10249.800006935973,1349.4988583559518,8681.501945674177,31.000804030129075,198,17,31
2026-02-04T01:17:27.518461,366,10031.40503374513,10253.983180006828,1349.4988583559518,8681.906175389178,31.405033745129913,198,17,31
2026-02-04T01:18:40.103078,367,10029.990940352998,10250.42608777104,1349.4988583559518,8680.492081997047,29.990940352998223,198,17,31
2026-02-04T01:19:52.295513,368,10027.880535486474,10248.787424025117,1349.4988583559518,8678.381677130523,27.8805354864744,198,17,31
2026-02-04T01:21:05.416371,369,10027.31767418934,10245.140882423579,1349.4988583559518,8677.818815833389,27.317674189340323,198,17,31
2026-02-04T01:22:18.428030,370,10023.958454431253,10244.678266798865,1349.4988583559518,8674.459596075301,23.958454431252903,198,17,31
2026-02-04T01:23:35.438480,371,10023.249836867253,10243.33370878764,1343.264087496372,8679.98574937088,23.24983686725318,199,17,31
2026-02-04T01:24:48.270039,372,10019.224601136844,10236.00955683408,1343.264087496372,8675.960513640472,19.224601136844285,199,17,31
2026-02-04T01:26:01.005662,373,10020.432124941743,10236.004253513178,1343.264087496372,8677.16803744537,20.432124941742586,199,17,31
2026-02-04T01:27:14.103941,374,10019.78954314128,10235.667989914165,1324.4583902714228,8695.331152869858,19.789543141279864,200,17,31
2026-02-04T01:28:26.721096,375,10023.580552299447,10243.825793194972,1324.4583902714228,8699.122162028025,23.580552299446936,200,17,31
2026-02-04T01:29:38.669669,376,10021.337635803719,10238.651408802803,1324.4583902714228,8696.879245532296,21.337635803718513,200,17,31
2026-02-04T01:30:52.719746,377,10021.195095542638,10234.90258780526,1324.4583902714228,8696.736705271216,21.195095542638228,200,17,31
2026-02-04T01:32:05.700663,378,10022.469006959549,10241.854189164458,1324.4583902714228,8698.010616688127,22.469006959549006,200,17,31
2026-02-04T01:33:18.563540,379,10028.113522019425,10257.983725403239,1324.4583902714228,8703.655131748003,28.113522019424636,200,17,31
2026-02-04T01:34:30.855236,380,10026.468928578852,10254.874230173005,1324.4583902714228,8702.01053830743,26.468928578851774,200,17,31
2026-02-04T01:35:48.758339,381,10028.34551409223,10260.688386891325,1324.4583902714228,8703.887123820808,28.345514092230587,200,17,31
2026-02-04T01:37:01.695846,382,10031.41775739167,10256.54178862157,1324.4583902714228,8706.959367120247,31.41775739166951,200,17,31
2026-02-04T01:38:14.745141,383,10031.439699226457,10260.025946658781,1324.4583902714228,8706.981308955035,31.43969922645738,200,17,31
2026-02-04T01:39:28.449503,384,10030.877655297856,10258.503572880443,1324.4583902714228,8706.419265026434,30.87765529785611,200,17,31
2026-02-04T01:40:41.495409,385,10031.23461382324,10260.499404353377,1324.4583902714228,8706.776223551818,31.23461382324058,200,17,31
2026-02-04T01:41:54.281678,386,10030.923858462398,10261.696674329938,1324.4583902714228,8706.465468190976,30.92385846239813,200,17,31
2026-02-04T01:43:06.935600,387,10034.927362618098,10263.7354364728,1324.4583902714228,8710.468972346676,34.927362618098414,200,17,31
2026-02-04T01:44:19.232700,388,10030.795786658373,10259.357704359743,1324.4583902714228,8706.33739638695,30.79578665837289,200,17,31
2026-02-04T01:45:32.370164,389,10028.326716176021,10251.67642732269,1324.4583902714228,8703.8683259046,28.326716176021364,200,17,31
2026-02-04T01:46:44.786831,390,10004.424645982986,10226.908604046617,1324.4583902714228,8679.966255711564,4.424645982986476,200,17,31
2026-02-04T01:48:01.382309,391,9998.19220627657,10221.2945113313,1324.4583902714228,8673.733816005148,-1.8077937234302226,200,17,31
2026-02-04T01:49:15.347216,392,9993.167735441875,10210.337856720393,1324.4583902714228,8668.709345170453,-6.832264558124734,200,17,31
2026-02-04T01:50:27.798931,393,9993.602043445924,10214.466111261221,1324.4583902714228,8669.143653174502,-6.39795655407579,200,17,31
2026-02-04T01:51:41.181427,394,9993.265286145594,10213.741912915344,1324.4583902714228,8668.806895874171,-6.734713854406436,200,17,31
2026-02-04T01:52:53.367789,395,9991.16373173844,10206.521051255779,1324.4583902714228,8666.705341467017,-8.83626826156069,200,17,31
2026-02-04T01:54:05.830716,396,10001.345944376117,10220.682314919615,1324.4583902714228,8676.887554104695,1.3459443761166767,200,17,31
2026-02-04T01:55:19.308381,397,10002.741965152549,10223.43668872352,1324.4583902714228,8678.283574881127,2.7419651525488007,200,17,31
2026-02-04T01:56:31.600199,398,9998.865053817237,10218.757594866775,1324.4583902714228,8674.406663545815,-1.1349461827630876,200,17,31
2026-02-04T01:57:44.232142,399,10001.645081841358,10219.253388481817,1324.4583902714228,8677.186691569936,1.6450818413577508,200,17,31
2026-02-04T01:58:57.880137,400,10002.626450995098,10225.898150125342,1324.4583902714228,8678.168060723676,2.626450995097912,200,17,31
2026-02-04T02:00:14.744722,401,9999.623339777347,10216.845155289036,1324.4583902714228,8675.164949505925,-0.37666022265329957,200,17,31
2026-02-04T02:01:27.137815,402,9995.607956536403,10217.060984465232,1324.4583902714228,8671.149566264981,-4.392043463596565,200,17,31
2026-02-04T02:02:39.193662,403,9996.998320131972,10220.727947132911,1324.4583902714228,8672.53992986055,-3.001679868028077,200,17,31
2026-02-04T02:03:53.070490,404,9994.04794275169,10217.731574880596,1324.4583902714228,8669.589552480267,-5.952057248310666,200,17,31
2026-02-04T02:05:07.737200,405,9989.956187191665,10209.18607369788,1324.4583902714228,8665.497796920243,-10.043812808335133,200,17,31
2026-02-04T02:06:20.088460,406,9991.506551637827,10210.103065737529,1324.4583902714228,8667.048161366405,-8.493448362172785,200,17,31
2026-02-04T02:07:34.337757,407,9996.436022019177,10224.256211363441,1324.4583902714228,8671.977631747755,-3.5639779808225285,200,17,31
2026-02-04T02:08:47.270652,408,9996.677705489403,10227.867333080425,1315.641029281256,8681.036676208147,-3.322294510597203,202,17,31
2026-02-04T02:09:59.609400,409,9996.957046001913,10229.381757297762,1315.641029281256,8681.316016720657,-3.0429539980868867,202,17,31
2026-02-04T02:11:12.026098,410,10001.598032416417,10229.48691760171,1291.1683519485855,8710.429680467832,1.5980324164174817,204,17,31
2026-02-04T02:12:29.503852,411,9994.244858135995,10216.750387067537,1251.9697242410753,8742.27513389492,-5.755141864005054,208,17,31
2026-02-04T02:13:42.005502,412,9995.506561269714,10215.489726764095,1251.9697242410753,8743.53683702864,-4.493438730285561,208,17,31
2026-02-04T02:14:54.427978,413,9993.886362175812,10212.658668259299,1234.4421481017002,8759.444214074112,-6.1136378241881175,209,17,31
2026-02-04T02:16:08.320122,414,9998.60726972579,10221.68278122747,1214.72563811222,8783.881631613569,-1.3927302742104075,211,17,31
2026-02-04T02:17:22.474621,415,10000.094083217973,10230.197721071885,1191.1905838387722,8808.903499379201,0.09408321797309327,213,17,31
2026-02-04T02:18:35.172232,416,9999.033421287599,10225.861762257751,1191.1905838387722,8807.842837448827,-0.966578712401315,213,17,31
2026-02-04T02:19:47.458030,417,9997.523209269648,10223.179407857726,1191.1905838387722,8806.332625430876,-2.4767907303521497,213,17,31
2026-02-04T02:21:01.518970,418,9993.766277379305,10206.967933708542,1191.1905838387722,8802.575693540533,-6.233722620694607,213,17,31
2026-02-04T02:22:13.930069,419,9994.496837716104,10207.28283711232,1191.1905838387722,8803.306253877332,-5.5031622838960175,213,17,31
2026-02-04T02:23:26.788349,420,9997.1532346918,10213.804888766863,1191.1905838387722,8805.962650853027,-2.846765308200702,213,17,31
2026-02-04T02:24:44.506370,421,9996.961474526448,10216.694669034954,1191.1905838387722,8805.770890687676,-3.0385254735519993,213,17,31
2026-02-04T02:25:57.699110,422,10000.165298778777,10217.655768901435,1191.1905838387722,8808.974714940005,0.16529877877655963,213,17,31
2026-02-04T02:27:10.514260,423,9997.444848628234,10210.298232589108,1191.1905838387722,8806.254264789462,-2.5551513717655325,213,17,31
2026-02-04T02:28:22.556137,424,9993.533301367608,10197.45585733409,1191.1905838387722,8802.342717528836,-6.466698632391854,213,17,31
2026-02-04T02:29:34.964292,425,9983.972270148079,10192.719977737666,1191.1905838387722,8792.781686309307,-16.027729851921322,213,17,31
2026-02-04T02:30:48.278722,426,9983.216620533807,10190.740487690877,1191.1905838387722,8792.026036695035,-16.783379466192855,213,17,31
2026-02-04T02:32:01.431653,427,9983.12388592894,10190.136232550338,1191.1905838387722,8791.933302090169,-16.87611407105942,213,17,31
2026-02-04T02:33:14.080279,428,9964.06137509474,10176.59869777024,1191.1905838387722,8772.870791255968,-35.93862490526044,213,17,31
2026-02-04T02:34:27.188100,429,9965.692592216792,10173.129140743735,1191.1905838387722,8774.50200837802,-34.307407783207964,213,17,31
2026-02-04T02:35:39.653491,430,9976.098600094118,10180.165322108163,1191.1905838387722,8784.908016255346,-23.9013999058825,213,17,31
2026-02-04T02:36:56.754086,431,9979.736758362318,10181.673717632577,1191.1905838387722,8788.546174523546,-20.26324163768186,213,17,31
2026-02-04T02:38:09.276766,432,9979.978112760104,10181.753796519755,1191.1905838387722,8788.787528921332,-20.021887239896387,213,17,31
2026-02-04T02:39:22.489312,433,9983.252179245035,10185.460699792196,1191.1905838387722,8792.061595406263,-16.747820754964778,213,17,31
2026-02-04T02:40:37.136589,434,9982.603909637151,10182.851187177259,1174.5139156650293,8808.089993972122,-17.396090362848554,214,17,31
2026-02-04T02:41:50.194859,435,9960.84871039539,10148.613748105445,1155.7545794040275,8805.094130991363,-39.1512896046097,216,17,31
2026-02-04T02:43:02.428695,436,9961.082015923992,10147.314425503107,1155.7545794040275,8805.327436519965,-38.917984076008,216,17,31
2026-02-04T02:44:14.798407,437,9962.372696438768,10149.773195438614,1155.7545794040275,8806.61811703474,-37.62730356123211,216,17,31
2026-02-04T02:45:27.364595,438,9965.76258159533,10172.276410891534,1155.7545794040275,8810.008002191304,-34.23741840466937,216,17,31
2026-02-04T02:46:40.340839,439,9969.195693126487,10176.969634576688,1155.7545794040275,8813.44111372246,-30.80430687351327,216,17,31
2026-02-04T02:47:53.560529,440,9966.70184616841,10171.877878530266,1155.7545794040275,8810.947266764382,-33.29815383159075,216,17,31
2026-02-04T02:49:12.187589,441,9962.452345341406,10159.419959653895,1155.7545794040275,8806.697765937379,-37.54765465859418,216,17,31
2026-02-04T02:50:25.038411,442,9960.768099504843,10152.908321931574,1155.7545794040275,8805.013520100816,-39.23190049515688,216,17,31
2026-02-04T02:51:37.501292,443,9961.666922041362,10155.75425225376,1155.7545794040275,8805.912342637335,-38.33307795863766,216,17,31
2026-02-04T02:52:50.554406,444,9961.319734102433,10154.01000302566,1155.7545794040275,8805.565154698406,-38.68026589756664,216,17,31
2026-02-04T02:54:03.719130,445,9948.667265402597,10149.09950864391,1155.7545794040275,8792.91268599857,-51.33273459740303,216,17,31
2026-02-04T02:55:15.826037,446,9954.393238177623,10155.972582068334,1111.3224051680513,8843.070833009571,-45.60676182237694,219,17,31
2026-02-04T02:56:28.242121,447,9955.676201460232,10157.892261016263,1103.9239614760459,8851.752239984186,-44.32379853976818,221,17,31
2026-02-04T02:57:40.410391,448,9955.322389763136,10157.818061561655,1101.7161135530937,8853.606276210043,-44.677610236863984,222,17,31
2026-02-04T02:58:53.675864,449,9968.408394357648,10172.0008772885,1099.5126813259876,8868.89571303166,-31.59160564235208,223,17,31
2026-02-04T03:00:08.105272,450,9967.266890787814,10169.595683543403,1099.5126813259876,8867.754209461827,-32.73310921218581,223,17,31
2026-02-04T03:01:25.584903,451,9966.17106540137,10168.294679323013,1099.5126813259876,8866.658384075383,-33.82893459863044,223,17,31
2026-02-04T03:02:38.455184,452,9965.953035444549,10168.18274281195,1099.5126813259876,8866.44035411856,-34.04696455545127,223,17,31
2026-02-04T03:03:51.038505,453,9966.339364679781,10176.588614259657,1099.5126813259876,8866.826683353795,-33.66063532021872,223,17,31
2026-02-04T03:05:04.172842,454,9968.205949760486,10182.454526251653,1099.5126813259876,8868.6932684345,-31.794050239514036,223,17,31
2026-02-04T03:06:16.717054,455,9980.468675513268,10194.475864316491,1099.5126813259876,8880.955994187281,-19.531324486732046,223,17,31
2026-02-04T03:07:28.795375,456,9982.159407546373,10198.030168744031,1099.5126813259876,8882.646726220386,-17.840592453627323,223,17,31
2026-02-04T03:08:42.026000,457,9999.546876136304,10213.45947285776,1099.5126813259876,8900.034194810318,-0.4531238636955095,223,17,31
2026-02-04T03:09:55.405836,458,10001.98547775409,10224.58975072433,1099.5126813259876,8902.472796428101,1.9854777540895157,223,17,31
2026-02-04T03:11:07.563721,459,10014.577839287922,10233.443421058244,1099.5126813259876,8915.065157961935,14.577839287921961,223,17,31
2026-02-04T03:12:21.119737,460,10053.94669681432,10276.984321758599,1099.5126813259876,8954.434015488334,53.9466968143206,223,17,31
2026-02-04T03:13:38.790193,461,10052.620133476532,10269.331911465131,1099.5126813259876,8953.107452150543,52.62013347653192,223,17,31
2026-02-04T03:14:51.302764,462,10054.128446957064,10271.36609634351,1097.3136559633356,8956.814790993729,54.128446957063716,224,17,31
2026-02-04T03:16:04.273894,463,10050.440898099227,10265.001871486505,1094.2652295835285,8956.175668515698,50.440898099226615,225,17,31
2026-02-04T03:17:16.599064,464,10036.98871919262,10251.593556001008,951.8875257771423,9085.101193415478,36.9887191926191,229,17,31
2026-02-04T03:18:29.972242,465,10036.844026359166,10250.830951766924,945.550493222202,9091.293533136963,36.84402635916558,231,17,31
2026-02-04T03:19:42.601650,466,10032.402519644776,10245.823037381113,945.550493222202,9086.852026422574,32.402519644776476,231,17,31
2026-02-04T03:20:56.622233,467,10031.500737796123,10246.06067500692,945.550493222202,9085.95024457392,31.50073779612285,231,17,31
2026-02-04T03:22:10.205980,468,10029.950212678872,10243.942121661285,945.550493222202,9084.399719456671,29.95021267887205,231,17,31
2026-02-04T03:23:23.530064,469,10030.444239725985,10244.473132280893,945.550493222202,9084.893746503782,30.444239725984517,231,17,31
2026-02-04T03:24:36.010655,470,10029.884294403477,10243.022762293964,945.550493222202,9084.333801181274,29.884294403476815,231,17,31
2026-02-04T03:25:55.060302,471,10029.45957795838,10241.35625668417,945.550493222202,9083.909084736179,29.45957795837967,231,17,31
2026-02-04T03:27:08.675382,472,10031.961704282665,10243.961277187987,945.550493222202,9086.411211060464,31.96170428266487,231,17,31
2026-02-04T03:28:21.414623,473,10027.425398212567,10232.989301460731,945.550493222202,9081.874904990365,27.425398212566506,231,17,31
2026-02-04T03:29:34.758862,474,10019.49269748704,10231.591494068982,945.550493222202,9073.942204264837,19.49269748703955,231,17,31
2026-02-04T03:30:47.188771,475,10020.979903467065,10233.987129436686,945.550493222202,9075.429410244862,20.979903467065014,231,17,31
2026-02-04T03:31:59.777339,476,10036.673333960192,10257.240163610744,945.550493222202,9091.12284073799,36.673333960192394,231,17,31
2026-02-04T03:33:11.818606,477,10034.68678053239,10254.037565123774,945.550493222202,9089.136287310186,34.68678053238909,231,17,31
2026-02-04T03:34:26.011792,478,10036.407000262068,10258.621597956348,945.550493222202,9090.856507039867,36.40700026206832,231,17,31
2026-02-04T03:35:39.111640,479,10036.20808730608,10257.923005978055,945.550493222202,9090.657594083877,36.208087306080415,231,17,31
2026-02-04T03:36:51.527983,480,10034.903035067688,10254.704068122319,945.550493222202,9089.352541845486,34.9030350676876,231,17,31
2026-02-04T03:38:08.458518,481,10069.639364150786,10301.9127964574,945.550493222202,9124.088870928585,69.6393641507857,231,17,31
2026-02-04T03:39:21.325322,482,10081.748461843486,10312.780582268577,945.550493222202,9136.197968621285,81.74846184348644,231,17,31
2026-02-04T03:41:32.875748,483,10083.11804195292,10310.019417872407,945.550493222202,9137.567548730716,83.11804195291916,231,17,31
2026-02-04T03:42:45.899732,484,10094.760694684624,10326.97815367518,945.550493222202,9149.210201462422,94.76069468462447,231,17,31
2026-02-04T03:43:58.901219,485,10085.964435334248,10302.427625155044,945.550493222202,9140.413942112047,85.96443533424826,231,17,31
2026-02-04T03:45:11.468984,486,10071.738403572688,10293.760153456318,1080.7884734361885,8990.9499301365,71.73840357268818,233,18,32
2026-02-04T03:46:24.531736,487,10069.99377384212,10297.28103496188,1193.9322064899259,8876.061567352193,69.99377384211948,235,20,32
2026-02-04T03:47:36.557289,488,10068.303225732605,10299.478527482397,1288.074964627214,8780.22826110539,68.30322573260491,236,21,32
2026-02-04T03:48:49.486111,489,10068.563076692637,10296.484945655218,1366.7467809460147,8701.816295746623,68.56307669263697,238,21,34
2026-02-04T03:50:03.469140,490,10067.565972092736,10295.583965943706,1432.5269756537593,8635.038996438976,67.56597209273605,240,21,36
2026-02-04T03:51:20.496181,491,10063.69002339311,10293.691902657178,1432.5269756537593,8631.16304773935,63.690023393110096,240,21,36
2026-02-04T03:52:33.560021,492,10067.28046546635,10294.303949242698,1432.5269756537593,8634.75348981259,67.2804654663505,240,21,36
2026-02-04T03:53:47.446405,493,10067.661963009514,10296.210986014059,1432.5269756537593,8635.134987355754,67.66196300951378,240,21,36
2026-02-04T03:55:00.630790,494,10073.335566349682,10303.07780550391,1432.5269756537593,8640.808590695922,73.33556634968227,240,21,36
2026-02-04T03:56:13.094271,495,10075.961738721851,10303.744941205294,1432.5269756537593,8643.434763068091,75.96173872185136,240,21,36
2026-02-04T03:57:25.574159,496,10076.100127514976,10305.426536150395,1432.5269756537593,8643.573151861216,76.10012751497561,240,21,36
2026-02-04T03:58:39.310184,497,10075.080164517098,10302.502289224545,1432.5269756537593,8642.553188863338,75.08016451709773,240,21,36
2026-02-04T03:59:52.726447,498,10074.40943063768,10301.096619245436,1432.5269756537593,8641.88245498392,74.40943063767918,240,21,36
2026-02-04T04:01:05.357571,499,10071.63335706034,10289.781075305182,1432.5269756537593,8639.10638140658,71.63335706034013,240,21,36
2026-02-04T04:02:17.548024,500,10079.572454220835,10300.92627744421,1432.5269756537593,8647.045478567075,79.57245422083543,240,21,36
2026-02-04T04:03:36.555435,501,10075.682378295047,10297.002822739221,1432.5269756537593,8643.155402641287,75.68237829504687,240,21,36
2026-02-04T04:04:49.060084,502,10074.908568681918,10296.110946749399,1432.5269756537593,8642.381593028158,74.90856868191804,240,21,36
2026-02-04T04:06:01.229291,503,10074.858898314948,10304.350247929666,1432.5269756537593,8642.331922661187,74.85889831494751,240,21,36
2026-02-04T04:07:14.545240,504,10087.824637597612,10317.394036946966,1432.5269756537593,8655.297661943852,87.82463759761231,240,21,36
2026-02-04T04:08:28.768279,505,10085.974147496334,10312.22877673965,1432.5269756537593,8653.447171842574,85.9741474963339,240,21,36
2026-02-04T04:09:41.272280,506,10086.451651053725,10312.388251650436,1432.5269756537593,8653.924675399965,86.45165105372507,240,21,36
2026-02-04T04:10:53.460294,507,10085.507182794174,10310.335204284236,1432.5269756537593,8652.980207140414,85.50718279417379,240,21,36
2026-02-04T04:12:07.506806,508,10084.663732847346,10312.809582562177,1432.5269756537593,8652.136757193586,84.66373284734618,240,21,36
2026-02-04T04:13:27.001423,509,10085.302293392982,10317.083652357785,1432.5269756537593,8652.775317739222,85.30229339298239,240,21,36
2026-02-04T04:14:39.763436,510,10082.440079812095,10307.65195312436,1432.5269756537593,8649.913104158335,82.44007981209506,240,21,36
2026-02-04T04:15:58.041315,511,10081.922597930363,10303.973617652859,1432.5269756537593,8649.395622276603,81.92259793036283,240,21,36
2026-02-04T04:17:10.920958,512,10078.649290182997,10300.52563585118,1432.5269756537593,8646.122314529237,78.64929018299699,240,21,36
2026-02-04T04:18:22.995291,513,10078.849583195797,10301.057633997047,1432.5269756537593,8646.322607542037,78.8495831957971,240,21,36
2026-02-04T04:19:35.938693,514,10076.398941799727,10298.895176316542,1432.5269756537593,8643.871966145967,76.39894179972725,240,21,36
2026-02-04T04:20:49.339231,515,10078.280545254127,10301.814847986972,1432.5269756537593,8645.753569600367,78.28054525412699,240,21,36
2026-02-04T04:22:02.795244,516,10074.066452388446,10297.845798687766,1432.5269756537593,8641.539476734686,74.06645238844612,240,21,36
2026-02-04T04:23:16.191582,517,10074.653449931753,10298.990308768267,1432.5269756537593,8642.126474277993,74.65344993175313,240,21,36
2026-02-04T04:24:29.061825,518,10071.963229236891,10289.012735481718,1432.5269756537593,8639.436253583131,71.9632292368915,240,21,36
2026-02-04T04:25:43.122970,519,10070.664435888091,10283.956882165718,1432.5269756537593,8638.137460234331,70.66443588809125,240,21,36
2026-02-04T04:26:56.172582,520,10070.342252195172,10283.01835528052,1487.8461707225952,8582.496081472578,70.34225219517248,242,22,37
2026-02-04T04:28:13.496753,521,10070.59166619409,10284.984535568492,1595.8094215581864,8474.782244635904,70.59166619409007,244,24,37
2026-02-04T04:29:26.837948,522,10070.575847171924,10285.940926289657,1595.8094215581864,8474.766425613738,70.57584717192367,244,24,37
2026-02-04T04:33:41.217211,523,10060.999110352834,10280.018382190074,1595.8094215581864,8465.189688794648,60.99911035283367,244,24,37
2026-02-04T04:34:53.847919,524,10062.572566996669,10282.18399858223,1595.8094215581864,8466.763145438483,62.572566996668684,244,24,37
2026-02-04T04:36:06.158776,525,10063.740341924713,10288.438007848912,1595.8094215581864,8467.930920366527,63.74034192471299,244,24,37
2026-02-04T04:37:19.144890,526,10062.758625040984,10286.19151565958,1595.8094215581864,8466.949203482798,62.75862504098404,244,24,37
2026-02-04T04:38:32.649094,527,10062.059109761358,10283.834701020158,1595.8094215581864,8466.249688203172,62.05910976135783,244,24,37
2026-02-04T04:39:45.066973,528,10062.03653676884,10284.654034451609,1595.8094215581864,8466.227115210653,62.03653676883914,244,24,37
2026-02-04T04:40:58.081635,529,10058.048984868887,10282.220596508238,1595.8094215581864,8462.2395633107,58.04898486888669,244,24,37
2026-02-04T04:42:12.064823,530,10058.579756045643,10282.790755041377,1595.8094215581864,8462.770334487457,58.57975604564308,244,24,37
2026-02-04T04:43:29.369669,531,10057.356831987663,10278.634842785284,1595.8094215581864,8461.547410429477,57.3568319876631,244,24,37
2026-02-04T04:44:43.040744,532,10057.56416988183,10278.141312036905,1595.8094215581864,8461.754748323645,57.56416988183082,244,24,37
2026-02-04T04:45:57.321052,533,10055.671998690585,10273.076627777247,1595.8094215581864,8459.862577132399,55.67199869058459,244,24,37
2026-02-04T04:47:11.055703,534,10050.506330078124,10265.195567816365,1595.8094215581864,8454.696908519938,50.50633007812394,244,24,37
2026-02-04T04:48:23.902979,535,10047.160194990065,10265.784823755806,1595.8094215581864,8451.35077343188,47.160194990065065,244,24,37
2026-02-04T04:49:36.903164,536,10047.40355101017,10265.904450203014,1595.8094215581864,8451.594129451983,47.403551010169394,244,24,37
2026-02-04T04:50:50.606926,537,10047.824087563064,10268.215567155648,1595.8094215581864,8452.014666004878,47.824087563063586,244,24,37
2026-02-04T04:52:03.918661,538,10046.833775210167,10264.853509561146,1595.8094215581864,8451.024353651981,46.833775210167005,244,24,37
2026-02-04T04:53:16.472656,539,10045.939759956307,10260.58200664741,1595.8094215581864,8450.130338398121,45.93975995630717,244,24,37
2026-02-04T04:54:29.658514,540,10046.824042613,10259.036149471893,1595.8094215581864,8451.014621054814,46.82404261299962,244,24,37
2026-02-04T04:55:47.297719,541,10045.632660261119,10261.508568099278,1595.8094215581864,8449.823238702933,45.63266026111887,244,24,37
2026-02-04T04:56:59.887461,542,10045.619640887591,10261.26560337835,1595.8094215581864,8449.810219329405,45.61964088759123,244,24,37
2026-02-04T04:58:12.784689,543,10045.125635771952,10261.321843611306,1595.8094215581864,8449.316214213766,45.12563577195215,244,24,37
2026-02-04T04:59:25.994203,544,10035.12545224395,10254.944111225039,1595.8094215581864,8439.316030685764,35.12545224395035,244,24,37
2026-02-04T05:00:38.418189,545,10037.522584718123,10256.605277255694,1595.8094215581864,8441.713163159937,37.522584718122744,244,24,37
2026-02-04T05:01:50.668100,546,10038.909020904031,10260.827579281213,1595.8094215581864,8443.099599345845,38.90902090403142,244,24,37
2026-02-04T05:03:03.686665,547,10033.72443436119,10254.557404243425,1595.8094215581864,8437.915012803003,33.724434361189196,244,24,37
2026-02-04T05:04:16.734940,548,10033.938369694395,10255.120255815085,1595.8094215581864,8438.12894813621,33.93836969439508,244,24,37
2026-02-04T05:05:29.884998,549,10033.766554569575,10254.444809076129,1595.8094215581864,8437.957133011389,33.76655456957451,244,24,37
2026-02-04T05:06:43.500857,550,10033.49543262857,10252.69891432687,1595.8094215581864,8437.686011070384,33.49543262856969,244,24,37
2026-02-04T05:08:01.542411,551,10032.298959478516,10251.766007661674,1544.8392686336178,8487.459690844898,32.298959478515826,246,24,37
2026-02-04T05:09:14.570323,552,10032.347788688758,10251.534352435176,1544.8392686336178,8487.50852005514,32.347788688757646,246,24,37
2026-02-04T05:10:27.542783,553,10035.123297300175,10258.912475362236,1544.8392686336178,8490.284028666558,35.12329730017518,246,24,37
2026-02-04T05:11:41.292235,554,10037.994269768913,10261.867001894683,1544.8392686336178,8493.155001135296,37.994269768913,246,24,37
2026-02-04T05:12:56.447038,555,10036.674974831863,10258.682376398088,1544.8392686336178,8491.835706198246,36.67497483186344,246,24,37
2026-02-04T05:14:09.159018,556,10037.077666187914,10260.37590726429,1544.8392686336178,8492.238397554296,37.077666187913564,246,24,37
2026-02-04T05:15:22.122359,557,10029.887610757458,10257.180124516291,1544.8392686336178,8485.04834212384,29.887610757457878,246,24,37
2026-02-04T05:16:34.691083,558,10028.698932573967,10255.375988785816,1544.8392686336178,8483.85966394035,28.698932573966886,246,24,37
2026-02-04T05:17:48.075031,559,10029.307093166675,10256.655975139842,1544.8392686336178,8484.467824533058,29.30709316667526,246,24,37
2026-02-04T05:19:01.275904,560,10028.629232082814,10255.05157188767,1544.8392686336178,8483.789963449197,28.62923208281427,246,24,37
2026-02-04T05:20:18.395619,561,10019.666373211197,10239.074483672863,1491.5011181519278,8528.16525505927,19.666373211197424,248,24,37
2026-02-04T05:21:31.610280,562,10007.892729027295,10233.287164837186,1440.0045562125356,8567.888172814759,7.89272902729499,250,24,37
2026-02-04T05:22:44.059406,563,10007.349277708838,10231.990409934135,1387.5054269039008,8619.843850804937,7.34927770883769,253,24,37
2026-02-04T05:23:56.629063,564,10008.044436611059,10233.598907170002,1318.2034064842098,8689.841030126849,8.0444366110587,257,24,37
2026-02-04T05:25:09.287814,565,10008.523739075326,10236.25961179113,1309.427687006109,8699.096052069217,8.523739075326375,259,24,37
2026-02-04T05:26:23.055426,566,10009.344177047902,10239.559893528392,1309.427687006109,8699.916490041793,9.344177047902122,259,24,37
2026-02-04T05:27:36.987911,567,10010.455715553135,10242.424359889203,1288.5135079892475,8721.942207563887,10.455715553134723,261,24,37
2026-02-04T05:28:50.651618,568,10009.535658605068,10236.735186266405,1267.9333702396432,8741.602288365424,9.53565860506751,263,24,37
2026-02-04T05:30:04.860563,569,10009.29869416428,10237.76422550892,1267.9333702396432,8741.365323924636,9.298694164279368,263,24,37
2026-02-04T05:31:18.881370,570,10006.959545158574,10231.576660720315,1267.9333702396432,8739.02617491893,6.9595451585737464,263,24,37
2026-02-04T05:32:36.553322,571,10007.597288665396,10234.070176768266,1267.9333702396432,8739.663918425753,7.597288665396263,263,24,37
2026-02-04T05:33:49.617247,572,10007.342973146788,10234.086791419744,1267.9333702396432,8739.409602907144,7.342973146787699,263,24,37
2026-02-04T05:35:02.968823,573,10006.498524951156,10231.949933307824,1267.9333702396432,8738.565154711512,6.498524951155559,263,24,37
2026-02-04T05:36:16.025531,574,10007.751186766662,10234.00584421235,1267.9333702396432,8739.817816527018,7.751186766661704,263,24,37
2026-02-04T05:37:28.001076,575,10005.442077643382,10227.508410192091,1267.9333702396432,8737.508707403738,5.442077643381708,263,24,37
2026-02-04T05:38:40.556950,576,10006.55183360474,10229.55735979413,1267.9333702396432,8738.618463365097,6.55183360474075,263,24,37
2026-02-04T05:39:52.988308,577,10004.759887149346,10223.546913440505,1267.9333702396432,8736.826516909703,4.7598871493464685,263,24,37
2026-02-04T05:41:06.325454,578,10003.724534181883,10220.733403327462,1267.9333702396432,8735.79116394224,3.7245341818834277,263,24,37
2026-02-04T05:42:19.647301,579,9993.31050081428,10213.825199373958,1267.9333702396432,8725.377130574636,-6.689499185720706,263,24,37
2026-02-04T05:43:32.788735,580,9992.64029437459,10210.189790886485,1267.9333702396432,8724.706924134947,-7.359705625409333,263,24,37
2026-02-04T05:44:50.053861,581,9993.594528718744,10212.338670071122,1241.859422737408,8751.735105981335,-6.405471281255814,266,24,37
2026-02-04T05:46:03.820332,582,9993.90397004681,10213.106002143903,1216.3216632986046,8777.582306748205,-6.096029953190737,269,24,37
2026-02-04T05:47:16.576095,583,9995.351321813732,10216.319045910068,1199.293160012424,8796.058161801308,-4.648678186267716,270,24,37
2026-02-04T05:48:29.820771,584,9994.66543228821,10212.997881410749,1199.293160012424,8795.372272275785,-5.3345677117904415,270,24,37
2026-02-04T05:49:42.769748,585,9999.275231172132,10215.834489214418,1199.293160012424,8799.982071159708,-0.7247688278675923,270,24,37
2026-02-04T05:50:56.516371,586,9998.44168435151,10213.590347490674,1199.293160012424,8799.148524339085,-1.5583156484899519,270,24,37
2026-02-04T05:52:10.300591,587,9994.850582354124,10210.245674510094,1199.293160012424,8795.557422341699,-5.149417645876383,270,24,37
2026-02-04T05:53:23.609873,588,9969.725895133524,10186.85277191678,1199.293160012424,8770.4327351211,-30.27410486647568,270,24,37
2026-02-04T05:54:36.147998,589,9961.366586390688,10175.13827686448,1199.293160012424,8762.073426378263,-38.6334136093119,270,24,37
2026-02-04T05:55:49.377504,590,9964.169830052093,10182.144668437108,1199.293160012424,8764.876670039668,-35.83016994790705,270,24,37
2026-02-04T05:57:07.452754,591,9965.58711881632,10182.75393991682,1199.293160012424,8766.293958803895,-34.41288118367993,270,24,37
2026-02-04T05:58:20.050389,592,9971.788678168106,10188.93416262,1199.293160012424,8772.495518155682,-28.211321831893656,270,24,37
2026-02-04T05:59:33.297202,593,9975.209853029677,10192.503714498249,1199.293160012424,8775.916693017252,-24.790146970322894,270,24,37
2026-02-04T06:00:46.470754,594,9973.833862591897,10193.722152175542,1199.293160012424,8774.540702579472,-26.166137408103168,270,24,37
2026-02-04T06:02:00.077256,595,9974.308400936947,10193.725049067754,1199.293160012424,8775.015240924522,-25.691599063053218,270,24,37
2026-02-04T06:03:13.411251,596,9976.769912080246,10194.54153931871,1199.293160012424,8777.476752067822,-23.230087919753714,270,24,37
2026-02-04T06:04:26.842262,597,9984.539718120046,10203.916402315057,1199.293160012424,8785.246558107621,-15.460281879953982,270,24,37
2026-02-04T06:05:40.712761,598,9992.591829342344,10215.010865054928,1199.293160012424,8793.298669329919,-7.408170657656228,270,24,37
2026-02-04T06:06:52.776583,599,9998.842212103074,10228.710914932177,1199.293160012424,8799.54905209065,-1.1577878969255835,270,24,37
2026-02-04T06:08:05.162031,600,9998.514355484685,10228.159816235451,1199.293160012424,8799.22119547226,-1.4856445153145614,270,24,37
2026-02-04T06:09:22.981817,601,10000.059072966375,10234.904754210213,1199.293160012424,8800.76591295395,0.05907296637451509,270,24,37
2026-02-04T06:10:35.366332,602,10023.442535690936,10248.967690688514,1199.293160012424,8824.149375678511,23.442535690935983,270,24,37
2026-02-04T06:11:48.436220,603,10025.297755222708,10251.485865941777,1199.293160012424,8826.004595210283,25.297755222707565,270,24,37
2026-02-04T06:13:01.256980,604,10025.78859939277,10251.982334216753,1199.293160012424,8826.495439380345,25.788599392770266,270,24,37
2026-02-04T06:14:13.921729,605,10025.9038251692,10252.291220023613,1199.293160012424,8826.610665156775,25.90382516919999,270,24,37
2026-02-04T06:15:27.903611,606,10024.320460418772,10250.21444805944,1199.293160012424,8825.027300406347,24.3204604187722,270,24,37
2026-02-04T06:16:41.038542,607,10023.84408859628,10249.037028602259,1199.293160012424,8824.550928583854,23.844088596279107,270,24,37
2026-02-04T06:17:55.239546,608,10022.837355353053,10245.642556311164,1191.309065681835,8831.528289671218,22.83735535305277,272,24,37
2026-02-04T06:19:07.798605,609,10014.18417244591,10238.578262524503,1191.309065681835,8822.875106764075,14.184172445910008,272,24,37
2026-02-04T06:20:20.919465,610,10015.244082004645,10240.77066893763,1191.309065681835,8823.93501632281,15.244082004644952,272,24,37
2026-02-04T06:21:38.404736,611,10003.389753456635,10224.425423054421,1191.309065681835,8812.0806877748,3.389753456634935,272,24,37
2026-02-04T06:22:51.297034,612,10001.84931527311,10221.662050592713,1191.309065681835,8810.540249591275,1.8493152731098235,272,24,37
2026-02-04T06:24:04.583013,613,9992.255473731733,10215.227276477399,1191.309065681835,8800.946408049898,-7.744526268266782,272,24,37
2026-02-04T06:25:17.013384,614,9991.811718048279,10215.257542459638,1191.309065681835,8800.502652366444,-8.188281951721365,272,24,37
2026-02-04T06:26:30.443475,615,9992.096302793589,10216.045410366418,1191.309065681835,8800.787237111754,-7.90369720641138,272,24,37
2026-02-04T06:27:43.265595,616,9996.016170679983,10223.156030594024,1191.309065681835,8804.707104998148,-3.983829320017321,272,24,37
2026-02-04T06:28:56.083666,617,9999.289179142777,10227.162813440462,1191.309065681835,8807.980113460942,-0.7108208572226431,272,24,37
2026-02-04T06:30:10.019646,618,9994.928997313513,10222.901718522946,1191.309065681835,8803.619931631678,-5.071002686487191,272,24,37
2026-02-04T06:31:22.313924,619,9994.565877043215,10223.521841888138,1191.309065681835,8803.25681136138,-5.434122956785359,272,24,37
2026-02-04T06:32:35.249924,620,9992.702930867963,10222.32953296905,1191.309065681835,8801.393865186128,-7.297069132036995,272,24,37
2026-02-04T06:33:52.217659,621,9992.092137621239,10224.768032216554,1191.309065681835,8800.783071939404,-7.90786237876091,272,24,37
2026-02-04T06:35:05.586359,622,10003.939928478037,10230.960084855269,1191.309065681835,8812.630862796203,3.939928478037473,272,24,37
2026-02-04T06:36:18.272768,623,10006.19565145456,10234.239493761175,1204.206253275249,8801.98939817931,6.195651454559993,273,24,38
2026-02-04T06:37:30.973458,624,10025.23805495642,10256.682064458064,1206.9576532951774,8818.280401661243,25.238054956420456,274,25,38
2026-02-04T06:38:44.031573,625,10028.600769782437,10266.859365547585,1207.5450187454667,8821.05575103697,28.600769782437055,275,25,39
2026-02-04T06:39:57.439887,626,10029.275263684376,10263.005062620221,1207.670451436016,8821.60481224836,29.275263684376114,276,25,40
2026-02-04T06:41:10.244145,627,10032.247178879461,10265.031796532518,1207.670451436016,8824.576727443446,32.24717887946099,276,25,40
2026-02-04T06:42:22.495849,628,10031.939441274551,10263.78317724334,1207.670451436016,8824.268989838536,31.939441274551427,276,25,40
2026-02-04T06:43:35.128857,629,10040.748511402535,10275.878260319834,1207.6973014622477,8833.051209940288,40.74851140253486,277,26,40
2026-02-04T06:44:48.742555,630,10039.964259037013,10273.774737016778,1207.703035296598,8832.261223740416,39.96425903701311,278,26,41
2026-02-04T06:46:06.134878,631,10041.751133070917,10277.315491377289,1207.7042585152458,8834.046874555672,41.751133070916694,279,26,42
2026-02-04T06:47:18.631751,632,10058.025826376615,10291.918391955687,1207.7045196456077,8850.321306731008,58.02582637661544,280,27,42
2026-02-04T06:48:32.197666,633,10055.013771301725,10283.685406141687,1207.7045754664482,8847.309195835276,55.01377130172477,281,27,43
2026-02-04T06:49:45.049911,634,10050.084796048763,10280.329543415068,1207.7045873748941,8842.380208673869,50.084796048762655,282,27,44
2026-02-04T06:50:57.137094,635,10039.493736482314,10266.84298034263,1207.7045873748941,8831.78914910742,39.49373648231449,282,27,44
2026-02-04T06:52:09.641990,636,10038.30812411664,10268.718945378929,1207.7045873748941,8830.603536741746,38.3081241166401,282,27,44
2026-02-04T06:53:22.281015,637,10043.028472696908,10278.17403246866,1207.7045873748941,8835.323885322014,43.028472696907556,282,27,44
2026-02-04T06:54:35.370955,638,10041.241313508286,10275.390794602326,1207.7045873748941,8833.536726133392,41.24131350828611,282,27,44
2026-02-04T06:55:48.575649,639,10038.103014191176,10269.829319442892,1207.7045873748941,8830.398426816282,38.103014191176044,282,27,44
2026-02-04T06:57:01.742030,640,10038.080546777288,10270.308382938492,1207.7045873748941,8830.375959402394,38.080546777287964,282,27,44
2026-02-04T06:58:18.413006,641,10037.984371040864,10268.79855819936,1207.7045873748941,8830.27978366597,37.98437104086406,282,27,44
2026-02-04T06:59:31.366260,642,10037.76316498165,10266.86093852146,1207.7045873748941,8830.058577606756,37.763164981650334,282,27,44
2026-02-04T07:00:44.686806,643,10037.9004404331,10267.604459062113,1207.704589932747,8830.195850500353,37.90044043310081,283,27,45
2026-02-04T07:01:58.014561,644,10030.506998205368,10255.617275360879,1207.704589932747,8822.80240827262,30.50699820536829,283,27,45
2026-02-04T07:03:11.655537,645,10029.66713616524,10251.673420878156,1207.704589932747,8821.962546232493,29.667136165240663,283,27,45
2026-02-04T07:04:24.501624,646,10018.020799846172,10237.214024405466,1207.704589932747,8810.316209913424,18.02079984617194,283,27,45
2026-02-04T07:05:37.334486,647,10021.192262206718,10240.504936260002,1207.704589932747,8813.48767227397,21.192262206717714,283,27,45
2026-02-04T07:06:51.051732,648,10019.241690891757,10236.116401852283,1207.704589932747,8811.537100959009,19.24169089175666,283,27,45
2026-02-04T07:08:04.133762,649,10017.812157981083,10230.740943610768,1207.704590481122,8810.107567499961,17.812157981083146,284,27,46
2026-02-04T07:09:16.282857,650,10018.214028001647,10231.15575969153,1207.704590481122,8810.509437520524,18.21402800164651,284,27,46
2026-02-04T07:10:34.611842,651,10017.487631067435,10233.24970278743,1207.704590481122,8809.783040586313,17.48763106743536,284,27,46
2026-02-04T07:11:47.689190,652,10018.441666719296,10236.951982335444,1207.704590481122,8810.737076238174,18.441666719296336,284,27,46
2026-02-04T07:12:59.871773,653,10044.023872715456,10268.549749194288,1207.704590481122,8836.319282234334,44.02387271545558,284,27,46
2026-02-04T07:14:13.285155,654,10044.33601284198,10265.254544228219,1207.704590481122,8836.631422360859,44.336012841980846,284,27,46
2026-02-04T07:15:26.315044,655,10047.462977488034,10271.515603491047,1207.704590481122,8839.758387006912,47.462977488034085,284,27,46
2026-02-04T07:16:38.867246,656,10045.93858037554,10268.884355063215,1207.704590481122,8838.233989894417,45.93858037553946,284,27,46
2026-02-04T07:17:51.176566,657,10048.374883877255,10273.89531320633,1207.704590481122,8840.670293396133,48.37488387725534,284,27,46
2026-02-04T07:19:03.563160,658,10045.50712294408,10267.353808497817,1207.704590481122,8837.802532462958,45.50712294408004,284,27,46
2026-02-04T07:20:16.163830,659,10045.520070959967,10267.37010964437,1207.704590481122,8837.815480478845,45.52007095996669,284,27,46
2026-02-04T07:21:28.917551,660,10045.801929980833,10268.234246738022,1207.704590481122,8838.09733949971,45.80192998083294,284,27,46
2026-02-04T07:22:46.648424,661,10044.760779431315,10268.554455243118,1207.704590481122,8837.056188950193,44.760779431315314,284,27,46
2026-02-04T07:23:59.356695,662,10044.012157885358,10262.879699368492,1207.704590481122,8836.307567404236,44.01215788535774,284,27,46
2026-02-04T07:25:12.369149,663,10037.231073520321,10256.153595579712,1207.704590481122,8829.526483039199,37.23107352032093,284,27,46
2026-02-04T07:26:24.573111,664,10037.427278579087,10257.1075355787,1207.704590481122,8829.722688097965,37.427278579087215,284,27,46
2026-02-04T07:27:37.359198,665,10037.662953702422,10257.416815596567,1207.704590481122,8829.9583632213,37.66295370242187,284,27,46
2026-02-04T07:28:50.053403,666,10037.418782038143,10258.30976580588,1207.704590481122,8829.714191557021,37.418782038143036,284,27,46
2026-02-04T07:30:03.696576,667,10046.435884566848,10273.174836157024,1207.704590481122,8838.731294085726,46.43588456684847,284,27,46
2026-02-04T07:31:16.462893,668,10044.937280118143,10269.648972256093,1207.704590481122,8837.232689637021,44.93728011814346,284,27,46
2026-02-04T07:32:29.512273,669,10057.154170085498,10282.318075953826,1207.704590481122,8849.449579604376,57.15417008549775,284,27,46
2026-02-04T07:33:42.964507,670,10058.505268734612,10283.930800271337,1207.704590481122,8850.80067825349,58.5052687346124,284,27,46
2026-02-04T07:34:59.737038,671,10056.857382148837,10278.591602362067,1207.704590481122,8849.152791667715,56.85738214883713,284,27,46
2026-02-04T07:36:12.621239,672,10057.845360135545,10280.56518227798,1207.704590481122,8850.140769654423,57.84536013554498,284,27,46
2026-02-04T07:37:26.619817,673,10055.7765928438,10275.505344231435,1207.704590481122,8848.072002362678,55.776592843800245,284,27,46
2026-02-04T07:38:39.321940,674,10059.131835699352,10279.553391097601,1207.704590481122,8851.42724521823,59.13183569935245,284,27,46
2026-02-04T07:39:52.037984,675,10068.728396198125,10298.37219348762,1207.704590481122,8861.023805717003,68.72839619812476,284,27,46
2026-02-04T07:41:06.535871,676,10073.085273532219,10299.856265279792,1207.704590481122,8865.380683051097,73.08527353221871,284,27,46
2026-02-04T07:42:19.586890,677,10073.352691762604,10299.27152150742,1207.704590481122,8865.648101281482,73.35269176260408,284,27,46
2026-02-04T07:43:32.688124,678,10075.118183674685,10303.918446547168,1207.704590481122,8867.413593193563,75.1181836746855,284,27,46
2026-02-04T07:44:44.847329,679,10075.045992776639,10304.236043809464,1207.704590481122,8867.341402295517,75.04599277663874,284,27,46
2026-02-04T07:45:59.503919,680,10074.056809522832,10302.52882198329,1207.704590481122,8866.35221904171,74.05680952283183,284,27,46
2026-02-04T07:47:17.022809,681,10057.589419167349,10281.220668309415,1207.704590481122,8849.884828686227,57.58941916734875,284,27,46
2026-02-04T07:48:29.299010,682,10057.566386325123,10282.009308838667,1207.704590481122,8849.861795844,57.56638632512295,284,27,46
2026-02-04T07:49:41.394444,683,10059.469876539933,10287.00273978742,1205.2891813001597,8854.180695239775,59.469876539933466,285,27,46
2026-02-04T07:50:54.644206,684,10059.780580277085,10288.40866162541,1202.8786029375594,8856.901977339527,59.78058027708539,286,27,46
2026-02-04T07:52:07.560335,685,10059.492058024975,10288.001559283673,1202.8786029375594,8856.613455087416,59.49205802497454,286,27,46
2026-02-04T07:53:35.217104,686,10059.591286822257,10289.632812347363,1202.8786029375594,8856.712683884698,59.591286822256734,286,27,46
2026-02-04T07:54:47.374799,687,10058.466099132527,10285.110573396132,1183.6662258914407,8874.799873241087,58.46609913252723,288,27,46
2026-02-04T07:56:00.295833,688,10057.559961132854,10283.81693573062,1183.6662258914407,8873.893735241414,57.55996113285437,288,27,46
2026-02-04T07:57:12.461010,689,10055.308542141185,10281.893995866689,1183.6662258914407,8871.642316249745,55.30854214118517,288,27,46
2026-02-04T07:58:25.642597,690,10054.906199736837,10281.129635975767,1183.6662258914407,8871.239973845397,54.90619973683715,288,27,46
2026-02-04T07:59:43.635843,691,10053.279398884752,10282.093226127645,1183.6662258914407,8869.613172993311,53.27939888475157,288,27,46
2026-02-04T08:00:56.296629,692,10053.42884489104,10282.267861575194,1183.6662258914407,8869.762618999599,53.42884489103926,288,27,46
2026-02-04T08:02:09.812857,693,10054.110003839356,10280.413344293038,1183.6662258914407,8870.443777947916,54.11000383935607,288,27,46
2026-02-04T08:03:22.783395,694,10052.24107379738,10274.827414213323,1183.6662258914407,8868.57484790594,52.24107379738052,288,27,46
2026-02-04T08:04:35.105218,695,10022.64050802818,10249.75917011712,1183.6662258914407,8838.97428213674,22.640508028180193,288,27,46
2026-02-04T08:05:47.605879,696,10025.423411289106,10250.40783515305,1183.6662258914407,8841.757185397666,25.423411289106298,288,27,46
2026-02-04T08:07:00.719977,697,10031.25884293763,10254.631958125014,1183.6662258914407,8847.59261704619,31.258842937630106,288,27,46
2026-02-04T08:08:13.635391,698,10031.803799864976,10258.112559664376,1258.984247333774,8772.819552531202,31.8037998649761,290,29,46
2026-02-04T08:09:26.531643,699,10030.964729171375,10256.041986122189,1258.9842473586993,8771.980481812676,30.96472917137544,291,29,47
2026-02-04T08:10:39.642696,700,10031.827336058797,10258.085253050773,1258.9842473640495,8772.843088694748,31.8273360587973,292,29,48
2026-02-04T08:11:56.468452,701,10029.828527960814,10261.802470419621,1258.9842473640622,8770.844280596752,29.828527960813517,292,29,48
2026-02-04T08:13:09.616361,702,10029.489908748144,10257.274529214905,1258.9842473640622,8770.505661384082,29.489908748144444,292,29,48
2026-02-04T08:14:22.248002,703,10029.085623351024,10258.273563828832,1258.9842473640622,8770.101375986962,29.08562335102397,292,29,48
2026-02-04T08:15:35.069447,704,10031.847400627645,10260.958978433951,1258.9842473640622,8772.863153263583,31.847400627644674,292,29,48
2026-02-04T08:16:47.919238,705,10035.633290673912,10278.113733765726,1258.9842473640622,8776.64904330985,35.63329067391169,292,29,48
2026-02-04T08:18:00.422801,706,10036.546322202188,10279.370719228922,1258.9842473640622,8777.562074838126,36.546322202188094,292,29,48
2026-02-04T08:19:13.151788,707,10036.009483019252,10278.607951956288,1258.9842473640622,8777.02523565519,36.009483019252,292,29,48
2026-02-04T08:20:25.588778,708,10035.052882926055,10275.766779229358,1258.9842473640622,8776.068635561993,35.052882926054735,292,29,48
2026-02-04T08:21:37.938477,709,10033.970906842851,10269.956115748584,1258.9842473651988,8774.986659477652,33.970906842851036,292,29,48
2026-02-04T08:22:50.496009,710,10040.377264764016,10272.984471405698,1258.9842473651988,8781.393017398817,40.37726476401622,292,29,48
2026-02-04T08:24:08.081538,711,10046.916878738519,10264.276195368137,1258.9842473651988,8787.93263137332,46.91687873851879,292,29,48
2026-02-04T08:25:20.268676,712,10046.697370494754,10258.942895533903,1258.9842473652038,8787.71312312955,46.69737049475407,292,29,48
2026-02-04T08:26:32.869488,713,10034.82478581938,10251.065526965518,1258.9842473652038,8775.840538454177,34.82478581938085,292,29,48
2026-02-04T08:27:45.333316,714,10025.852027300985,10237.610128865605,1258.9842473652056,8766.86777993578,25.852027300985355,292,29,48
2026-02-04T08:28:58.049062,715,10033.563816531308,10247.380642096025,1258.9842473652056,8774.579569166102,33.563816531308476,292,29,48
2026-02-04T08:30:10.522374,716,10026.580914036404,10240.650316853746,1258.9842473652056,8767.596666671197,26.580914036403556,292,29,48
2026-02-04T08:31:23.799800,717,10027.787999361228,10241.406540596003,1258.9842473652056,8768.803751996022,27.787999361227776,292,29,48
2026-02-04T08:32:37.468600,718,10031.521047280945,10248.428124506574,1258.9842473652056,8772.536799915739,31.521047280944913,292,29,48
2026-02-04T08:33:50.398540,719,10031.808532412517,10254.64819060222,1258.9842473652056,8772.82428504731,31.808532412516797,292,29,48
2026-02-04T08:35:03.356920,720,10034.704753494963,10257.984822231974,1258.9842473652056,8775.720506129757,34.70475349496337,292,29,48
2026-02-04T08:36:21.513884,721,10035.662428050498,10259.63002881161,1258.9842473652056,8776.678180685292,35.66242805049842,292,29,48
2026-02-04T08:37:33.992659,722,10035.076683082236,10258.298523687916,1258.9842473652056,8776.09243571703,35.07668308223583,292,29,48
2026-02-04T08:38:47.423443,723,10035.544411828765,10260.305775563607,1258.9842473652056,8776.560164463559,35.54441182876508,292,29,48
2026-02-04T08:40:00.745936,724,10043.703275384647,10270.069206016107,1258.9842473652056,8784.71902801944,43.703275384646986,292,29,48
2026-02-04T08:41:14.731531,725,10042.038333356068,10265.161828144759,1258.9842473652056,8783.054085990861,42.0383333560676,292,29,48
2026-02-04T08:42:27.591716,726,10043.391609167735,10268.540817749206,1258.9842473652056,8784.407361802529,43.391609167734714,292,29,48
2026-02-04T08:43:40.377522,727,10045.476648321192,10271.824381728757,1258.9842473652056,8786.492400955985,45.47664832119153,292,29,48
2026-02-04T08:44:53.318993,728,10046.964582109062,10275.930760097297,1258.9842473652056,8787.980334743856,46.964582109061666,292,29,48
2026-02-04T08:46:05.690593,729,10051.855068774732,10285.820306732263,1258.9842473652056,8792.870821409526,51.85506877473199,292,29,48
2026-02-04T08:47:18.241933,730,10070.352867721756,10303.263330116599,1258.9842473652056,8811.36862035655,70.35286772175641,292,29,48
2026-02-04T08:48:35.386962,731,10068.923805994602,10300.457750203635,1258.9842473652056,8809.939558629396,68.92380599460193,292,29,48
2026-02-04T08:49:48.902066,732,10065.720849660442,10297.283570238964,1258.9842473652056,8806.736602295236,65.72084966044167,292,29,48
2026-02-04T08:51:01.908319,733,10066.305192592532,10300.188847250098,1258.9842473652056,8807.320945227326,66.30519259253197,292,29,48
2026-02-04T08:52:14.526681,734,10068.218989203537,10305.818667084988,1258.9842473652056,8809.23474183833,68.2189892035367,292,29,48
2026-02-04T08:53:27.526422,735,10066.39149714355,10300.26221519506,1258.9842473652056,8807.407249778344,66.39149714354971,292,29,48
2026-02-04T08:54:40.587323,736,10061.862352100305,10297.791299357981,1258.9842473652056,8802.878104735099,61.86235210030463,292,29,48
2026-02-04T08:55:53.698902,737,10060.90682230901,10291.956157231913,1258.9842473652056,8801.922574943805,60.90682230901075,292,29,48
2026-02-04T08:57:06.967263,738,10060.974501525377,10292.168465750932,1258.9842473652056,8801.990254160171,60.97450152537749,292,29,48
2026-02-04T08:58:19.858142,739,10061.498102011423,10294.011583557905,1258.9842473652056,8802.513854646217,61.498102011422816,292,29,48
2026-02-04T08:59:33.093561,740,10059.071483077996,10294.317004667311,1258.9842473652056,8800.08723571279,59.07148307799616,292,29,48
2026-02-04T09:00:50.485320,741,10057.483920531833,10293.283813306374,1258.9842473652056,8798.499673166627,57.483920531833064,292,29,48
2026-02-04T09:02:03.002955,742,10058.101638899998,10294.687106192934,1258.9842473652056,8799.117391534792,58.10163889999785,292,29,48
2026-02-04T09:03:16.366169,743,10055.224496414909,10287.239503074588,1258.9842473652056,8796.240249049702,55.22449641490857,292,29,48
2026-02-04T09:04:29.184732,744,10054.168711437678,10281.116092736484,1258.9842473652056,8795.184464072472,54.16871143767821,292,29,48
2026-02-04T09:05:41.247916,745,10051.768893853345,10282.212336076,1258.9842473652056,8792.784646488139,51.76889385334471,292,29,48
2026-02-04T09:06:55.252019,746,10046.965681695809,10278.005499091383,1258.9842473652056,8787.981434330602,46.9656816958086,292,29,48
2026-02-04T09:08:08.078616,747,10044.290820821892,10270.30812388115,1258.9842473652056,8785.306573456686,44.29082082189234,292,29,48
2026-02-04T09:09:20.338208,748,10043.669845620723,10271.985940868073,1256.4662788704752,8787.203566750248,43.66984562072321,293,29,48
2026-02-04T09:10:33.064952,749,10043.200145790883,10270.792838693525,1256.4662788704752,8786.733866920407,43.20014579088274,293,29,48
2026-02-04T09:11:46.772102,750,10041.731537993952,10269.836095918308,1256.4662788704752,8785.265259123476,41.73153799395186,293,29,48
2026-02-04T09:13:04.195022,751,10043.5227721975,10276.882453739256,1256.4662788704752,8787.056493327025,43.52277219750067,293,29,48
2026-02-04T09:14:18.678241,752,10039.255519695242,10266.691708321847,1218.7722905043609,8820.48322919088,39.255519695241674,294,29,48
2026-02-04T09:15:31.410886,753,10038.597718337813,10262.773269255487,1218.7722905043609,8819.825427833452,38.597718337812694,294,29,48
2026-02-04T09:16:45.192243,754,10036.762438365018,10257.060923330395,1218.7722905043609,8817.990147860657,36.76243836501817,294,29,48
2026-02-04T09:17:57.790385,755,10012.07852321256,10237.337957348705,1218.7722905043609,8793.306232708199,12.078523212559958,294,29,48
2026-02-04T09:19:10.345498,756,10008.37184596638,10233.289979711624,1218.7722905043609,8789.599555462019,8.371845966379624,294,29,48
2026-02-04T09:20:23.080827,757,10015.796627880902,10246.212200250713,1218.7722905043609,8797.02433737654,15.796627880901724,294,29,48
2026-02-04T09:21:35.594697,758,10012.807705596833,10237.558998111455,1216.334745923352,8796.472959673481,12.80770559683333,295,29,48
2026-02-04T09:22:48.316162,759,10004.662667857903,10227.787736224946,1216.334745923352,8788.327921934551,4.662667857903216,295,29,48
2026-02-04T09:24:00.498617,760,10005.139183732177,10229.504900298749,1216.334745923352,8788.804437808825,5.139183732177116,295,29,48
2026-02-04T09:25:18.029506,761,10013.70340809601,10235.56316502578,1216.334745923352,8797.368662172657,13.703408096009298,295,29,48
2026-02-04T09:26:31.191286,762,10010.977965950577,10228.937060729915,1216.334745923352,8794.643220027225,10.977965950576618,295,29,48
2026-02-04T09:27:44.620328,763,10011.224021026206,10229.328240903555,1216.334745923352,8794.889275102854,11.224021026206174,295,29,48
2026-02-04T09:28:57.221614,764,10011.345825634316,10229.65521443317,1216.334745923352,8795.011079710965,11.345825634316498,295,29,48
2026-02-04T09:30:11.357898,765,10012.729354332032,10232.052572383353,1216.334745923352,8796.39460840868,12.729354332032017,295,29,48
2026-02-04T09:31:24.495546,766,10012.655183804198,10235.594847629493,1216.334745923352,8796.320437880846,12.655183804197804,295,29,48
2026-02-04T09:32:37.051480,767,10010.202164323957,10232.864241993,1216.334745923352,8793.867418400605,10.202164323956822,295,29,48
2026-02-04T09:33:49.788431,768,10009.493234475201,10232.673638407137,1216.334745923352,8793.15848855185,9.493234475201461,295,29,48
2026-02-04T09:35:02.912356,769,10008.87674670904,10232.084858380138,1216.334745923352,8792.542000785688,8.876746709040162,295,29,48
2026-02-04T09:36:15.542350,770,10006.092236016482,10227.321028040476,1216.334745923352,8789.75749009313,6.092236016482275,295,29,48
2026-02-04T09:37:33.363858,771,9992.05475649529,10212.871453214377,1216.334745923352,8775.720010571938,-7.9452435047096515,295,29,48
2026-02-04T09:38:46.366053,772,9984.463189004766,10204.490091508469,1216.334745923352,8768.128443081414,-15.536810995234191,295,29,48
2026-02-04T09:39:59.395287,773,9987.279219683625,10211.705387552938,1161.0002239406201,8826.278995743005,-12.720780316374658,298,29,48
2026-02-04T09:41:12.996631,774,9995.795158252407,10228.501431213004,1126.1702172224016,8869.624941030006,-4.204841747592582,299,29,48
2026-02-04T09:42:26.084495,775,9999.773155325336,10221.821312140413,1126.1702172224016,8873.602938102935,-0.22684467466388014,299,29,48
2026-02-04T09:43:38.247555,776,9999.182487500657,10216.459008319662,1126.1702172224016,8873.012270278256,-0.8175124993431382,299,29,48
2026-02-04T09:44:51.567572,777,9989.923074612458,10208.360381037506,1126.1702172224016,8863.752857390056,-10.07692538754236,299,29,48
2026-02-04T09:46:04.730050,778,9992.41143209986,10213.079974278657,1126.1702172224016,8866.241214877458,-7.588567900140333,299,29,48
2026-02-04T09:47:19.104259,779,10000.510998859787,10218.12984229152,1126.1702172224016,8874.340781637386,0.5109988597869233,299,29,48
2026-02-04T09:48:32.271146,780,9996.364801675147,10213.299830222288,1126.1702172224022,8870.194584452744,-3.6351983248532633,299,29,48
2026-02-04T09:49:49.670954,781,9997.376935879769,10216.091360145554,1126.170217222645,8871.206718657124,-2.6230641202309926,299,29,48
2026-02-04T09:51:03.047663,782,9996.279689396895,10213.710273449138,1126.170217222697,8870.109472174197,-3.7203106031047355,299,29,48
2026-02-04T09:52:15.267726,783,9998.02543260352,10217.569706881273,1126.170217222708,8871.85521538081,-1.9745673964807793,299,29,48
2026-02-04T09:53:28.511547,784,10000.081800346195,10222.964142266777,1126.170217222708,8873.911583123487,0.0818003461954504,299,29,48
2026-02-04T09:54:41.094518,785,9999.529937202793,10223.851380748176,1126.170217222708,8873.359719980084,-0.4700627972069924,299,29,48
2026-02-04T09:55:54.359520,786,10001.635072946876,10227.267641206934,1126.170217222708,8875.464855724167,1.63507294687588,299,29,48
2026-02-04T09:57:06.607749,787,10000.84701598144,10223.439051192345,1126.170217222708,8874.676798758732,0.8470159814405633,299,29,48
2026-02-04T09:58:19.394339,788,10000.266782728779,10222.200763136105,1126.170217222708,8874.09656550607,0.2667827287787077,299,29,48
2026-02-04T09:59:32.546621,789,9999.29556429445,10219.74067058086,1126.170217222708,8873.125347071742,-0.7044357055492583,299,29,48
2026-02-04T10:00:45.196786,790,9997.723090653819,10222.52662505116,1126.170217222708,8871.55287343111,-2.276909346181128,299,29,48
2026-02-04T10:02:04.586204,791,9996.34395710208,10218.839962120375,1126.170217222708,8870.173739879372,-3.6560428979191784,299,29,48
2026-02-04T10:03:17.874704,792,9995.723532467076,10218.600544334064,1126.170217222708,8869.553315244368,-4.2764675329235615,299,29,48
2026-02-04T10:04:31.553638,793,9995.732848660662,10220.388428456756,1126.170217222708,8869.562631437953,-4.267151339337943,299,29,48
2026-02-04T10:05:44.768188,794,9995.406225642255,10222.065313550556,1126.170217222708,8869.236008419546,-4.593774357745133,299,29,48
2026-02-04T10:06:57.860922,795,9995.9867405084,10224.782151367153,1126.170217222708,8869.816523285692,-4.013259491599456,299,29,48
2026-02-04T10:08:11.530632,796,9992.103929778234,10218.591219207981,1126.170217222708,8865.933712555525,-7.896070221766422,299,29,48
2026-02-04T10:09:24.598332,797,9989.811122897563,10215.362840189871,1126.170217222708,8863.640905674854,-10.18887710243689,299,29,48
2026-02-04T10:10:36.882494,798,9987.911050231764,10215.714130609564,1126.170217222708,8861.740833009055,-12.088949768236489,299,29,48
2026-02-04T10:11:49.257036,799,9988.372069454019,10216.054291421293,1126.170217222708,8862.20185223131,-11.627930545981144,299,29,48
2026-02-04T10:13:03.262494,800,9988.331444403664,10212.099523334922,1126.170217222708,8862.161227180955,-11.668555596335864,299,29,48
2026-02-04T10:14:20.104861,801,9989.034704107835,10214.33847948046,1126.170217222708,8862.864486885126,-10.965295892165159,299,29,48
2026-02-04T10:15:33.024975,802,9988.562703289344,10214.952986771379,1126.170217222708,8862.392486066636,-11.437296710655573,299,29,48
2026-02-04T10:16:46.803605,803,9997.620189451412,10225.461939784052,1126.170217222708,8871.449972228704,-2.3798105485875567,299,29,48
2026-02-04T10:18:00.574829,804,9995.843227118175,10221.781960514063,1126.170217222708,8869.673009895467,-4.156772881824509,299,29,48
2026-02-04T10:19:13.725360,805,9998.380436687474,10228.998154836387,1126.170217222708,8872.210219464765,-1.6195633125262248,299,29,48
2026-02-04T10:20:26.301709,806,9997.453343430483,10227.304772831558,1120.914756209002,8876.538587221481,-2.5466565695169265,300,29,48
2026-02-04T10:21:39.423467,807,9997.331526684955,10226.849947529858,1120.914756209002,8876.416770475953,-2.6684733150450484,300,29,48
2026-02-04T10:22:51.978321,808,9995.556432428419,10221.651384433388,1120.914756209002,8874.641676219417,-4.443567571581298,300,29,48
2026-02-04T10:24:04.930657,809,9995.910512887116,10221.75878461625,1120.914756209002,8874.995756678114,-4.089487112883944,300,29,48
2026-02-04T10:25:19.310651,810,9991.133130088203,10219.413336786502,1120.914756209002,8870.218373879201,-8.866869911797039,300,29,48
2026-02-04T10:26:37.079122,811,9991.256169491784,10219.712209489111,1120.914756209002,8870.341413282782,-8.743830508215979,300,29,48
2026-02-04T10:27:49.863398,812,9991.185896742436,10219.345389905182,1120.914756209002,8870.271140533434,-8.814103257564057,300,29,48
2026-02-04T10:29:02.119726,813,9987.953851873792,10218.204571941875,1120.914756209002,8867.03909566479,-12.046148126208209,300,29,48
2026-02-04T10:30:15.385235,814,9987.75515399183,10218.621406023227,1120.914756209002,8866.840397782827,-12.244846008170498,300,29,48
2026-02-04T10:31:27.726137,815,9989.675221733534,10223.175137700195,1120.914756209002,8868.760465524532,-10.324778266465728,300,29,48
2026-02-04T10:32:41.832698,816,9989.434187311033,10222.913852365693,1120.914756209002,8868.519431102031,-10.565812688966616,300,29,48
2026-02-04T10:33:55.680487,817,9990.19323503276,10226.221536183273,1120.914756209002,8869.278478823759,-9.80676496723936,300,29,48
2026-02-04T10:35:10.326246,818,9989.81694094483,10225.97717529186,1120.914756209002,8868.902184735827,-10.183059055170816,300,29,48
2026-02-04T10:36:23.183997,819,9988.657739457976,10224.549843079803,1120.914756209002,8867.742983248974,-11.342260542023723,300,29,48
2026-02-04T10:37:36.502157,820,9983.298816420926,10211.631866726968,1120.914756209002,8862.384060211923,-16.701183579074495,300,29,48
2026-02-04T10:38:53.855027,821,9984.418669908087,10210.352690740569,1120.914756209002,8863.503913699085,-15.581330091912605,300,29,48
2026-02-04T10:40:07.359101,822,9984.815937622101,10211.474479953114,1120.914756209002,8863.901181413099,-15.184062377898954,300,29,48
2026-02-04T10:41:19.673923,823,9984.787965353804,10212.357933142692,1120.914756209002,8863.873209144802,-15.212034646196116,300,29,48
2026-02-04T10:42:33.544386,824,9988.620920344694,10217.140385910514,1120.914756209002,8867.706164135692,-11.379079655305759,300,29,48
2026-02-04T10:43:46.607592,825,9985.025635019645,10210.893659963911,1120.914756209002,8864.110878810643,-14.974364980354949,300,29,48
2026-02-04T10:44:58.869873,826,9984.596824651207,10211.012578805688,1120.914756209002,8863.682068442205,-15.403175348792502,300,29,48
2026-02-04T10:46:11.446400,827,9984.30332432816,10209.769348464642,1120.914756209002,8863.388568119159,-15.69667567183933,300,29,48
2026-02-04T10:47:24.250616,828,9978.939958286359,10209.519267321022,1120.914756209002,8858.025202077357,-21.060041713641112,300,29,48
2026-02-04T10:48:36.694394,829,9978.205536384714,10209.299999862256,1120.914756209002,8857.290780175712,-21.794463615286077,300,29,48
2026-02-04T10:49:49.057539,830,9978.649309638582,10210.185144325149,1120.914756209002,8857.73455342958,-21.350690361417946,300,29,48
2026-02-04T10:51:07.050908,831,9980.906803826,10212.974075730548,1103.0115057228318,8877.895298103167,-19.093196174000695,302,29,48
2026-02-04T10:52:20.313060,832,9983.541646868236,10213.020733112719,1100.805482711386,8882.73616415685,-16.458353131763943,303,29,48
2026-02-04T10:53:32.803559,833,9982.781642612266,10211.467281051886,1100.805482711386,8881.97615990088,-17.218357387733704,303,29,48
2026-02-04T10:54:46.681520,834,9982.562153542034,10211.175632558849,1100.805482711386,8881.756670830648,-17.43784645796586,303,29,48
2026-02-04T10:55:59.653925,835,9984.34265313658,10215.217287574025,1100.805482711386,8883.537170425194,-15.657346863419662,303,29,48
2026-02-04T10:57:13.221169,836,9983.766774593654,10214.476999093724,1100.805482711386,8882.961291882268,-16.23322540634581,303,29,48
2026-02-04T10:58:25.719237,837,9981.148881005909,10212.839431453163,1100.805482711386,8880.343398294523,-18.85111899409094,303,29,48
2026-02-04T10:59:38.638187,838,9980.561975909714,10211.546351685423,1100.805482711386,8879.756493198327,-19.43802409028649,303,29,48
2026-02-04T11:00:51.405465,839,9978.939860087348,10205.986510784689,1100.805482711386,8878.134377375962,-21.06013991265172,303,29,48
2026-02-04T11:02:06.496146,840,9971.453617208574,10195.821178448783,1100.805482711386,8870.648134497187,-28.546382791426367,303,29,48
2026-02-04T11:03:23.995346,841,9963.664801762525,10180.574236965194,1100.805482711386,8862.859319051138,-36.3351982374752,303,29,48
2026-02-04T11:04:39.568961,842,9931.321575962007,10159.987432915534,1098.6038717459633,8832.717704216044,-68.67842403799295,304,29,48
2026-02-04T11:05:52.622597,843,9929.330346067949,10150.383555431852,1098.6038717459633,8830.726474321986,-70.669653932051,304,29,48
2026-02-04T11:07:05.134157,844,9900.5528779087,10114.703066050712,1098.6038717459633,8801.949006162737,-99.44712209130012,304,29,48
2026-02-04T11:08:19.130669,845,9887.317397575638,10101.671751176602,1098.6038717459633,8788.713525829675,-112.6826024243619,304,29,48
2026-02-04T11:09:32.636059,846,9893.492998395512,10104.151097897562,1098.6038717459633,8794.889126649548,-106.50700160448832,304,29,48
2026-02-04T11:10:45.086035,847,9887.382709427451,10101.139014239,1098.6038717459633,8788.778837681488,-112.61729057254888,304,29,48
2026-02-04T11:11:59.040700,848,9895.69396675436,10113.283882588925,1098.6038717459633,8797.090095008396,-104.30603324564072,304,29,48
2026-02-04T11:13:12.505331,849,9892.142470424762,10103.225520511362,1098.6038717459633,8793.538598678799,-107.857529575238,304,29,48
2026-02-04T11:14:25.253823,850,9887.894680582793,10106.79102164997,1098.6038717459655,8789.290808836828,-112.10531941720728,304,29,48
2026-02-04T11:15:42.278785,851,9898.66369318528,10133.197910868272,1098.603871745966,8800.059821439316,-101.33630681471914,304,29,48
2026-02-04T11:16:55.951222,852,9895.92075207824,10123.99933130324,1098.603871745966,8797.316880332275,-104.07924792175982,304,29,48
2026-02-04T11:18:08.631066,853,9895.512121543412,10109.898457140856,1098.603871745966,8796.908249797447,-104.48787845658808,304,29,48
2026-02-04T11:19:21.292919,854,9888.857385970452,10100.592751620947,1098.603871745966,8790.253514224487,-111.14261402954799,304,29,48
2026-02-04T11:20:33.969944,855,9898.030846592796,10113.579186133205,1098.603871745966,8799.426974846829,-101.96915340720443,304,29,48
2026-02-04T11:21:46.833787,856,9913.322273679081,10135.784877115333,1098.603871745966,8814.718401933114,-86.67772632091874,304,29,48
2026-02-04T11:22:59.281230,857,9927.240490083968,10133.529954594387,1098.603871745966,8828.636618338001,-72.75950991603167,304,29,48
2026-02-04T11:24:11.865912,858,9928.24069564106,10135.71930561587,1098.603871745966,8829.636823895093,-71.75930435894043,304,29,48
2026-02-04T11:25:26.189309,859,9938.871784046127,10157.410574728807,1065.645755593587,8873.22602845254,-61.12821595387322,305,29,48
2026-02-04T11:26:38.204735,860,9936.492704111632,10154.31504452833,1065.645755593587,8870.846948518045,-63.50729588836839,305,29,48
2026-02-04T11:27:55.486645,861,9938.640468120648,10153.508874683686,1063.5144640823999,8875.126004038248,-61.35953187935229,306,29,48
2026-02-04T11:29:09.363878,862,9937.380870898203,10146.490058627292,1063.5144640823999,8873.866406815803,-62.619129101796716,306,29,48
2026-02-04T11:30:23.051705,863,9937.496204502007,10146.744186380809,1063.5144640823999,8873.981740419607,-62.50379549799254,306,29,48
2026-02-04T11:31:35.743619,864,9935.476851409298,10146.158380078057,1046.5280110620758,8888.948840347222,-64.52314859070248,308,29,48
2026-02-04T11:32:48.857418,865,9925.625908042772,10141.792137140512,1025.0070722962685,8900.618835746503,-74.3740919572283,311,29,48
2026-02-04T11:34:01.536344,866,9925.822501937642,10142.319916177363,1025.0070722962685,8900.815429641374,-74.1774980623577,311,29,48
2026-02-04T11:35:14.943743,867,9937.881669072955,10154.816771614756,1025.0070722962685,8912.874596776686,-62.11833092704546,311,29,48
2026-02-04T11:36:28.010536,868,9940.135969830859,10157.739771577979,1025.0070722962685,8915.12889753459,-59.86403016914119,311,29,48
2026-02-04T11:37:40.964871,869,9973.633389595214,10194.78252715931,1025.0070722962685,8948.626317298946,-26.366610404786115,311,29,48
2026-02-04T11:38:53.684069,870,9962.139404577456,10180.413686145814,1025.0070722962685,8937.132332281188,-37.860595422544066,311,29,48
2026-02-04T11:40:11.471045,871,9961.002355896824,10177.585922442726,1025.0070722962685,8935.995283600556,-38.997644103175844,311,29,48
2026-02-04T11:41:24.735810,872,9960.769473208496,10175.626033811517,1025.0070722962685,8935.762400912228,-39.23052679150351,311,29,48
2026-02-04T11:42:37.084029,873,9959.139266127406,10168.431076532954,1025.0070722962685,8934.132193831138,-40.86073387259421,311,29,48
2026-02-04T11:43:49.973909,874,9959.72114620789,10169.911589043679,1025.0070722962685,8934.714073911622,-40.27885379210966,311,29,48
2026-02-04T11:45:03.389976,875,9954.451186073713,10170.461393517762,1025.0070722962685,8929.444113777445,-45.54881392628704,311,29,48
2026-02-04T11:46:16.239840,876,9951.607456706346,10171.418978747906,1025.0070722962685,8926.600384410078,-48.392543293653944,311,29,48
2026-02-04T11:47:29.270160,877,9958.98421021443,10182.800271893124,1025.0070722962685,8933.977137918162,-41.01578978556972,311,29,48
2026-02-04T11:48:42.824942,878,9958.08081436781,10181.753045210064,1025.0070722962685,8933.073742071541,-41.91918563219042,311,29,48
2026-02-04T11:49:55.490720,879,9957.182331925475,10180.598909794675,1025.0070722962685,8932.175259629206,-42.8176680745255,311,29,48
2026-02-04T11:51:07.760348,880,9957.105931892373,10179.804034210698,1025.0070722962685,8932.098859596104,-42.89406810762739,311,29,48
2026-02-04T11:52:24.662764,881,9952.520698373606,10167.260270281307,1025.0070722962685,8927.513626077338,-47.47930162639386,311,29,48
2026-02-04T11:53:37.213765,882,9953.325597633795,10167.722485492128,1025.0070722962685,8928.318525337527,-46.67440236620496,311,29,48
2026-02-04T11:54:50.986496,883,9953.84726085398,10169.25517657614,1025.0070722962685,8928.840188557711,-46.152739146020394,311,29,48
2026-02-04T11:56:04.064706,884,9955.576879442004,10172.718932449274,1025.0070722962685,8930.569807145735,-44.4231205579963,311,29,48
2026-02-04T11:57:16.864213,885,9956.311231323005,10174.00413802249,1025.0070722962685,8931.304159026737,-43.688768676995096,311,29,48
2026-02-04T11:58:29.970474,886,9956.804086894552,10175.511462109196,1025.0070722962685,8931.797014598284,-43.1959131054482,311,29,48
2026-02-04T11:59:42.136427,887,9956.157067068016,10173.894825718438,1025.0070722962685,8931.149994771748,-43.84293293198425,311,29,48
2026-02-04T12:00:55.434243,888,9952.784820311668,10169.714723677975,1025.0070722962685,8927.7777480154,-47.21517968833177,311,29,48
2026-02-04T12:02:08.181208,889,9954.52184917238,10173.534890882089,1025.0070722962685,8929.514776876113,-45.478150827619174,311,29,48
2026-02-04T12:03:21.967330,890,9956.296561751135,10175.311135837343,1025.0070722962685,8931.289489454866,-43.703438248865496,311,29,48
2026-02-04T12:04:39.972127,891,9957.576820454533,10180.114215917809,1025.0070722962685,8932.569748158265,-42.423179545467065,311,29,48
2026-02-04T12:05:53.275771,892,9956.9109662053,10177.668298821744,1025.0070722962685,8931.903893909031,-43.0890337947003,311,29,48
2026-02-04T12:07:06.660761,893,9957.069501848839,10178.152240321866,1025.0070722962685,8932.06242955257,-42.93049815116137,311,29,48
2026-02-04T12:08:19.302777,894,9955.073433018719,10168.746325996992,1025.0070722962685,8930.06636072245,-44.92656698128121,311,29,48
2026-02-04T12:09:31.998648,895,9956.269111481904,10170.80988019434,1025.0070722962685,8931.262039185636,-43.730888518095526,311,29,48
2026-02-04T12:10:44.412306,896,9957.571981857274,10174.623877283955,1025.0070722962685,8932.564909561006,-42.428018142725705,311,29,48
2026-02-04T12:11:56.632384,897,9957.057186347243,10173.154886283457,1025.0070722962685,8932.050114050975,-42.94281365275674,311,29,48
2026-02-04T12:13:08.877770,898,9958.03994788744,10175.084053866938,1025.0070722962685,8933.032875591172,-41.960052112559424,311,29,48
2026-02-04T12:14:22.455332,899,9958.03994788744,10175.141275212553,1025.0070722962685,8933.032875591172,-41.960052112559424,311,29,48
2026-02-04T12:15:36.430820,900,9955.224791402989,10175.118096273145,1025.0070722962685,8930.21771910672,-44.77520859701144,311,29,48
2026-02-04T12:16:53.102855,901,9956.547833019911,10177.062194225047,1010.6569732841207,8945.890859735791,-43.452166980088805,312,29,48
2026-02-04T12:18:06.045124,902,9957.955022897,10182.815906815256,1010.6569732841207,8947.29804961288,-42.04497710299984,312,29,48
2026-02-04T12:19:19.386259,903,9960.613504644341,10187.607431765759,1010.6569732841207,8949.956531360222,-39.38649535565855,312,29,48
2026-02-04T12:20:32.767737,904,9960.48363325634,10187.17454412398,1010.6569732841207,8949.826659972221,-39.51636674365909,312,29,48
2026-02-04T12:21:45.870674,905,9960.626092852382,10189.98348234436,978.3159501390288,8982.310142713353,-39.3739071476175,313,29,48
2026-02-04T12:22:59.033825,906,9960.110837096177,10187.385268847385,978.3159501390288,8981.794886957148,-39.88916290382258,313,29,48
2026-02-04T12:24:11.793090,907,9960.044621471101,10186.799337140776,978.3159501390288,8981.728671332072,-39.95537852889902,313,29,48
2026-02-04T12:25:24.488566,908,9956.97840653356,10177.984265231931,978.3159501390288,8978.662456394532,-43.0215934664393,313,29,48
2026-02-04T12:26:37.227496,909,9953.534168901224,10163.306347762315,978.3159501390288,8975.218218762195,-46.46583109877611,313,29,48
2026-02-04T12:27:50.744439,910,9925.250695417451,10147.936727674158,978.3159501390288,8946.934745278422,-74.74930458254858,313,29,48
2026-02-04T12:29:07.251931,911,9912.39193575418,10130.659598885924,947.0685386915883,8965.323397062592,-87.60806424582006,315,29,48
2026-02-04T12:30:20.450930,912,9908.031518567343,10126.797710631232,899.765110586296,9008.266407981047,-91.96848143265743,319,29,48
2026-02-04T12:31:32.822629,913,9917.224651044313,10140.802262332048,854.8243565844049,9062.400294459909,-82.77534895568715,323,29,48
2026-02-04T12:32:45.899955,914,9925.543424191332,10144.979066588056,812.1282677139974,9113.415156477335,-74.45657580866828,327,29,48
2026-02-04T12:33:59.745804,915,9925.14240097137,10145.100891977387,771.5647292216742,9153.577671749696,-74.85759902862992,331,29,48
2026-02-04T12:35:13.835246,916,9930.24015689525,10154.259219223211,771.5647292216742,9158.675427673576,-69.75984310474996,331,29,48
2026-02-04T12:36:26.713359,917,9923.57746063155,10144.553071265796,771.5647292216742,9152.012731409875,-76.42253936845009,331,29,48
2026-02-04T12:37:40.320100,918,9918.779048583492,10142.714920423788,771.5647292216742,9147.214319361818,-81.22095141650789,331,29,48
2026-02-04T12:38:53.698210,919,9920.853153472392,10145.453741367546,771.5647292216742,9149.288424250717,-79.14684652760843,331,29,48
2026-02-04T12:40:06.648791,920,9919.402894736719,10142.969527898726,771.5647292216742,9147.838165515044,-80.59710526328126,331,29,48
2026-02-04T12:41:24.011901,921,9919.537330996951,10147.74837255763,771.5647292216742,9147.972601775276,-80.46266900304909,331,29,48
2026-02-04T12:42:36.249721,922,9923.201333431436,10147.761647932939,771.5647292216742,9151.636604209762,-76.79866656856393,331,29,48
2026-02-04T12:43:49.014892,923,9922.165958969972,10145.256901985074,771.5647292216742,9150.601229748298,-77.83404103002795,331,29,48
2026-02-04T12:45:01.268455,924,9922.149266948252,10144.768582218556,771.5647292216742,9150.584537726578,-77.85073305174774,331,29,48
2026-02-04T12:46:14.350868,925,9924.569717932201,10146.693652523592,771.5647292216742,9153.004988710527,-75.43028206779854,331,29,48
2026-02-04T12:47:26.663560,926,9925.922132488233,10150.775906140028,771.5647292216742,9154.357403266558,-74.07786751176718,331,29,48
2026-02-04T12:48:38.864025,927,9925.305539585823,10149.958221430206,771.5647292216742,9153.740810364148,-74.69446041417723,331,29,48
2026-02-04T12:49:51.198507,928,9923.763382115289,10146.086974249774,771.5647292216742,9152.198652893614,-76.23661788471145,331,29,48
2026-02-04T12:51:04.864453,929,9922.961895823382,10143.058891289938,771.5647292216742,9151.397166601708,-77.03810417661771,331,29,48
2026-02-04T12:52:17.172961,930,9923.291590112522,10144.80599451016,771.5647292216742,9151.726860890847,-76.70840988747841,331,29,48
2026-02-04T12:53:33.779001,931,9924.80494303843,10144.575652116591,771.5647292216742,9153.240213816756,-75.19505696156921,331,29,48
2026-02-04T12:54:47.232118,932,9926.531999860961,10147.84699396579,771.5647292216742,9154.967270639287,-73.46800013903885,331,29,48
2026-02-04T12:56:00.114556,933,9928.788368416934,10149.079378682856,771.5647292216742,9157.22363919526,-71.21163158306626,331,29,48
2026-02-04T12:57:13.629670,934,9930.28521056345,10152.6197904492,771.5647292216742,9158.720481341776,-69.71478943654984,331,29,48
2026-02-04T12:58:25.836665,935,9930.299178132447,10152.729797158117,771.5647292216742,9158.734448910773,-69.7008218675528,331,29,48
2026-02-04T12:59:39.369726,936,9932.662020290487,10152.693417761653,771.5647292216742,9161.097291068812,-67.33797970951309,331,29,48
2026-02-04T13:00:51.894360,937,9937.969094770062,10154.289294325816,771.5647292216742,9166.404365548387,-62.03090522993807,331,29,48
2026-02-04T13:02:04.386525,938,9938.793086324076,10155.602844798777,771.5647292216742,9167.228357102402,-61.206913675923715,331,29,48
2026-02-04T13:03:16.570091,939,9938.561215896218,10156.898083078282,771.5647292216742,9166.996486674543,-61.43878410378238,331,29,48
2026-02-04T13:04:30.018242,940,9937.293405802395,10152.571494624035,771.5647292216742,9165.72867658072,-62.70659419760523,331,29,48
2026-02-04T13:05:47.276746,941,9933.754875201232,10150.68131017044,771.5647292216742,9162.190145979557,-66.2451247987683,331,29,48
2026-02-04T13:07:00.185629,942,9935.48974141517,10153.586348347397,771.5647292216742,9163.925012193495,-64.51025858483081,331,29,48
2026-02-04T13:08:12.309794,943,9936.986043297265,10156.2657360471,771.5647292216742,9165.421314075591,-63.013956702734504,331,29,48
2026-02-04T13:09:24.398455,944,9936.569377239031,10158.279366341709,771.5647292216742,9165.004648017357,-63.43062276096862,331,29,48
2026-02-04T13:10:36.750122,945,9934.5435142949,10154.614558014928,771.5647292216742,9162.978785073226,-65.45648570509911,331,29,48
2026-02-04T13:11:49.776409,946,9926.751155331744,10151.157690279777,771.5647292216742,9155.186426110069,-73.24884466825642,331,29,48
2026-02-04T13:13:03.877286,947,9927.594609473657,10152.552338599391,771.5647292216742,9156.029880251983,-72.40539052634267,331,29,48
2026-02-04T13:14:16.510934,948,9927.652356564491,10155.44539629674,771.5647292216742,9156.087627342817,-72.34764343550887,331,29,48
2026-02-04T13:15:29.415583,949,9926.84525406596,10152.852221523619,771.5647292216742,9155.280524844286,-73.15474593403997,331,29,48
2026-02-04T13:16:42.862360,950,9918.257745636707,10134.445509922574,766.4281656310023,9151.829580005704,-81.74225436329289,333,29,48
2026-02-04T13:18:00.758447,951,9921.52155156505,10137.136764693296,750.6672366863528,9170.854314878698,-78.47844843494931,336,29,48
2026-02-04T13:19:13.902531,952,9920.94908033982,10134.140326140603,750.6672366863528,9170.281843653467,-79.05091966017972,336,29,48
2026-02-04T13:20:26.272896,953,9910.186065491846,10117.566123016668,750.6672366863528,9159.518828805492,-89.81393450815449,336,29,48
2026-02-04T13:21:39.608581,954,9911.803933695737,10120.674038301479,750.6672366863528,9161.136697009384,-88.19606630426279,336,29,48
2026-02-04T13:22:52.707442,955,9897.588998562398,10108.895841906562,750.6672366863528,9146.921761876045,-102.41100143760195,336,29,48
2026-02-04T13:24:05.059678,956,9895.528316285869,10107.993072807494,750.6672366863528,9144.861079599516,-104.47168371413136,336,29,48
2026-02-04T13:25:17.984747,957,9897.811105226145,10113.8228440811,750.6672366863528,9147.143868539792,-102.18889477385528,336,29,48
2026-02-04T13:26:30.228573,958,9899.15579859156,10117.354794172747,750.6672366863528,9148.488561905207,-100.8442014084394,336,29,48
2026-02-04T13:27:44.043751,959,9898.512628717748,10113.16787758781,750.6672366863528,9147.845392031395,-101.48737128225184,336,29,48
2026-02-04T13:28:56.473908,960,9900.752373478039,10114.440513052807,750.6672366863528,9150.085136791686,-99.24762652196114,336,29,48
2026-02-04T13:30:13.914954,961,9899.870135538004,10113.055893791123,750.6672366863528,9149.20289885165,-100.12986446199648,336,29,48
2026-02-04T13:31:26.715495,962,9903.37933021881,10119.402593444465,750.6672366863528,9152.712093532456,-96.62066978119037,336,29,48
2026-02-04T13:32:39.068714,963,9903.544513900568,10123.141157912187,750.6672366863528,9152.877277214215,-96.45548609943216,336,29,48
2026-02-04T13:33:53.020464,964,9898.357448015922,10109.376263153517,750.6672366863528,9147.69021132957,-101.64255198407773,336,29,48
2026-02-04T13:35:06.006184,965,9886.445374531626,10101.761880535792,750.6672366863528,9135.778137845273,-113.55462546837407,336,29,48
2026-02-04T13:36:18.500803,966,9880.088974978586,10092.652846230387,750.6672366863528,9129.421738292232,-119.91102502141439,336,29,48
2026-02-04T13:37:30.952508,967,9877.292449672117,10087.973575141494,750.6672366863528,9126.625212985764,-122.70755032788293,336,29,48
2026-02-04T13:38:43.101874,968,9874.362252494528,10081.913826294616,750.6672366863528,9123.695015808175,-125.63774750547236,336,29,48
2026-02-04T13:39:56.229857,969,9864.100392358087,10072.841906892725,750.6672366863528,9113.433155671733,-135.89960764191346,336,29,48
2026-02-04T13:41:09.640294,970,9869.27754266638,10074.453927426419,750.6672366863528,9118.610305980026,-130.7224573336207,336,29,48
2026-02-04T13:42:26.680000,971,9859.823263542565,10059.36121956414,750.6672366863528,9109.156026856212,-140.17673645743525,336,29,48
2026-02-04T13:43:39.283364,972,9860.278122900547,10061.217945840624,725.1925933421647,9135.085529558382,-139.7218770994532,338,29,48
2026-02-04T13:44:52.070946,973,9860.741397547932,10060.962971561235,725.1925933421647,9135.548804205768,-139.25860245206786,338,29,48
2026-02-04T13:46:44.007905,974,9848.579280701762,10054.402340208666,701.9864303552155,9146.592850346547,-151.4207192982376,339,29,48
2026-02-04T13:47:56.953120,975,9846.68189633586,10051.701223478929,657.8189042890405,9188.86299204682,-153.31810366413993,342,29,48
2026-02-04T13:49:09.625496,976,9822.636329721554,10017.280405258238,635.4951619530875,9187.141167768466,-177.36367027844608,344,29,48
2026-02-04T13:50:21.890402,977,9819.674484767,10018.4126376833,613.9289981370475,9205.745486629952,-180.32551523300026,346,29,48
2026-02-04T13:51:34.361972,978,9827.582854865756,10022.262861782336,613.9289981370475,9213.653856728708,-172.4171451342445,346,29,48
2026-02-04T13:52:46.613629,979,9839.970937017071,10039.164964465606,613.9289981370475,9226.041938880024,-160.02906298292874,346,29,48
2026-02-04T13:53:59.174783,980,9834.772899599127,10032.06532649725,612.7011401407734,9222.071759458355,-165.2271004008726,347,29,48
2026-02-04T13:55:16.389071,981,9837.212099867562,10037.232423670517,591.9085142489562,9245.303585618605,-162.78790013243815,349,29,48
2026-02-04T13:56:30.659251,982,9831.004925483983,10031.835291883923,562.3443373126513,9268.660588171331,-168.99507451601676,353,29,48
2026-02-04T13:57:42.960754,983,9830.704715177853,10029.905850427065,550.7802148804938,9279.92450029736,-169.29528482214664,356,29,48
2026-02-04T13:58:55.569566,984,9800.333069034436,9995.336509334324,537.1943029134416,9263.138766120994,-199.66693096556446,357,29,48
2026-02-04T14:00:09.975925,985,9799.632815438852,9994.01824749337,520.0040852202114,9279.628730218641,-200.36718456114795,358,29,48
2026-02-04T14:01:22.895622,986,9813.33763774052,10008.61858280777,516.5422446902054,9296.795393050315,-186.66236225947978,360,29,48
2026-02-04T14:02:35.597781,987,9812.222351271857,10007.945845509914,516.5422446902054,9295.680106581653,-187.7776487281426,360,29,48
2026-02-04T14:03:48.009059,988,9820.687632374906,10016.987760790653,516.5422446902054,9304.1453876847,-179.31236762509434,360,29,48
2026-02-04T14:05:02.023250,989,9819.376796167424,10013.112837940367,516.5422446902054,9302.834551477219,-180.6232038325761,360,29,48
2026-02-04T14:06:14.625012,990,9834.335833052048,10029.731986747529,516.5422446902054,9317.793588361843,-165.66416694795225,360,29,48
2026-02-04T14:07:31.718015,991,9834.70869519274,10030.468842157608,515.7979156413868,9318.910779551352,-165.29130480726053,361,29,48
2026-02-04T14:08:44.884692,992,9840.92640041432,10031.618687547865,515.7979156413868,9325.128484772933,-159.0735995856794,361,29,48
2026-02-04T14:10:14.205294,993,9813.111276750506,9997.945341247507,515.7979156413868,9297.313361109118,-186.88872324949443,361,29,48
2026-02-04T14:11:26.390213,994,9812.35296836428,9998.861273289227,515.7979156413868,9296.555052722892,-187.64703163572085,361,29,48
2026-02-04T14:12:40.347652,995,9818.324154673239,10011.651212540943,515.7979156413868,9302.526239031851,-181.6758453267612,361,29,48
2026-02-04T14:13:53.855655,996,9829.983788022435,10024.129363332451,515.7979156413868,9314.185872381047,-170.01621197756504,361,29,48
2026-02-04T14:15:07.025376,997,10000.0,10026.371346091188,10000.0,0.0,0.0,369,33,52
2026-02-04T14:16:19.183235,998,10000.0,10014.272927881511,10000.0,0.0,0.0,369,33,52
2026-02-04T14:17:33.117315,999,9992.00391717963,10009.258947849283,9700.0,292.00391717963066,-7.996082820369338,370,33,52
2026-02-04T14:18:46.486683,1000,9992.730665920537,10023.609811685863,9700.0,292.7306659205372,-7.2693340794630785,370,33,52
2026-02-04T14:20:03.773095,1001,9992.805204252938,10030.840148076584,9700.0,292.80520425293787,-7.194795747062017,370,33,52
2026-02-04T14:21:16.438483,1002,9963.032802791491,10032.89132784902,8632.209687111113,1330.8231156803777,-36.96719720850888,373,33,52
2026-02-04T14:22:29.602940,1003,9943.785341089158,10019.680020783886,7590.6127374255375,2353.1726036636214,-56.214658910841536,375,33,52
2026-02-04T14:23:42.046746,1004,9938.41917379085,10012.729259789989,7274.782522646736,2663.6366511441133,-61.58082620915047,377,33,52
2026-02-04T14:24:54.801932,1005,9922.026394594915,10006.735279429275,6726.962299561345,3195.064095033569,-77.97360540508453,379,33,52
2026-02-04T14:26:08.024134,1006,9916.124769002447,10002.39989763617,6508.093854182817,3408.0309148196297,-83.87523099755344,381,33,52
2026-02-04T14:27:20.421558,1007,9913.802098670763,10001.648367808188,6325.867226265698,3587.934872405064,-86.19790132923663,382,33,52
2026-02-04T14:28:33.512393,1008,9896.633936072709,10007.240481607598,5648.645184490597,4247.988751582112,-103.36606392729118,384,33,52
2026-02-04T14:29:45.898911,1009,9883.910665182451,10007.445109296217,5146.412843847169,4737.4978213352815,-116.08933481754866,386,33,52
2026-02-04T14:31:14.215930,1010,9844.795365891912,9962.000808975288,4763.625420269027,5081.169945622885,-155.2046341080877,390,33,52
2026-02-04T14:32:31.807886,1011,9805.018544730248,9941.6994745708,3599.7722031961025,6205.246341534145,-194.98145526975168,395,33,52
2026-02-04T14:33:45.406592,1012,9783.126333878228,9934.827451061212,2964.8365805589965,6818.289753319232,-216.87366612177175,400,33,52
2026-02-04T14:34:59.088981,1013,9762.075571699406,9923.318181940009,2629.8081913950673,7132.267380304338,-237.92442830059372,404,33,52
2026-02-04T14:36:12.348257,1014,9822.385235263999,10008.323432796045,2629.8081913950673,7192.577043868931,-177.61476473600123,404,33,52
2026-02-04T14:37:24.999637,1015,9857.6580043386,10051.313878694646,2587.804894962105,7269.853109376495,-142.34199566139978,406,33,52
2026-02-04T14:38:38.206530,1016,9831.919576470495,10025.05432871826,2273.8573178769248,7558.06225859357,-168.08042352950542,410,33,52
2026-02-04T14:39:51.348753,1017,9822.41515191612,10011.7627498347,2273.8573178769248,7548.557834039197,-177.58484808387948,410,33,52
2026-02-04T14:41:31.905411,1018,9797.579885175088,9985.041136516345,2273.8573178769248,7523.722567298162,-202.42011482491216,410,33,52
2026-02-04T14:42:45.141146,1019,9797.877485927867,9983.24362099007,2273.8573178769248,7524.0201680509435,-202.12251407213262,410,33,52
2026-02-04T14:43:59.151081,1020,9822.957081362929,10019.494873387044,2273.8573178769248,7549.099763486005,-177.04291863707112,410,33,52
2026-02-04T14:45:17.664916,1021,9803.251179990362,9992.265233062191,2273.8573178769248,7529.3938621134375,-196.7488200096377,410,33,52
2026-02-04T14:46:32.126318,1022,9796.047777188782,9983.180889712195,2273.8573178769248,7522.190459311856,-203.95222281121823,410,33,52
2026-02-04T14:47:44.543082,1023,9808.734859675838,10004.671484464312,2273.8573178769248,7534.8775417989145,-191.26514032416162,410,33,52
2026-02-04T14:48:57.429639,1024,9814.139775086474,10016.963006520551,2273.8573178769248,7540.282457209549,-185.8602249135256,410,33,52
2026-02-04T14:50:10.033778,1025,9832.89022793897,10027.544323454958,2273.8573178769248,7559.032910062044,-167.10977206103053,410,33,52
2026-02-04T14:51:23.413364,1026,9807.524413830433,9991.962027054638,2273.8573178769248,7533.667095953509,-192.47558616956667,410,33,52
2026-02-04T14:52:35.739451,1027,9783.960267195718,9968.540184796588,2273.8573178769248,7510.102949318794,-216.0397328042818,410,33,52
2026-02-04T14:53:51.313483,1028,9750.756630922784,9919.68960138522,2273.8573178769248,7476.89931304586,-249.2433690772159,410,33,52
2026-02-04T14:55:04.126910,1029,9760.71713175311,9945.220093274156,2075.2628252455424,7685.454306507568,-239.28286824688985,415,33,52
2026-02-04T14:56:18.047323,1030,9755.742301660148,9946.640063161827,1772.278666024212,7983.463635635936,-244.25769833985214,422,33,52
2026-02-04T14:57:36.481717,1031,9731.889103777286,9907.712107497753,1625.074807608595,8106.814296168691,-268.11089622271356,426,33,52
2026-02-04T14:58:50.122643,1032,9701.71398064645,9881.168175161452,1508.0520873294947,8193.661893316954,-298.2860193535507,428,33,52
2026-02-04T15:00:04.161537,1033,9682.094708884517,9862.45241975723,1445.7192677198757,8236.37544116464,-317.9052911154831,429,33,52
2026-02-04T15:01:17.098198,1034,9678.348610038915,9852.779739264595,1445.7192677198757,8232.629342319038,-321.65138996108544,429,33,52
2026-02-04T15:02:29.805085,1035,9653.922353016975,9828.75857425814,1445.7192677198757,8208.203085297098,-346.07764698302526,429,33,52
2026-02-04T15:03:44.558877,1036,9715.507637092116,9909.33455831204,1328.1341006119924,8387.373536480123,-284.49236290788394,430,33,52
2026-02-04T15:04:58.143879,1037,9699.803898122202,9894.761165692687,1181.0689262284927,8518.73497189371,-300.19610187779836,432,33,52
2026-02-04T15:06:10.881393,1038,9689.930174700261,9885.166196852926,1020.8803021017857,8669.049872598476,-310.069825299739,435,33,52
2026-02-04T15:07:23.618936,1039,9682.755421085174,9885.780460038699,937.8487041975071,8744.906716887666,-317.244578914826,436,33,52
2026-02-04T15:08:37.314837,1040,9732.746314268157,9934.22773283292,932.3589691056394,8800.387345162519,-267.2536857318428,437,33,52
2026-02-04T15:09:55.332244,1041,9754.475655447684,9955.952232998137,931.19233575133,8823.283319696355,-245.5243445523156,438,33,52
2026-02-04T15:11:07.919681,1042,9726.08452109653,9926.128959127005,931.19233575133,8794.892185345201,-273.9154789034692,438,33,52
2026-02-04T15:12:20.752629,1043,9745.536766997026,9954.221308262586,931.19233575133,8814.344431245696,-254.46323300297445,438,33,52
2026-02-04T15:13:33.949763,1044,9740.054326180156,9931.640526085945,931.19233575133,8808.861990428826,-259.94567381984416,438,33,52
2026-02-04T15:14:46.425191,1045,9727.725392879502,9929.86769469484,931.19233575133,8796.533057128172,-272.27460712049833,438,33,52
2026-02-04T15:15:59.198910,1046,9728.52043215981,9928.017805575468,931.19233575133,8797.32809640848,-271.4795678401897,438,33,52
2026-02-04T15:17:26.932457,1047,9706.518775040617,9904.85303047422,931.19233575133,8775.326439289287,-293.4812249593833,438,33,52
2026-02-04T15:18:39.943176,1048,9689.342862351901,9876.707010884951,931.19233575133,8758.150526600572,-310.6571376480988,438,33,52
2026-02-04T15:19:52.623791,1049,9680.135309894,9872.534946013546,931.19233575133,8748.94297414267,-319.8646901060001,438,33,52
2026-02-04T15:21:06.222629,1050,9692.354051878592,9882.93545012745,931.19233575133,8761.161716127262,-307.64594812140786,438,33,52
2026-02-04T15:22:23.868105,1051,9703.639892181718,9899.676330603308,931.19233575133,8772.447556430388,-296.3601078182819,438,33,52
2026-02-04T15:23:36.861769,1052,9706.90406396305,9913.066958029647,931.19233575133,8775.71172821172,-293.09593603695066,438,33,52
2026-02-04T15:24:49.540695,1053,9754.474120614563,9958.626092866543,931.19233575133,8823.281784863233,-245.5258793854373,438,33,52
2026-02-04T15:26:02.832890,1054,9748.772259280153,9953.832339523267,931.19233575133,8817.579923528823,-251.22774071984713,438,33,52
2026-02-04T15:27:15.242937,1055,9724.154270156745,9916.779763898248,931.19233575133,8792.961934405415,-275.84572984325496,438,33,52
2026-02-04T15:28:27.942064,1056,9694.640387009913,9890.205856126062,870.3222870941662,8824.318099915747,-305.35961299008704,442,33,52
2026-02-04T15:29:40.946252,1057,9694.141123461754,9905.01361961157,818.8827586377527,8875.258364824002,-305.8588765382465,444,33,52
2026-02-04T15:30:53.588886,1058,9692.140906082239,9904.413711087906,795.9540413958956,8896.186864686344,-307.85909391776113,445,33,52
2026-02-04T15:32:05.921387,1059,9692.14995023477,9901.409604591528,795.9540413958956,8896.195908838876,-307.8500497652294,445,33,52
2026-02-04T15:33:18.745525,1060,9667.122455767998,9868.587301416364,795.9540413958956,8871.168414372103,-332.87754423200204,445,33,52
2026-02-04T15:34:36.025639,1061,9636.12696129015,9825.519276669569,795.9540413958956,8840.172919894256,-363.8730387098494,445,33,52
2026-02-04T15:36:05.560622,1062,9593.052259174367,9784.766137497078,795.9540413958956,8797.098217778472,-406.94774082563345,445,33,52
2026-02-04T15:37:18.499791,1063,9584.243638770215,9776.236091472028,795.9540413958956,8788.28959737432,-415.7563612297854,445,33,52
2026-02-04T15:38:31.835406,1064,9578.084594855865,9769.171539170637,795.9540413958956,8782.13055345997,-421.91540514413464,445,33,52
2026-02-04T15:39:45.362297,1065,9635.384015687398,9827.399501121872,795.9540413958956,8839.429974291503,-364.61598431260245,445,33,52
2026-02-04T15:40:57.786349,1066,9657.659441152255,9855.434393204421,795.9540413958956,8861.70539975636,-342.34055884774534,445,33,52
2026-02-04T15:42:10.517958,1067,9682.764174537933,9878.247263532658,795.9540413958956,8886.810133142038,-317.2358254620667,445,33,52
2026-02-04T15:43:22.988569,1068,9664.579515104948,9854.617433190384,795.9540413958956,8868.625473709053,-335.42048489505214,445,33,52
2026-02-04T15:44:35.243615,1069,9657.350587548439,9853.088845295348,795.9540413958956,8861.396546152544,-342.64941245156115,445,33,52
2026-02-04T15:45:47.625126,1070,9657.758051299817,9852.089898338767,795.9540413958956,8861.804009903923,-342.24194870018255,445,33,52
2026-02-04T15:47:05.527124,1071,9638.047718095488,9828.191696397394,956.0572648793946,8681.990453216093,-361.95228190451235,446,33,53
2026-02-04T15:48:18.418132,1072,9639.190655643148,9829.153735732423,990.2242604476068,8648.96639519554,-360.8093443568523,447,34,53
2026-02-04T15:49:30.793516,1073,9628.1141244278,9813.302835250415,1037.424701608614,8590.689422819187,-371.88587557219944,449,34,55
2026-02-04T15:50:43.336460,1074,9638.576380479564,9831.792871585189,1037.424701608614,8601.15167887095,-361.42361952043575,449,34,55
2026-02-04T15:51:55.945134,1075,9624.016501900975,9808.272783589811,1037.424701608614,8586.59180029236,-375.9834980990254,449,34,55
2026-02-04T15:53:08.454229,1076,9628.96741484254,9815.632997804169,1052.8856114709436,8576.081803371597,-371.03258515745983,450,34,56
2026-02-04T15:54:20.808329,1077,9611.12689773374,9795.296568871314,1060.4387188184414,8550.6881789153,-388.8731022662596,452,34,58
2026-02-04T15:55:33.549882,1078,9650.31435801635,9847.005421289485,1063.091193008044,8587.223165008307,-349.6856419836495,454,36,58
2026-02-04T15:56:46.656546,1079,9657.017069321644,9844.937389253795,1064.0589836857,8592.958085635944,-342.98293067835584,456,36,60
2026-02-04T15:57:59.180526,1080,9637.317073336933,9824.963585171843,1064.42122986677,8572.895843470164,-362.6829266630666,458,36,62
2026-02-04T15:59:18.080947,1081,9643.29490030827,9838.580772228925,1064.424478066399,8578.870422241871,-356.70509969172963,459,37,62
2026-02-04T16:00:31.079569,1082,9643.085211907175,9835.622740656687,1064.424478066399,8578.660733840776,-356.9147880928249,459,37,62
2026-02-04T16:01:43.976272,1083,9638.404182987593,9828.755118839197,1064.424478066399,8573.979704921194,-361.59581701240677,459,37,62
2026-02-04T16:02:56.408644,1084,9643.485989814902,9826.939857092973,1064.424478066399,8579.061511748503,-356.5140101850975,459,37,62
2026-02-04T16:04:08.967581,1085,9645.821191162486,9833.247260618713,1064.424478066399,8581.396713096086,-354.1788088375142,459,37,62
2026-02-04T16:05:22.248204,1086,9642.147834128493,9833.120764573112,1064.424478066399,8577.723356062093,-357.85216587150717,459,37,62
2026-02-04T16:06:34.585496,1087,9669.37629531257,9866.59988330522,1064.424478066399,8604.95181724617,-330.6237046874303,459,37,62
2026-02-04T16:07:46.760407,1088,9639.889086757754,9832.041157586636,1064.424478066399,8575.464608691354,-360.11091324224617,459,37,62
2026-02-04T16:08:59.498355,1089,9628.14067777822,9819.490824155386,1064.424478066399,8563.71619971182,-371.85932222178053,459,37,62
2026-02-04T16:10:12.842938,1090,9625.684722338612,9812.391370131569,1064.4251742931158,8561.259548045497,-374.3152776613879,460,38,62
2026-02-04T16:11:29.699390,1091,9611.075161255416,9799.552821781628,1064.5602144615245,8546.514946793892,-388.9248387445841,462,38,64
2026-02-04T16:12:42.795709,1092,9663.093285082334,9853.980039029968,1064.5602144615245,8598.53307062081,-336.90671491766625,462,38,64
2026-02-04T16:13:56.155012,1093,9652.848652677108,9843.977387298937,1064.5602144615245,8588.288438215584,-347.1513473228915,462,38,64
2026-02-04T16:15:09.738525,1094,9643.419605332198,9830.735229157806,1064.5602144615245,8578.859390870673,-356.58039466780247,462,38,64
2026-02-04T16:16:23.324675,1095,9601.974712867594,9797.907183746942,1064.5602144615245,8537.41449840607,-398.02528713240645,462,38,64
2026-02-04T16:17:36.262353,1096,9591.151959231644,9770.515231748645,1064.5602463713174,8526.591712860327,-408.84804076835644,463,38,65
2026-02-04T16:18:50.245587,1097,9581.879388696103,9771.906330879747,1064.56025317874,8517.319135517364,-418.120611303897,464,38,66
2026-02-04T16:20:02.921579,1098,9578.917595182971,9768.838125987826,1064.56025317874,8514.35734200423,-421.0824048170289,464,38,66
2026-02-04T16:21:33.962173,1099,9577.294412929517,9760.138558139155,1064.56025317874,8512.734159750778,-422.7055870704826,464,38,66
2026-02-04T16:22:46.710135,1100,9553.543228987248,9740.409215828664,1064.56025317874,8488.982975808507,-446.45677101275214,464,38,66
2026-02-04T16:24:04.120808,1101,9585.662772245963,9777.196862096576,1064.56025317874,8521.102519067224,-414.3372277540366,464,38,66
2026-02-04T16:25:17.673236,1102,9589.40603164761,9783.42245843902,1064.56025317874,8524.84577846887,-410.5939683523902,464,38,66
2026-02-04T16:26:30.822647,1103,9584.248323720138,9775.081303343297,1064.56025317874,8519.688070541397,-415.7516762798623,464,38,66
2026-02-04T16:27:43.606482,1104,9613.88514245053,9820.955385742258,1064.56025317874,8549.32488927179,-386.1148575494699,464,38,66
2026-02-04T16:28:55.859429,1105,9618.43172722738,9809.19889564601,1064.56025317874,8553.87147404864,-381.5682727726198,464,38,66
2026-02-04T16:30:09.058220,1106,9624.142033183187,9823.756764469053,1064.56025317874,8559.581780004446,-375.85796681681313,464,38,66
2026-02-04T16:31:22.055256,1107,9593.18820873422,9785.907927316144,1064.56025317874,8528.627955555481,-406.8117912657799,464,38,66
2026-02-04T16:32:34.444746,1108,9586.413751202475,9782.178465124545,1064.56025317874,8521.853498023736,-413.5862487975246,464,38,66
2026-02-04T16:33:47.091427,1109,9569.053840577206,9763.575351573327,1009.9128268488979,8559.141013728307,-430.94615942279415,465,38,66
2026-02-04T16:35:01.638983,1110,9555.476753207033,9750.904709765111,958.0706350706545,8597.406118136378,-444.52324679296726,466,38,66
2026-02-04T16:36:18.502112,1111,9539.87596262837,9733.912217336507,908.8896758036942,8630.986286824676,-460.12403737163004,467,38,66
2026-02-04T16:37:31.188508,1112,9526.079147997496,9721.739657950711,883.4407648811908,8642.638383116306,-473.92085200250403,468,38,66
2026-02-04T16:38:44.453118,1113,9523.69984032526,9721.583941089088,858.7044234645175,8664.995416860742,-476.3001596747399,469,38,66
2026-02-04T16:39:57.561550,1114,9515.437110132416,9711.430182906392,834.660699607511,8680.776410524904,-484.5628898675841,470,38,66
2026-02-04T16:41:10.146684,1115,9516.146091294206,9706.039668730326,811.2902000185006,8704.855891275705,-483.8539087057943,471,38,66
2026-02-04T16:42:23.547184,1116,9511.921862689947,9706.550751391182,769.6439697508843,8742.277892939062,-488.0781373100526,472,38,66
2026-02-04T16:43:36.070982,1117,9526.896684455352,9719.677572830022,730.1355793036722,8796.76110515168,-473.10331554464756,473,38,66
2026-02-04T16:44:48.901583,1118,9518.00084483135,9711.494218074993,730.1355793036722,8787.865265527676,-481.99915516865076,473,38,66
2026-02-04T16:46:01.855903,1119,9507.822174371378,9701.780447950652,730.1355793036722,8777.686595067706,-492.1778256286216,473,38,66
2026-02-04T16:47:23.550735,1120,9503.144303599667,9698.95147212824,730.1355793036722,8773.008724295994,-496.8556964003328,473,38,66
2026-02-04T16:48:41.897477,1121,9510.44182193451,9709.79524961761,730.1355793036722,8780.306242630837,-489.5581780654902,473,38,66
2026-02-04T16:49:54.497406,1122,9511.745458861073,9717.29592010058,730.1355793036722,8781.6098795574,-488.2545411389274,473,38,66
2026-02-04T16:51:07.067813,1123,9537.81687888942,9734.23207531867,730.1355793036722,8807.681299585747,-462.18312111058003,473,38,66
2026-02-04T16:52:20.632440,1124,9543.003757315068,9743.77241401809,730.1355793036722,8812.868178011395,-456.99624268493244,473,38,66
2026-02-04T16:53:33.099227,1125,9580.131968663247,9778.864036098417,730.1355793036722,8849.996389359574,-419.8680313367531,473,38,66
2026-02-04T16:54:45.332474,1126,9568.479362980612,9765.715336260355,730.1355793036722,8838.343783676939,-431.52063701938823,473,38,66
2026-02-04T16:55:58.147937,1127,9580.99292928491,9789.784802158734,730.1355793036722,8850.857349981237,-419.00707071508987,473,38,66
2026-02-04T16:57:16.546447,1128,9583.089531970933,9782.518146648654,692.6552862327503,8890.434245738183,-416.9104680290675,474,38,66
2026-02-04T16:58:31.367882,1129,9597.284318137528,9796.785486119008,673.2609382182333,8924.023379919296,-402.7156818624717,475,38,66
2026-02-04T16:59:46.747581,1130,9593.969692010282,9787.168593446713,653.1008126842265,8940.868879326055,-406.0303079897185,477,38,66
2026-02-04T17:01:08.782372,1131,9606.820633398302,9807.720599873632,651.7946110588581,8955.026022339443,-393.17936660169835,478,38,66
2026-02-04T17:02:21.242557,1132,9566.956405584684,9762.750202300618,651.7946110588581,8915.161794525826,-433.04359441531597,478,38,66
2026-02-04T17:03:33.677872,1133,9560.502949588084,9758.922630235322,651.7946110588581,8908.708338529226,-439.49705041191555,478,38,66
2026-02-04T17:04:47.223825,1134,9563.972872420743,9764.080397021371,638.3910215092146,8925.581850911529,-436.02712757925656,481,38,66
2026-02-04T17:05:59.753250,1135,9567.726558609127,9762.938360556007,637.1142394661962,8930.61231914293,-432.2734413908729,482,38,66
2026-02-04T17:07:12.209946,1136,9545.708258682767,9735.826961144949,637.1142394661962,8908.59401921657,-454.29174131723266,482,38,66
2026-02-04T17:08:24.440163,1137,9550.29201999175,9743.43403810663,637.1142394661962,8913.177780525553,-449.70798000825016,482,38,66
2026-02-04T17:09:37.287424,1138,9545.29251103714,9738.835238389764,637.1142394661962,8908.178271570943,-454.7074889628602,482,38,66
2026-02-04T17:10:50.615353,1139,9522.83233160555,9711.717288235106,637.1142394661962,8885.718092139354,-477.1676683944497,482,38,66
2026-02-04T17:12:02.893451,1140,9534.086781096397,9721.743941120585,637.1142394661962,8896.9725416302,-465.9132189036027,482,38,66
2026-02-04T17:13:22.335882,1141,9590.238302314088,9788.48673175476,637.1142394661962,8953.124062847892,-409.7616976859117,482,38,66
2026-02-04T17:14:35.317270,1142,9605.58566562264,9807.227125366235,637.1142394661962,8968.471426156444,-394.4143343773594,482,38,66
2026-02-04T17:15:48.548754,1143,9631.003893686266,9833.79025046907,637.1142394661962,8993.88965422007,-368.99610631373434,482,38,66
2026-02-04T17:17:16.094291,1144,9604.366276548111,9787.910222549635,637.1142394661962,8967.252037081915,-395.6337234518887,482,38,66
2026-02-04T17:18:29.331262,1145,9593.242307849428,9775.923981939157,637.1142394661962,8956.128068383232,-406.75769215057153,482,38,66
2026-02-04T17:19:41.894080,1146,9594.159147736895,9775.13444972399,637.1142409087485,8957.044906828147,-405.84085226310526,483,38,67
2026-02-04T17:20:54.480223,1147,9557.055657133202,9744.58234927108,637.1664531765063,8919.889203956696,-442.94434286679825,485,38,69
2026-02-04T17:22:08.296165,1148,9546.968504838864,9734.027960394336,637.1867670663122,8909.781737772551,-453.03149516113626,486,38,70
2026-02-04T17:23:21.429531,1149,9534.49636420685,9722.090032882286,637.1867670663122,8897.309597140538,-465.50363579314944,486,38,70
2026-02-04T17:24:34.079743,1150,9543.55003928222,9735.913973784911,637.1867670663122,8906.363272215907,-456.4499607177804,486,38,70
2026-02-04T17:25:52.022696,1151,9539.793903873924,9728.679220679387,637.1867670663122,8902.607136807612,-460.20609612607586,486,38,70
2026-02-04T17:27:05.717822,1152,9532.665792218508,9712.628501079114,637.1867670663122,8895.479025152195,-467.3342077814923,486,38,70
2026-02-04T17:28:18.260699,1153,9520.382813044505,9695.098520400266,637.1867670663122,8883.196045978193,-479.6171869554946,486,38,70
2026-02-04T17:29:30.872653,1154,9507.315424338136,9678.775712882756,637.1867670663122,8870.128657271824,-492.6845756618641,486,38,70
2026-02-04T17:30:43.290811,1155,9492.567105117852,9678.449659279573,637.1867670663122,8855.38033805154,-507.4328948821476,486,38,70
2026-02-04T17:31:56.720950,1156,9538.721652362725,9712.91457161553,637.1867670663122,8901.534885296413,-461.27834763727515,486,38,70
2026-02-04T17:33:09.123097,1157,9534.221242271118,9706.185243254213,637.1867670663122,8897.034475204806,-465.7787577288818,486,38,70
2026-02-04T17:34:23.688567,1158,9538.509572544852,9716.838031500678,637.1867670663122,8901.32280547854,-461.49042745514816,486,38,70
2026-02-04T17:35:36.306343,1159,9531.986566596743,9712.730281972898,637.1946379157026,8894.79192868104,-468.0134334032573,487,38,71
2026-02-04T17:36:49.075135,1160,9524.524400209086,9700.233074009022,637.1946379157026,8887.329762293382,-475.4755997909142,487,38,71
2026-02-04T17:38:07.774641,1161,9511.219315312228,9683.618784095632,637.1976906750929,8874.021624637135,-488.780684687772,488,38,72
2026-02-04T17:39:21.684169,1162,9483.221125931244,9654.17700458383,637.1976906750929,8846.023435256151,-516.7788740687556,488,38,72
2026-02-04T17:40:34.290435,1163,9477.048943142605,9642.46759950617,637.1976906750929,8839.851252467512,-522.9510568573951,488,38,72
2026-02-04T17:41:46.824281,1164,9504.389296801077,9684.926012915124,637.1976906750929,8867.191606125984,-495.61070319892315,488,38,72
2026-02-04T17:42:59.482862,1165,9524.69269965959,9695.723785361613,637.1976906750929,8887.495008984497,-475.3073003404097,488,38,72
2026-02-04T17:44:12.714946,1166,9537.183966928333,9716.738506523823,637.1976906750929,8899.98627625324,-462.81603307166733,488,38,72
2026-02-04T17:45:24.915216,1167,9547.624257184596,9723.532441100682,637.1976906750929,8910.426566509503,-452.375742815404,488,38,72
2026-02-04T17:46:37.252956,1168,9532.293099404651,9703.259399969718,637.1976906750929,8895.095408729558,-467.706900595349,488,38,72
2026-02-04T17:47:51.033179,1169,9530.777635621072,9699.226791050038,637.1976906750929,8893.57994494598,-469.2223643789275,488,38,72
2026-02-04T17:49:03.661966,1170,9508.57438683613,9680.018409939696,637.1976906750929,8871.376696161036,-491.42561316387037,488,38,72
2026-02-04T17:50:21.092598,1171,9518.134049246486,9687.843736051316,637.1976906750929,8880.936358571393,-481.86595075351397,488,38,72
2026-02-04T17:51:34.171352,1172,9516.80769765129,9690.680503149726,637.1976906750929,8879.610006976196,-483.19230234871065,488,38,72
2026-02-04T17:52:47.562152,1173,9524.379385795826,9700.578589411976,637.1976906750929,8887.181695120733,-475.62061420417376,488,38,72
2026-02-04T17:54:00.208410,1174,9522.129558237983,9691.781149030296,637.1976906750929,8884.93186756289,-477.87044176201744,488,38,72
2026-02-04T17:55:13.453528,1175,9526.841714844391,9700.407626564842,637.1976906750929,8889.644024169298,-473.1582851556086,488,38,72
2026-02-04T17:57:00.063556,1176,9541.398802387012,9713.086064922121,637.1976906750929,8904.201111711918,-458.60119761298847,488,38,72
2026-02-04T17:58:13.261159,1177,9559.364744280665,9742.223629188516,637.1976906750929,8922.167053605572,-440.63525571933496,488,38,72
2026-02-04T17:59:26.323765,1178,9566.633764592514,9731.508721175085,637.1976906750929,8929.43607391742,-433.3662354074859,488,38,72
2026-02-04T18:00:39.199712,1179,9558.179355196953,9724.283559560683,637.1976906750929,8920.98166452186,-441.8206448030469,488,38,72
2026-02-04T18:01:51.584190,1180,9550.220481987537,9704.608550877529,637.1976906750929,8913.022791312444,-449.7795180124631,488,38,72
2026-02-04T18:03:08.681013,1181,9524.760023619692,9685.109016789529,637.1976906750929,8887.562332944599,-475.2399763803078,488,38,72
2026-02-04T18:04:22.147897,1182,9524.129731213956,9696.806198752724,619.3561553361902,8904.773575877765,-475.8702687860441,489,38,72
2026-02-04T18:05:35.530765,1183,9505.387675756521,9672.97857090428,619.3561553361902,8886.03152042033,-494.6123242434787,489,38,72
2026-02-04T18:06:47.864775,1184,9516.626296963113,9684.43208508152,619.3561553361902,8897.270141626923,-483.3737030368866,489,38,72
2026-02-04T18:08:00.175655,1185,9537.166318887826,9706.047731257275,619.3561553361902,8917.810163551636,-462.8336811121735,489,38,72
2026-02-04T18:09:13.149056,1186,9499.31623262028,9664.094683124145,619.3561553361902,8879.96007728409,-500.68376737971994,489,38,72
2026-02-04T18:10:26.502789,1187,9493.664675869086,9657.41952399594,602.0141829867769,8891.650492882309,-506.33532413091416,490,38,72
2026-02-04T18:11:38.999014,1188,9535.36953695839,9697.92191321188,585.1577858631471,8950.211751095243,-464.6304630416107,491,38,72
2026-02-04T18:12:51.966418,1189,9530.23153679909,9693.605519909683,568.773367858979,8961.458168940111,-469.76846320090954,492,38,72
2026-02-04T18:14:05.248896,1190,9519.142485116712,9667.38641375655,551.7420181318097,8967.400466984902,-480.8575148832879,494,38,72
2026-02-04T18:15:23.435320,1191,9474.968323989444,9643.247744715893,536.293241624119,8938.675082365326,-525.0316760105561,495,38,72
2026-02-04T18:16:35.860205,1192,9451.43060334394,9622.118071420835,521.2770308586437,8930.153572485297,-548.5693966560593,496,38,72
2026-02-04T18:17:49.680723,1193,9455.355139423877,9628.890372508267,506.68127399460167,8948.673865429275,-544.6448605761234,497,38,72
2026-02-04T18:19:02.344807,1194,9461.751379235257,9651.923092225345,492.4941983227528,8969.257180912504,-538.2486207647435,498,38,72
2026-02-04T18:20:14.929159,1195,9474.133306672129,9658.193586702604,477.7469520481763,8996.386354623954,-525.866693327871,500,38,72
2026-02-04T18:21:27.393219,1196,9475.834635764117,9644.109834083709,464.37003739082735,9011.46459837329,-524.1653642358833,501,38,72
2026-02-04T18:22:39.953472,1197,9484.53620794696,9665.009291426963,451.36767634388417,9033.168531603076,-515.4637920530404,502,38,72
2026-02-04T18:23:53.513581,1198,9450.674574082195,9624.695097261345,438.7293814062554,9011.94519267594,-549.3254259178048,503,38,72
2026-02-04T18:25:05.946815,1199,9450.497815831739,9625.198729045722,413.6516099650738,9036.846205866665,-549.502184168261,505,38,72
2026-02-04T18:26:19.984254,1200,9474.09483886321,9655.504096267701,402.06936488605174,9072.025473977157,-525.9051611367904,506,38,72
2026-02-04T18:27:38.136223,1201,9492.135077350315,9679.867044834655,402.06936488605174,9090.065712464262,-507.86492264968547,506,38,72
2026-02-04T18:28:50.473875,1202,9493.182099196709,9685.568854063564,402.06936488605174,9091.112734310656,-506.8179008032912,506,38,72
2026-02-04T18:30:05.419269,1203,9586.562391361487,9758.391391636,390.8114226692423,9195.750968692246,-413.43760863851276,507,38,72
2026-02-04T18:31:18.277884,1204,9572.864201675819,9756.670532121654,379.8687028345035,9192.995498841316,-427.13579832418145,508,38,72
2026-02-04T18:32:31.566654,1205,9606.276131858898,9784.965393840488,356.7021091361287,9249.574022722769,-393.7238681411018,511,38,72
2026-02-04T18:33:44.336690,1206,9591.087182356288,9773.995950272252,335.61958767774695,9255.467594678541,-408.9128176437116,513,38,72
2026-02-04T18:34:57.155641,1207,9606.409020886947,9791.487306631487,326.22223922277004,9280.186781664177,-393.5909791130525,514,38,72
2026-02-04T18:36:10.152316,1208,9589.197595464426,9773.471340700346,317.08801652453246,9272.109578939893,-410.80240453557417,515,38,72
2026-02-04T18:37:22.423637,1209,9620.629700142848,9817.4623863979,308.20955206184556,9312.420148081002,-379.3702998571516,516,38,72
2026-02-04T18:38:34.892002,1210,9637.778367717185,9842.312569586498,299.5796846041139,9338.19868311307,-362.22163228281534,517,38,72
2026-02-04T18:39:52.885208,1211,9644.003182832044,9846.909520521045,291.1914534351987,9352.811729396846,-355.99681716795567,518,38,72
2026-02-04T18:41:05.993616,1212,9705.25852367832,9894.310101077717,283.0380927390131,9422.220430939307,-294.74147632168024,519,38,72
2026-02-04T18:42:19.316574,1213,9714.418385197085,9896.18963020943,275.11302614232073,9439.305359054764,-285.5816148029153,520,38,72
2026-02-04T18:43:32.898697,1214,9729.489130073533,9910.249085785104,267.40986141033574,9462.079268663198,-270.5108699264674,521,38,72
2026-02-04T18:44:46.593512,1215,9722.63421052154,9902.69367201569,259.9223852908463,9462.711825230694,-277.3657894784592,522,38,72
2026-02-04T18:45:59.409039,1216,9704.965196754469,9885.016510969444,252.6445585027026,9452.320638251766,-295.0348032455313,523,38,72
2026-02-04T18:47:12.053342,1217,9697.388497060343,9873.685795953736,245.57051086462693,9451.817986195716,-302.61150293965693,524,38,72
2026-02-04T18:48:25.433896,1218,9674.37863754504,9843.635214849926,245.52596709385702,9428.852670451182,-325.62136245496004,525,38,72
2026-02-04T18:49:39.072661,1219,9657.998734640621,9846.81735521285,237.6691361468536,9420.329598493769,-342.0012653593785,526,38,72
2026-02-04T18:50:51.405166,1220,9651.28666195149,9836.293158465593,220.50489918261732,9430.781762768873,-348.7133380485102,530,38,72
2026-02-04T18:52:08.782761,1221,9649.42392773723,9829.487193792113,207.4025825551869,9442.021345182044,-350.57607226276923,533,38,72
2026-02-04T18:53:21.939682,1222,9657.268611819487,9842.408615997669,207.4025825551869,9449.8660292643,-342.731388180513,533,38,72
2026-02-04T18:54:35.757681,1223,9658.542204525345,9843.234838896056,207.4025825551869,9451.139621970158,-341.45779547465463,533,38,72
2026-02-04T18:55:47.892138,1224,9650.516546911347,9828.206966584885,207.4025825551869,9443.11396435616,-349.4834530886528,533,38,72
2026-02-04T18:57:00.540673,1225,9655.799786190648,9832.139200435611,207.4025825551869,9448.39720363546,-344.20021380935214,533,38,72
2026-02-04T18:58:13.881497,1226,9646.385603017583,9820.933437122028,207.4025825551869,9438.983020462396,-353.614396982417,533,38,72
2026-02-04T18:59:26.685848,1227,9624.750684469122,9802.8143384941,207.40374726509197,9417.346937204029,-375.24931553087845,534,38,73
2026-02-04T19:00:38.926544,1228,9623.037706145222,9802.263891783628,207.40419808627718,9415.633508058945,-376.9622938547782,535,38,74
2026-02-04T19:01:52.971827,1229,9635.62276179284,9818.561232084408,207.4043724038021,9428.218389389038,-364.3772382071602,536,39,74
2026-02-04T19:03:05.694308,1230,9651.61148147072,9842.527816414136,207.4043724038021,9444.207109066918,-348.3885185292802,536,39,74
2026-02-04T19:04:22.319619,1231,9658.755755140204,9852.706419851113,207.4043724038021,9451.351382736402,-341.2442448597958,536,39,74
2026-02-04T19:05:34.878440,1232,9678.333509639226,9856.732746141526,207.4043724038021,9470.929137235424,-321.66649036077433,536,39,74
2026-02-04T19:06:47.248031,1233,9672.040021493709,9851.604747381345,207.4043724038021,9464.635649089907,-327.959978506291,536,39,74
2026-02-04T19:07:59.707289,1234,9661.180240614463,9830.342578908969,207.4043724038021,9453.775868210661,-338.8197593855366,536,39,74
2026-02-04T19:09:12.033002,1235,9670.998694433867,9846.094871244271,207.4043724038021,9463.594322030065,-329.00130556613294,536,39,74
2026-02-04T19:10:24.469183,1236,9667.594825438842,9843.69486900314,207.4043724038021,9460.19045303504,-332.40517456115776,536,39,74
2026-02-04T19:11:36.726495,1237,9661.04063704113,9837.163550700621,207.4043724038021,9453.636264637327,-338.95936295887077,536,39,74
2026-02-04T19:12:49.615011,1238,9655.412030903237,9830.160630447383,207.4043724038021,9448.007658499435,-344.5879690967631,536,39,74
2026-02-04T19:14:01.609737,1239,9639.57113660713,9819.016316565318,207.4043724038021,9432.166764203328,-360.42886339286997,536,39,74
2026-02-04T19:15:14.113829,1240,9646.371843864115,9824.757605998497,207.4044399461287,9438.967403917986,-353.62815613588464,537,39,75
2026-02-04T19:16:47.395656,1241,9669.819959953149,9845.542608919895,207.4044399461287,9462.41552000702,-330.180040046851,537,39,75
2026-02-04T19:17:59.695517,1242,9673.993794992344,9847.995619044508,207.4044399461287,9466.589355046215,-326.0062050076558,537,39,75
2026-02-04T19:19:12.178720,1243,9685.565939995382,9861.992077534436,207.4044399461287,9478.161500049253,-314.434060004618,537,39,75
2026-02-04T19:20:25.117363,1244,9669.736788193295,9841.312245626064,207.4044661164544,9462.33232207684,-330.26321180670493,538,39,76
2026-02-04T19:21:37.980214,1245,9663.016618702819,9829.509946160297,207.4044661164544,9455.612152586364,-336.98338129718104,538,39,76
2026-02-04T19:22:50.502979,1246,9630.465017775958,9785.262939261416,207.4044661164544,9423.060551659502,-369.5349822240423,538,39,76
2026-02-04T19:24:02.550523,1247,9634.499758909762,9789.686328597098,207.4044661164544,9427.095292793309,-365.500241090238,538,39,76
2026-02-04T19:25:15.663706,1248,9640.147434787672,9807.653799217687,207.4044661164544,9432.742968671218,-359.85256521232805,538,39,76
2026-02-04T19:26:28.230628,1249,9632.634582161634,9796.659344802887,207.4044661164544,9425.23011604518,-367.36541783836583,538,39,76
2026-02-04T19:27:40.653552,1250,9628.763267926512,9796.417769275817,207.4044661164544,9421.358801810056,-371.2367320734884,538,39,76
2026-02-04T19:28:58.498939,1251,9627.579517360125,9793.123558950514,207.4044661164544,9420.175051243672,-372.42048263987454,538,39,76
2026-02-04T19:30:11.479381,1252,9627.597323451053,9792.35099102093,207.4044661164544,9420.1928573346,-372.40267654894706,538,39,76
2026-02-04T19:31:24.092702,1253,9630.109525493734,9797.041519387527,206.43657860791095,9423.672946885823,-369.8904745062664,539,39,76
2026-02-04T19:32:36.955089,1254,9622.409774117636,9786.870570130346,206.43657860791095,9415.973195509725,-377.5902258823644,539,39,76
2026-02-04T19:33:50.025374,1255,9626.965602283422,9798.433539959959,201.10364883585302,9425.86195344757,-373.0343977165776,540,39,76
2026-02-04T19:35:02.882937,1256,9637.197578781583,9807.960843818912,201.10364883585302,9436.09392994573,-362.8024212184173,540,39,76
2026-02-04T19:36:15.258290,1257,9646.75707509674,9819.437544648037,201.10364883585302,9445.653426260887,-353.24292490325934,540,39,76
2026-02-04T19:37:28.985406,1258,9642.389538333802,9813.376758891704,201.10364883585302,9441.285889497949,-357.6104616661978,540,39,76
2026-02-04T19:38:43.347742,1259,9647.184584446986,9818.393227654324,201.10364883585302,9446.080935611133,-352.81541555301374,540,39,76
2026-02-04T19:39:56.606950,1260,9641.051802897919,9808.99322953799,201.10364883585302,9439.948154062065,-358.9481971020814,540,39,76
2026-02-04T19:41:14.101312,1261,9643.03536085677,9812.67968752862,201.10364883585302,9441.931712020916,-356.96463914323067,540,39,76
2026-02-04T19:42:26.772265,1262,9697.174930790477,9860.853639685738,201.10364883585302,9496.071281954624,-302.82506920952255,540,39,76
2026-02-04T19:43:39.259537,1263,9694.206156048684,9859.595882993497,201.10364883585302,9493.10250721283,-305.7938439513164,540,39,76
2026-02-04T19:44:51.328568,1264,9698.197950690479,9862.068105679842,201.10364883585302,9497.094301854626,-301.80204930952095,540,39,76
2026-02-04T19:46:05.043482,1265,9698.153252069176,9860.658088564272,201.10364883585302,9497.049603233323,-301.84674793082377,540,39,76
2026-02-04T19:47:18.141581,1266,9719.995050720507,9895.867483757465,201.10364883585302,9518.891401884654,-280.0049492794933,540,39,76
2026-02-04T19:48:30.860624,1267,9770.722373455123,9931.09525896534,201.10364883585302,9569.61872461927,-229.27762654487742,540,39,76
2026-02-04T19:49:43.512663,1268,9733.248364086025,9890.138583055546,201.1036589654778,9532.144705120547,-266.7516359139754,541,39,77
2026-02-04T19:50:56.422879,1269,9713.204752752443,9864.018731572563,201.10366288226604,9512.101089870177,-286.7952472475572,542,39,78
2026-02-04T19:52:08.707174,1270,9729.37464581335,9893.937285718845,201.10366439831722,9528.270981415033,-270.62535418664993,543,40,78
2026-02-04T19:53:26.309923,1271,9738.661480610177,9912.616265240687,201.10366439831722,9537.55781621186,-261.338519389823,543,40,78
2026-02-04T19:54:38.936949,1272,9768.23093227244,9921.255923364606,201.10366439831722,9567.127267874122,-231.76906772756047,543,40,78
2026-02-04T19:55:55.967482,1273,9764.399303211601,9926.687591139695,201.10366439831722,9563.295638813284,-235.60069678839864,543,40,78
2026-02-04T19:57:39.891219,1274,9797.206779360695,9951.058082575108,201.10366439831722,9596.103114962378,-202.79322063930522,543,40,78
2026-02-04T19:58:52.444328,1275,9792.409658663466,9958.13618646773,201.10366439831722,9591.305994265149,-207.59034133653404,543,40,78
2026-02-04T20:00:07.422002,1276,9792.28691022649,9950.928315645953,195.47276179516433,9596.814148431326,-207.71308977350964,544,40,78
2026-02-04T20:01:19.947875,1277,9778.932538358082,9925.106392778094,189.99952446489974,9588.933013893182,-221.06746164191827,545,40,78
2026-02-04T20:02:34.330657,1278,9768.713151881015,9922.612501657733,181.72983620246228,9586.983315678552,-231.2868481189853,548,40,78
2026-02-04T20:03:47.077465,1279,9792.689635678065,9956.980718403558,176.28811798721574,9616.401517690849,-207.31036432193468,550,40,78
2026-02-04T20:04:59.796785,1280,9786.239135173568,9950.462049186584,171.3520506835737,9614.887084489994,-213.76086482643223,551,40,78
2026-02-04T20:06:38.833666,1281,9786.477848976416,9940.782991103239,166.55419326443365,9619.923655711982,-213.52215102358423,552,40,78
2026-02-04T20:07:51.826313,1282,9772.076244454176,9927.970305278011,161.8906758530295,9610.185568601146,-227.92375554582395,553,40,78
2026-02-04T20:09:05.754315,1283,9738.75605733974,9898.695046067054,157.3577369291447,9581.398320410595,-261.24394266025956,554,40,78
2026-02-04T20:10:19.684055,1284,9741.027056970135,9899.420145200733,152.95172029512864,9588.075336675007,-258.97294302986484,555,40,78
2026-02-04T20:11:57.164496,1285,9732.826453584952,9888.766160534806,148.66907212686505,9584.157381458088,-267.1735464150479,556,40,78
2026-02-04T20:13:09.654546,1286,9727.375739391427,9882.971972236748,144.5063381073128,9582.869401284115,-272.6242606085725,557,40,78
2026-02-04T20:14:22.091339,1287,9727.726038327275,9881.404477609229,144.5063381073128,9583.219700219963,-272.2739616727249,557,40,78
2026-02-04T20:15:35.048179,1288,9727.029333477112,9881.407717759947,144.5063381073128,9582.5229953698,-272.97066652288777,557,40,78
2026-02-04T20:16:47.549544,1289,9730.313628561033,9883.15434016576,144.5063381073128,9585.80729045372,-269.6863714389674,557,40,78
2026-02-04T20:18:00.965717,1290,9744.219187352102,9907.665557290413,144.5063381073128,9599.71284924479,-255.78081264789762,557,40,78
2026-02-04T20:19:18.353840,1291,9743.05981074473,9900.533226623756,144.5063381073128,9598.553472637417,-256.9401892552705,557,40,78
2026-02-04T20:20:30.501504,1292,9756.715403106042,9915.524568875866,144.5063381073128,9612.20906499873,-243.28459689395822,557,40,78
2026-02-04T20:21:43.010265,1293,9757.53050076152,9914.146579084747,144.5063381073128,9613.024162654208,-242.46949923847933,557,40,78
2026-02-04T20:22:55.945818,1294,9755.409824653387,9910.406050368454,144.5063381073128,9610.903486546074,-244.59017534661325,557,40,78
2026-02-04T20:24:08.280298,1295,9750.493473392913,9906.371407860579,144.5063381073128,9605.9871352856,-249.50652660708693,557,40,78
2026-02-04T20:25:20.347217,1296,9738.62735001094,9898.620512193189,144.5063381073128,9594.121011903628,-261.37264998905994,557,40,78
2026-02-04T20:26:33.611016,1297,9732.293272130153,9888.313550508035,175.0668469511939,9557.226425178958,-267.7067278698469,559,40,80
2026-02-04T20:27:46.871293,1298,9737.961083097936,9895.075868691987,181.5885808456074,9556.372502252329,-262.03891690206365,560,40,81
2026-02-04T20:28:59.318930,1299,9736.86121287316,9893.193552709703,182.98080516428772,9553.880407708872,-263.1387871268398,561,40,82
2026-02-04T20:30:11.964612,1300,9731.930817584149,9885.842238602656,182.98080516428772,9548.95001241986,-268.0691824158512,561,40,82
2026-02-04T20:31:29.062453,1301,9724.83202974758,9870.976240800868,182.98080516428772,9541.851224583292,-275.16797025241976,561,40,82
2026-02-04T20:32:41.837011,1302,9721.31988969621,9865.25082174628,182.98080516428772,9538.33908453192,-278.68011030379057,561,40,82
2026-02-04T20:33:54.904845,1303,9721.436303801402,9869.268118108443,182.98080516428772,9538.455498637113,-278.56369619859834,561,40,82
2026-02-04T20:35:08.130096,1304,9726.787889145065,9876.608505079834,182.98080516428772,9543.807083980777,-273.2121108549345,561,40,82
2026-02-04T20:36:37.063530,1305,9721.348618259326,9870.465441888658,182.98080516428772,9538.367813095037,-278.65138174067397,561,40,82
2026-02-04T20:37:49.751545,1306,9720.63462214893,9873.08325701103,182.98080516428772,9537.65381698464,-279.36537785107066,561,40,82
2026-02-04T20:39:02.783943,1307,9726.884387539592,9886.703869539551,182.98080516428772,9543.903582375304,-273.11561246040765,561,40,82
2026-02-04T20:40:15.616669,1308,9728.038373054707,9889.817671037827,177.85734261968767,9550.18103043502,-271.96162694529266,562,40,82
2026-02-04T20:41:28.215426,1309,9725.836179418757,9887.566043352372,172.87733702633642,9552.95884239242,-274.1638205812433,563,40,82
2026-02-04T20:42:41.614913,1310,9727.248386486315,9887.58651143747,167.7006980464198,9559.547688439896,-272.7516135136848,565,40,82
2026-02-04T20:43:59.306789,1311,9722.43774903088,9884.649990918699,159.65302076749276,9562.784728263387,-277.5622509691202,569,40,82
2026-02-04T20:45:11.655675,1312,9712.17273166666,9875.531612847815,159.65302076749276,9552.519710899167,-287.8272683333398,569,40,82
2026-02-04T20:46:23.825915,1313,9711.461464628823,9874.46716707145,154.4585500838016,9557.00291454502,-288.5385353711772,571,40,82
2026-02-04T20:47:36.900992,1314,9706.00984945958,9872.946002150265,150.13371068145517,9555.876138778125,-293.99015054041956,572,40,82
2026-02-04T20:48:49.733606,1315,9703.90986124338,9871.20484051727,150.13371068145517,9553.776150561926,-296.0901387566191,572,40,82
2026-02-04T20:50:02.897881,1316,9706.899765755323,9875.562418418001,150.13371068145517,9556.766055073867,-293.10023424467727,572,40,82
2026-02-04T20:51:15.302866,1317,9701.826142152897,9865.707697049269,150.13371068145517,9551.692431471442,-298.17385784710314,572,40,82
2026-02-04T20:52:29.532773,1318,9700.87384795383,9861.707031592732,150.13371068145517,9550.740137272374,-299.1261520461703,572,40,82
2026-02-04T20:53:42.579656,1319,9697.513593292933,9859.009022758893,150.13371068145517,9547.379882611478,-302.48640670706664,572,40,82
2026-02-04T20:54:55.049262,1320,9697.5589822197,9859.955167675203,145.92996678237444,9551.629015437326,-302.4410177803002,573,40,82
2026-02-04T20:56:14.416640,1321,9699.029864173235,9863.919989687854,141.84392771246794,9557.185936460768,-300.9701358267648,574,40,82
2026-02-04T20:57:27.754599,1322,9708.812544890263,9877.87318155538,141.84392771246794,9566.968617177796,-291.18745510973713,574,40,82
2026-02-04T20:58:40.019474,1323,9713.478623439809,9876.946069061258,141.84392771246794,9571.634695727342,-286.52137656019113,574,40,82
2026-02-04T20:59:52.059265,1324,9711.372992437864,9870.151210574237,141.84392771246794,9569.529064725397,-288.627007562136,574,40,82
2026-02-04T21:01:04.744277,1325,9715.631897923518,9873.61147012452,141.84392771246794,9573.787970211051,-284.3681020764816,574,40,82
2026-02-04T21:02:18.144136,1326,9724.655821441675,9885.64907632334,141.84392771246794,9582.811893729207,-275.34417855832544,574,40,82
2026-02-04T21:03:30.211452,1327,9709.226641046356,9857.059215173063,141.84392771246794,9567.38271333389,-290.77335895364376,574,40,82
2026-02-04T21:04:42.595876,1328,9700.53180691994,9856.275173931257,141.84392771246794,9558.687879207473,-299.4681930800598,574,40,82
2026-02-04T21:05:56.191731,1329,9704.864770376093,9861.110503906444,141.84392771246794,9563.020842663625,-295.13522962390743,574,40,82
2026-02-04T21:07:09.634966,1330,9687.916436767475,9835.841925056175,141.84392771246794,9546.072509055008,-312.0835632325252,574,40,82
2026-02-04T21:08:26.680652,1331,9680.730422227603,9828.159881791607,141.84392771246794,9538.886494515136,-319.2695777723966,574,40,82
2026-02-04T21:09:39.255912,1332,9683.728766533048,9834.130592031523,141.84392771246794,9541.88483882058,-316.27123346695225,574,40,82
2026-02-04T21:10:52.518374,1333,9674.498225633508,9825.026985094688,141.84392771246794,9532.65429792104,-325.5017743664921,574,40,82
2026-02-04T21:12:05.476562,1334,9675.033303131599,9826.346941938353,137.87229773651885,9537.161005395079,-324.9666968684014,575,40,82
2026-02-04T21:13:18.470647,1335,9678.201082224783,9832.754427327325,134.01187339989633,9544.189208824886,-321.798917775217,576,40,82
2026-02-04T21:14:30.892179,1336,9680.855730874244,9842.438225349999,134.01187339989633,9546.843857474347,-319.1442691257562,576,40,82
2026-02-04T21:15:44.622929,1337,9682.575181513625,9841.781386466457,134.01187339989633,9548.563308113728,-317.42481848637544,576,40,82
2026-02-04T21:17:21.555944,1338,9670.19646597323,9814.691372077326,134.01187339989633,9536.184592573332,-329.80353402677065,576,40,82
2026-02-04T21:18:34.450965,1339,9654.66018452826,9801.01328216698,134.01187339989633,9520.648311128363,-345.3398154717397,576,40,82
2026-02-04T21:19:47.320022,1340,9635.878580191127,9791.994287494466,134.01187339989633,9501.86670679123,-364.1214198088728,576,40,82
2026-02-04T21:21:05.360480,1341,9632.633733286946,9791.403445028776,134.01187339989633,9498.62185988705,-367.36626671305385,576,40,82
2026-02-04T21:22:19.760648,1342,9634.583413182909,9790.858456524338,130.25954094469924,9504.32387223821,-365.41658681709123,577,40,82
2026-02-04T21:23:47.525989,1343,9632.263927774215,9782.82806130141,126.61227379824766,9505.651653975967,-367.7360722257854,578,40,82
2026-02-04T21:25:00.327837,1344,9629.404105265196,9783.074649132523,123.06713013189672,9506.3369751333,-370.59589473480446,579,40,82
2026-02-04T21:26:13.052831,1345,9632.618940611179,9786.018342670519,119.62125048820361,9512.997690122975,-367.3810593888211,580,40,82
2026-02-04T21:27:26.377071,1346,9626.331868775502,9774.163735607866,116.27185547453391,9510.060013300968,-373.6681312244982,581,40,82
2026-02-04T21:28:38.887320,1347,9635.810303874472,9787.58862970288,111.4340161119495,9524.376287762523,-364.1896961255279,583,40,82
2026-02-04T21:29:51.989256,1348,9637.202244167775,9789.14649215184,108.31386366081492,9528.88838050696,-362.79775583222545,584,40,82
2026-02-04T21:31:04.578247,1349,9644.946473772194,9793.409575844598,108.31386366081492,9536.63261011138,-355.0535262278063,584,40,82
2026-02-04T21:32:18.147636,1350,9650.787196267529,9799.581930422322,104.84782002366885,9545.93937624386,-349.212803732471,585,40,82
2026-02-04T21:33:37.231214,1351,9653.324437150119,9803.633161642774,100.39374469446335,9552.930692455655,-346.6755628498813,587,40,82
2026-02-04T21:34:50.460043,1352,9647.544540563416,9796.513451634466,100.39374469446335,9547.150795868953,-352.4554594365836,587,40,82
2026-02-04T21:36:03.038051,1353,9649.667148837008,9797.89680129901,100.39374469446335,9549.273404142545,-350.3328511629916,587,40,82
2026-02-04T21:37:15.818543,1354,9644.570991233993,9792.320544717786,100.39374469446335,9544.17724653953,-355.4290087660065,587,40,82
2026-02-04T21:38:28.204372,1355,9654.40947366494,9797.579798000668,100.39374469446335,9554.015728970477,-345.5905263350596,587,40,82
2026-02-04T21:39:40.392133,1356,9657.335368525353,9804.419913933885,100.39374469446335,9556.94162383089,-342.66463147464674,587,40,82
2026-02-04T21:40:53.173684,1357,9651.971041018332,9801.332069247044,100.39374469446335,9551.577296323869,-348.02895898166753,587,40,82
2026-02-04T21:42:05.807443,1358,9651.396283615983,9797.139109590082,93.14340478243511,9558.252878833548,-348.6037163840174,591,40,82
2026-02-04T21:43:18.560002,1359,9648.696521094873,9784.059774160567,85.83605241811146,9562.860468676761,-351.3034789051271,596,40,82
2026-02-04T21:44:31.178767,1360,9599.002969107863,9732.399908487212,76.7289221880664,9522.274046919798,-400.99703089213654,602,40,82
2026-02-04T21:45:48.804102,1361,9585.815676013879,9718.573229340855,70.70933043841303,9515.106345575467,-414.18432398612094,607,40,82
2026-02-04T21:47:00.941007,1362,9578.593791815701,9714.792528110185,68.72946918613746,9509.864322629564,-421.4062081842985,608,40,82
2026-02-04T21:48:13.805776,1363,9584.036906257055,9724.071837557072,66.80504404892561,9517.23186220813,-415.9630937429447,609,40,82
2026-02-04T21:49:26.637647,1364,9563.737935189012,9692.763943089507,64.93450281555569,9498.803432373457,-436.2620648109878,610,40,82
2026-02-04T21:50:42.358641,1365,9555.848969323135,9680.272878510244,63.11633673672013,9492.732632586414,-444.15103067686505,611,40,82
2026-02-04T21:51:55.825410,1366,9547.073026815287,9681.455493098982,61.349079308091966,9485.723947507195,-452.92697318471255,612,40,82
2026-02-04T21:53:08.483012,1367,9551.008709875072,9693.630418857227,61.349079308091966,9489.65963056698,-448.9912901249281,612,40,82
2026-02-04T21:54:21.753910,1368,9553.397543139272,9687.144967153925,61.349079308091966,9492.04846383118,-446.6024568607281,612,40,82
2026-02-04T21:55:34.850502,1369,9568.3012405614,9699.649420806798,61.349079308091966,9506.952161253308,-431.69875943859915,612,40,82
2026-02-04T21:56:49.374004,1370,9565.00776597712,9697.68473104988,61.349079308091966,9503.658686669027,-434.99223402288044,612,40,82
2026-02-04T21:58:07.088581,1371,9582.800092144316,9722.404163174517,61.349079308091966,9521.451012836224,-417.1999078556837,612,40,82
2026-02-04T21:59:20.194870,1372,9602.59941708943,9739.396915224414,61.349079308091966,9541.250337781337,-397.40058291056994,612,40,82
2026-02-04T22:00:56.775431,1373,9602.162843034952,9740.960919772597,61.3490795326597,9540.813763502292,-397.83715696504805,613,40,83
2026-02-04T22:02:11.033603,1374,9585.861789698132,9707.861329894244,61.3490795326597,9524.512710165473,-414.13821030186773,613,40,83
2026-02-04T22:03:24.607778,1375,9562.754887943363,9688.36825110294,61.3490795326597,9501.405808410704,-437.2451120566366,613,40,83
2026-02-04T22:04:36.919306,1376,9538.19972677622,9671.993795209351,61.3490795326597,9476.85064724356,-461.8002732237801,613,40,83
2026-02-04T22:05:49.607747,1377,9520.007121646968,9650.54276407589,61.3490795326597,9458.658042114308,-479.9928783530322,613,40,83
2026-02-04T22:07:21.445268,1378,9464.046442334791,9596.421804813148,61.3490795326597,9402.697362802131,-535.9535576652088,613,40,83
2026-02-04T22:08:35.065905,1379,9466.740975484867,9599.952386150064,61.3490795326597,9405.391895952207,-533.2590245151332,613,40,83
2026-02-04T22:09:48.088176,1380,9474.459477074595,9610.111898674028,61.3490795326597,9413.110397541936,-525.5405229254047,613,40,83
2026-02-04T22:11:08.523415,1381,9489.62692152409,9628.924212649232,61.3490795326597,9428.27784199143,-510.37307847591,613,40,83
2026-02-04T22:12:21.600627,1382,9480.05642786366,9614.346604524357,61.3490795326597,9418.707348331,-519.9435721363407,613,40,83
2026-02-04T22:13:33.938648,1383,9483.252127630396,9616.69782234742,61.3490795326597,9421.903048097736,-516.747872369604,613,40,83
2026-02-04T22:14:48.478486,1384,9495.313441986087,9629.22197306216,61.3490795326597,9433.964362453427,-504.6865580139129,613,40,83
2026-02-04T22:16:02.645116,1385,9544.027808351279,9679.346170907518,61.3490795326597,9482.678728818619,-455.9721916487215,613,40,83
2026-02-04T22:17:15.277414,1386,9566.56094370132,9697.806068739572,61.3490795326597,9505.211864168661,-433.43905629867913,613,40,83
2026-02-04T22:18:28.432442,1387,9568.544896244419,9700.60281856234,61.3490795326597,9507.19581671176,-431.45510375558115,613,40,83
2026-02-04T22:19:40.672499,1388,9567.359191923611,9696.000445703587,61.3490795326597,9506.010112390952,-432.64080807638857,613,40,83
2026-02-04T22:20:53.159580,1389,9571.046736353437,9701.248835859766,61.3490795326597,9509.697656820777,-428.95326364656285,613,40,83
2026-02-04T22:22:20.078945,1390,9654.505527685254,9795.518259693978,61.3490795326597,9593.156448152595,-345.4944723147455,613,40,83
2026-02-04T22:23:38.372687,1391,9658.354011840163,9802.673776003805,61.3490795326597,9597.004932307504,-341.64598815983663,613,40,83
2026-02-04T22:24:50.774316,1392,9669.73445455939,9810.5342480006,61.3490795326597,9608.38537502673,-330.26554544061037,613,40,83
2026-02-04T22:26:03.501685,1393,9679.040160266171,9823.6352805796,61.3490795326597,9617.691080733512,-320.95983973382863,613,40,83
2026-02-04T22:27:15.870173,1394,9694.121358312708,9843.04959790139,61.3490795326597,9632.772278780049,-305.87864168729175,613,40,83
2026-02-04T22:28:28.778937,1395,9701.17470374129,9849.200430278064,61.062783828173956,9640.111919913115,-298.8252962587103,614,40,83
2026-02-04T22:29:42.051318,1396,9701.694712786251,9850.214707733128,56.27224306126465,9645.422469724987,-298.30528721374867,619,40,83
2026-02-04T22:30:54.304381,1397,9701.203413097224,9851.983180670313,54.69662025554924,9646.506792841676,-298.79658690277574,620,40,83
2026-02-04T22:32:07.016827,1398,9691.001550928073,9838.577077718826,54.69662025554924,9636.304930672524,-308.9984490719271,620,40,83
2026-02-04T22:33:21.009980,1399,9683.66445370594,9817.283528347933,54.69662025554924,9628.967833450391,-316.3355462940599,620,40,83
2026-02-04T22:34:34.302187,1400,9685.31828131841,9817.336868734203,54.69662025554924,9630.621661062862,-314.6817186815897,620,40,83
2026-02-04T22:35:51.321170,1401,9682.866189607232,9811.691371253408,54.69662025554924,9628.169569351683,-317.1338103927683,620,40,83
2026-02-04T22:37:04.756524,1402,9677.941703263032,9799.170561244036,54.69662025554924,9623.245083007483,-322.05829673696826,620,40,83
2026-02-04T22:38:18.007004,1403,9639.874613482729,9760.37852297815,54.69662025554924,9585.17799322718,-360.1253865172712,620,40,83
2026-02-04T22:39:30.746258,1404,9635.689006054936,9765.511216186535,54.69662025554924,9580.992385799387,-364.3109939450642,620,40,83
2026-02-04T22:40:43.820203,1405,9635.609083886526,9773.122778987004,54.69662025554924,9580.912463630977,-364.3909161134743,620,40,83
2026-02-04T22:41:57.459149,1406,9634.455650578011,9771.115908341906,54.69662025554924,9579.759030322462,-365.54434942198895,620,40,83
2026-02-04T22:43:10.965874,1407,9632.952643609147,9759.777359244772,54.69662025554924,9578.256023353599,-367.04735639085266,620,40,83
2026-02-04T22:44:23.219233,1408,9615.073986647953,9741.249178907601,54.69662025554924,9560.377366392404,-384.92601335204745,620,40,83
2026-02-04T22:45:35.898282,1409,9611.479948929284,9743.043137889177,54.69662025554924,9556.783328673735,-388.52005107071636,620,40,83
2026-02-04T22:46:48.144912,1410,9613.258092096086,9750.576602321911,54.69662025554924,9558.561471840538,-386.74190790391367,620,40,83
2026-02-04T22:48:06.213745,1411,9610.55723697167,9745.36335061375,54.69662025554924,9555.860616716122,-389.44276302832986,620,40,83
2026-02-04T22:49:18.607896,1412,9615.523061318596,9754.385102748178,54.69662025554924,9560.826441063047,-384.47693868140414,620,40,83
2026-02-04T22:50:30.982323,1413,9606.651642639268,9737.943563844108,54.69662025554924,9551.95502238372,-393.3483573607318,620,40,83
2026-02-04T22:51:44.053870,1414,9606.133828634504,9729.75221836961,54.69662025554924,9551.437208378955,-393.8661713654965,620,40,83
2026-02-04T22:52:58.535156,1415,9603.900013293249,9729.540364826762,54.69662025554924,9549.2033930377,-396.0999867067512,620,40,83
2026-02-04T22:54:11.178261,1416,9606.495684829843,9731.629519037833,54.69662034202142,9551.799064487821,-393.5043151701575,620,40,83
2026-02-04T22:55:23.472546,1417,9605.906258293506,9730.334585126528,54.69662037545733,9551.209637918048,-394.09374170649426,620,40,83
2026-02-04T22:56:36.962042,1418,9591.969590061866,9720.853937987777,53.165115004944525,9538.804475056922,-408.03040993813374,621,40,83
2026-02-04T22:57:50.079268,1419,9557.638550982922,9689.757032592572,49.9227983595969,9507.715752623324,-442.3614490170785,624,40,83
2026-02-04T22:59:02.918578,1420,9551.413671090977,9678.83579993149,46.972161285351284,9504.441509805625,-448.586328909023,626,40,83
2026-02-04T23:00:21.042631,1421,9552.016231002928,9682.221726073361,44.19591866474188,9507.820312338186,-447.9837689970718,628,40,83
2026-02-04T23:01:34.204252,1422,9553.230625285516,9685.461578713574,42.6960859689352,9510.53453931658,-446.769374714484,630,40,83
2026-02-04T23:02:47.579745,1423,9546.160977423946,9675.656224070142,40.0922313508196,9506.068746073126,-453.83902257605405,633,40,83
2026-02-04T23:04:00.611290,1424,9551.033716098667,9680.580130732835,37.72262010906076,9513.311095989606,-448.96628390133264,635,40,83
2026-02-04T23:05:14.256240,1425,9550.747764736347,9680.558164124188,36.593053972515044,9514.15471076383,-449.25223526365335,637,40,83
2026-02-04T23:06:28.160725,1426,9544.903018837724,9673.044533065922,32.65294988075604,9512.250068956968,-455.0969811622763,643,40,83
2026-02-04T23:07:41.353990,1427,9558.229045274364,9695.255700169526,31.544839373602702,9526.684205900761,-441.77095472563633,645,40,83
2026-02-04T23:08:53.755026,1428,9559.33919661827,9700.40137951919,29.010246351311167,9530.32895026696,-440.66080338173015,650,40,83
2026-02-04T23:10:07.578979,1429,9553.895483626946,9689.846704659443,27.11390867845452,9526.78157494849,-446.10451637305414,654,40,83
2026-02-04T23:11:20.490500,1430,9558.613403244082,9695.925504266448,26.193771073542486,9532.41963217054,-441.3865967559177,656,40,83
2026-02-04T23:12:37.484298,1431,9561.559373036798,9700.422142812975,24.645614428011832,9536.913758608787,-438.4406269632018,658,40,83
2026-02-04T23:13:50.955661,1432,9565.022837039876,9700.772104721511,23.796057227548076,9541.226779812328,-434.9771629601237,661,40,83
2026-02-04T23:15:05.019243,1433,9569.147726084782,9708.298867473806,23.12976762517673,9546.017958459606,-430.85227391521767,662,40,83
2026-02-04T23:16:17.975403,1434,9567.01736271317,9705.378318982008,23.12976762517673,9543.887595087994,-432.98263728683014,662,40,83
2026-02-04T23:17:30.604775,1435,9670.420281470815,9795.944112376157,23.12976762517673,9647.290513845639,-329.5797185291849,662,40,83
2026-02-04T23:18:44.692047,1436,9641.323832100285,9770.902184913055,23.12976762517673,9618.194064475108,-358.67616789971544,662,40,83
2026-02-04T23:19:58.647919,1437,9622.759736071699,9751.652737743496,22.48213413167178,9600.277601940028,-377.2402639283009,663,40,83
2026-02-04T23:21:11.647057,1438,9626.335343759496,9758.488771254604,22.48213413167178,9603.853209627825,-373.664656240504,663,40,83
2026-02-04T23:22:24.582883,1439,9601.997558425683,9735.404955673974,22.48213413167178,9579.515424294012,-398.00244157431734,663,40,83
2026-02-04T23:23:38.094805,1440,9597.983293933386,9735.756287725208,22.48213413167178,9575.501159801715,-402.01670606661355,663,40,83
2026-02-04T23:24:55.850529,1441,9617.546565150846,9770.995336541706,22.48213413167178,9595.064431019175,-382.4534348491543,663,40,83
2026-02-04T23:26:23.973355,1442,9657.281469507989,9794.677654589192,22.48213413167178,9634.799335376318,-342.71853049201127,663,40,83
2026-02-04T23:27:36.182119,1443,9656.319154953513,9793.513575132061,22.48213413167178,9633.837020821842,-343.68084504648687,663,40,83
2026-02-04T23:28:48.532862,1444,9658.397783392335,9793.829600225232,22.48213413167178,9635.915649260663,-341.60221660766547,663,40,83
2026-02-04T23:30:01.022625,1445,9658.329282276,9793.706645039114,22.48213413167178,9635.847148144328,-341.6707177240005,663,40,83
2026-02-04T23:31:15.505246,1446,9657.525953079426,9792.646925423995,22.48213413167178,9635.043818947755,-342.4740469205735,663,40,83
2026-02-04T23:32:28.347890,1447,9663.171144524755,9810.005956460689,22.48213413167178,9640.689010393084,-336.8288554752453,663,40,83
2026-02-04T23:33:41.486155,1448,9663.760957460392,9798.178535911942,22.48213413167178,9641.278823328721,-336.2390425396079,663,40,83
2026-02-04T23:34:54.396034,1449,9666.570888514543,9804.18971268938,21.852634375984973,9644.718254138557,-333.4291114854568,664,40,83
2026-02-04T23:36:08.020664,1450,9664.08682308647,9796.518684497752,21.852634375984973,9642.234188710485,-335.91317691352924,664,40,83
2026-02-04T23:37:25.798548,1451,9668.785318795262,9802.839497406534,19.513178750229528,9649.272140045034,-331.21468120473764,666,40,83
2026-02-04T23:38:38.152323,1452,9667.51897871024,9801.102392445535,15.157070904181415,9652.36190780606,-332.48102128975916,672,40,83
2026-02-04T23:39:51.800107,1453,9682.238852101906,9820.770144801358,15.157070904181415,9667.081781197725,-317.76114789809435,672,40,83
2026-02-04T23:41:05.029167,1454,9674.448641959536,9803.885726023287,15.157070904181415,9659.291571055355,-325.55135804046404,672,40,83
2026-02-04T23:42:18.030561,1455,9670.214037361184,9802.221991346718,15.157070904181415,9655.056966457003,-329.7859626388163,672,40,83
2026-02-04T23:43:30.930291,1456,9653.282717213899,9789.923802830413,15.157070904181415,9638.125646309718,-346.71728278610135,672,40,83
2026-02-04T23:44:43.647141,1457,9654.847876122743,9789.704437558663,15.157070904181415,9639.690805218563,-345.1521238772566,672,40,83
2026-02-04T23:45:57.001003,1458,9663.850141574001,9799.850391657536,15.157070904181415,9648.69307066982,-336.1498584259989,672,40,83
2026-02-04T23:47:09.600948,1459,9665.689212271662,9800.637083440497,15.157070904181415,9650.532141367481,-334.31078772833825,672,40,83
2026-02-04T23:48:22.049801,1460,9667.617183289447,9806.328512310016,15.157070904181415,9652.460112385266,-332.382816710553,672,40,83
2026-02-04T23:49:42.455714,1461,9677.402368055107,9812.806817136921,15.157070904181415,9662.245297150926,-322.5976319448928,672,40,83
2026-02-04T23:50:54.690170,1462,9675.178389748738,9811.18346854516,15.157070904181415,9660.021318844558,-324.8216102512615,672,40,83
2026-02-04T23:52:06.864817,1463,9677.27251285403,9811.615404624747,15.157070904181415,9662.115441949849,-322.7274871459704,672,40,83
2026-02-04T23:53:20.623821,1464,9673.049466369042,9804.100286269426,15.157070904181415,9657.892395464862,-326.9505336309576,672,40,83
2026-02-04T23:54:34.164859,1465,9671.962016335623,9802.871878134061,14.458625559009567,9657.503390776614,-328.03798366437695,675,40,83
2026-02-04T23:55:46.734887,1466,9640.373701396424,9775.014067773323,14.458625559009567,9625.915075837414,-359.6262986035763,675,40,83
2026-02-04T23:56:59.100383,1467,9640.171736512588,9771.657139163353,14.458625559009567,9625.713110953579,-359.8282634874122,675,40,83
2026-02-04T23:58:12.354591,1468,9638.372909689204,9768.901392205913,14.458625559009567,9623.914284130195,-361.6270903107961,675,40,83
2026-02-04T23:59:25.068227,1469,9634.523194832062,9765.652547432926,14.458625559009567,9620.064569273052,-365.47680516793844,675,40,83
2026-02-05T00:00:37.473819,1470,9634.39696055215,9765.967795636425,14.458625559009567,9619.938334993141,-365.60303944784937,675,40,83
2026-02-05T00:01:55.636601,1471,9635.007964648732,9764.154795633796,14.458625559009567,9620.549339089723,-364.992035351268,675,40,83
2026-02-05T00:03:09.053200,1472,9633.124368117044,9762.564390297037,14.458625559009567,9618.665742558034,-366.87563188295644,675,40,83
2026-02-05T00:04:22.388506,1473,9630.02419863328,9755.204444971498,14.458625559009567,9615.565573074271,-369.9758013667197,675,40,83
2026-02-05T00:05:35.083438,1474,9626.740345888977,9754.750837307798,14.458625559009567,9612.281720329967,-373.25965411102334,675,40,83
2026-02-05T00:06:48.864599,1475,9639.31458062913,9765.447710891196,14.458625559009567,9624.855955070121,-360.68541937086957,675,40,83
2026-02-05T00:08:02.498720,1476,9635.295255417288,9755.679331714295,14.458625559009567,9620.836629858279,-364.704744582712,675,40,83
2026-02-05T00:09:15.689039,1477,9637.47988374305,9760.827466201199,14.458625559009567,9623.02125818404,-362.52011625695013,675,40,83
2026-02-05T00:10:28.696228,1478,9633.821285298061,9755.521471559106,14.458625559009567,9619.362659739052,-366.1787147019386,675,40,83
2026-02-05T00:11:41.752397,1479,9633.650853034722,9752.643603539273,14.458625559009567,9619.192227475713,-366.3491469652781,675,40,83
2026-02-05T00:12:54.583998,1480,9612.49550669217,9735.481129772517,13.604062953969866,9598.8914437382,-387.50449330782976,677,40,83
2026-02-05T00:14:12.213458,1481,9606.502019880247,9728.982240539743,13.604062953969866,9592.897956926277,-393.49798011975327,677,40,83
2026-02-05T00:15:24.691626,1482,9605.096125737704,9728.587940635829,13.604062953969866,9591.492062783735,-394.9038742622961,677,40,83
2026-02-05T00:16:38.683743,1483,9605.366106168147,9728.19368980502,13.604062953969866,9591.762043214178,-394.63389383185313,677,40,83
2026-02-05T00:17:52.210568,1484,9606.961356653135,9730.715834082663,13.604062953969866,9593.357293699166,-393.0386433468648,677,40,83
2026-02-05T00:19:05.043652,1485,9607.118813300085,9730.942094648697,13.604062953969866,9593.514750346116,-392.8811866999149,677,40,83
2026-02-05T00:20:17.562636,1486,9613.385098156261,9740.349004138447,13.604062953969866,9599.781035202292,-386.61490184373906,677,40,83
2026-02-05T00:21:29.534759,1487,9619.14169448015,9750.33966696941,13.604062953969866,9605.53763152618,-380.85830551985055,677,40,83
2026-02-05T00:22:42.798865,1488,9627.535385926456,9762.66131166034,13.604062953969866,9613.931322972487,-372.464614073544,677,40,83
2026-02-05T00:23:55.686516,1489,9630.0279203666,9775.915563552355,13.604062953969866,9616.42385741263,-369.9720796334004,677,40,83
2026-02-05T00:25:10.125838,1490,9630.830703053065,9768.89595193997,13.604062953969866,9617.226640099096,-369.169296946935,677,40,83
2026-02-05T00:26:27.992260,1491,9634.38314859103,9772.792602233578,13.604062953969866,9620.779085637061,-365.6168514089695,677,40,83
2026-02-05T00:27:41.604512,1492,9639.900935195574,9783.68584215714,13.604062953969866,9626.296872241604,-360.09906480442623,677,40,83
2026-02-05T00:28:55.803720,1493,9663.867730926037,9794.774232273216,13.604062953969866,9650.263667972067,-336.13226907396347,677,40,83
2026-02-05T00:30:08.862317,1494,9677.31846281305,9802.695359176945,13.604062953969866,9663.71439985908,-322.68153718695066,677,40,83
2026-02-05T00:31:21.004022,1495,9662.66258943713,9785.613365484107,13.604062953969866,9649.05852648316,-337.33741056287,677,40,83
2026-02-05T00:32:34.467963,1496,9650.92173792911,9769.213948818928,13.604062953969866,9637.31767497514,-349.07826207089056,677,40,83
2026-02-05T00:33:48.034506,1497,9619.334062814929,9743.46039690256,13.604062953969866,9605.72999986096,-380.665937185071,677,40,83
2026-02-05T00:35:01.098119,1498,9618.524853030489,9740.204095652476,13.604062953969866,9604.92079007652,-381.4751469695111,677,40,83
2026-02-05T00:36:13.635544,1499,9627.99198656302,9750.200410990492,13.604062953969866,9614.38792360905,-372.00801343698004,677,40,83
2026-02-05T00:37:26.757468,1500,9621.62779542974,9741.45005223493,13.604062953969866,9608.02373247577,-378.3722045702598,677,40,83
2026-02-05T00:38:44.295017,1501,9620.160100781799,9735.224500861656,13.604062953969866,9606.55603782783,-379.839899218201,677,40,83
2026-02-05T00:39:57.108483,1502,9620.508596485663,9747.162320458698,13.604062953969866,9606.904533531693,-379.49140351433743,677,40,83
2026-02-05T00:41:09.358858,1503,9640.278240360196,9762.858888447763,13.604062953969866,9626.674177406227,-359.7217596398041,677,40,83
2026-02-05T00:42:22.987328,1504,9661.833515640898,9781.705173714252,13.604062953969866,9648.229452686928,-338.16648435910247,677,40,83
2026-02-05T00:43:35.296410,1505,9658.737122128132,9777.006332109097,13.604062953969866,9645.133059174163,-341.2628778718681,677,40,83
2026-02-05T00:44:47.912072,1506,9654.971306230838,9768.564884850375,13.604062953969866,9641.367243276869,-345.0286937691617,677,40,83
2026-02-05T00:46:00.847600,1507,9651.74036160164,9767.453491365346,13.604062953969866,9638.13629864767,-348.25963839836004,677,40,83
2026-02-05T00:47:14.992813,1508,9652.704603040262,9766.07509773914,13.604062953969866,9639.100540086292,-347.29539695973835,677,40,83
2026-02-05T00:48:29.296514,1509,9654.979483875744,9767.630901754304,13.604062953969866,9641.375420921775,-345.02051612425566,677,40,83
2026-02-05T00:49:43.012922,1510,9656.153151293649,9771.212182696572,13.604062953969866,9642.54908833968,-343.846848706351,677,40,83
2026-02-05T00:51:00.822121,1511,9660.667034016511,9782.086139906925,13.604062953969866,9647.062971062542,-339.332965983489,677,40,83
2026-02-05T00:52:13.006586,1512,9661.853361211732,9773.855797655537,13.604062953969866,9648.249298257762,-338.1466387882683,677,40,83
2026-02-05T00:53:25.917702,1513,9653.493055647425,9760.80628236409,13.604062953969866,9639.888992693455,-346.5069443525754,677,40,83
2026-02-05T00:54:38.902381,1514,9654.128217334493,9761.1203271665,13.604062953969866,9640.524154380524,-345.87178266550654,677,40,83
2026-02-05T00:55:52.206830,1515,9654.076582242578,9761.43058326423,13.604062953969866,9640.472519288609,-345.9234177574217,677,40,83
2026-02-05T00:57:04.920958,1516,9654.992254201474,9758.96747145856,13.604062953969866,9641.388191247504,-345.00774579852623,677,40,83
2026-02-05T00:58:18.000803,1517,9645.356017705255,9752.34268429112,13.604062953969866,9631.751954751286,-354.643982294745,677,40,83
2026-02-05T00:59:30.808474,1518,9639.094162190862,9747.00427639007,13.604062953969866,9625.490099236893,-360.90583780913767,677,40,83
2026-02-05T01:00:43.824316,1519,9639.94849080337,9749.254765420603,13.604062953969866,9626.3444278494,-360.0515091966299,677,40,83
2026-02-05T01:01:56.298227,1520,9639.019783012473,9747.117059852793,13.604062953969866,9625.415720058503,-360.98021698752746,677,40,83
2026-02-05T01:03:13.787589,1521,9642.87903043855,9751.418985063512,13.604062953969866,9629.27496748458,-357.1209695614507,677,40,83
2026-02-05T01:04:26.594014,1522,9649.354644747968,9759.424245257062,13.604062953969866,9635.750581793998,-350.64535525203246,677,40,83
2026-02-05T01:05:39.530979,1523,9654.85784151439,9771.17233203692,13.604062953969866,9641.25377856042,-345.1421584856107,677,40,83
2026-02-05T01:06:52.760980,1524,9667.369874649201,9781.33712988454,13.604062953969866,9653.765811695232,-332.63012535079906,677,40,83
2026-02-05T01:08:05.200957,1525,9665.178049245584,9778.955204353711,13.604062953969866,9651.573986291614,-334.8219507544163,677,40,83
2026-02-05T01:09:18.529020,1526,9668.426893590413,9785.01108023143,13.604062953969866,9654.822830636444,-331.5731064095871,677,40,83
2026-02-05T01:10:30.922419,1527,9679.638412656448,9808.545135381033,13.604062953969866,9666.034349702479,-320.36158734355195,677,40,83
2026-02-05T01:11:43.283205,1528,9690.243805821641,9811.265901292538,13.604062953969866,9676.639742867672,-309.7561941783588,677,40,83
2026-02-05T01:12:55.675311,1529,9677.349910215351,9802.319290758596,13.604062953969866,9663.745847261382,-322.650089784649,677,40,83
2026-02-05T01:14:08.255088,1530,9686.040547792723,9805.340634411505,13.22314919125871,9672.817398601464,-313.9594522072766,678,40,83
2026-02-05T01:15:25.818649,1531,9671.38613228562,9784.669431282255,12.852901013903466,9658.533231271716,-328.61386771438083,679,40,83
2026-02-05T01:16:38.272676,1532,9658.588514727782,9762.920308533248,12.852901013903466,9645.73561371388,-341.41148527221776,679,40,83
2026-02-05T01:17:50.820615,1533,9616.605247620979,9721.212923791307,12.852901013903466,9603.752346607076,-383.39475237902116,679,40,83
2026-02-05T01:19:04.176056,1534,9612.422034660063,9716.010501410394,12.852901013903466,9599.56913364616,-387.5779653399368,679,40,83
2026-02-05T01:20:16.969723,1535,9590.837804975425,9699.136508314032,12.852901013903466,9577.984903961522,-409.16219502457534,679,40,83
2026-02-05T01:21:29.584225,1536,9575.265498208111,9677.275845034867,12.852901013903466,9562.412597194209,-424.73450179188876,679,40,83
2026-02-05T01:22:42.187990,1537,9548.2548732715,9647.845825383592,12.852901013903466,9535.401972257598,-451.7451267284996,679,40,83
2026-02-05T01:23:56.021121,1538,9555.230922246878,9656.83436797875,12.852901013903466,9542.378021232975,-444.7690777531225,679,40,83
2026-02-05T01:25:09.632985,1539,9575.862148942386,9685.50977041655,12.852901013903466,9563.009247928483,-424.13785105761417,679,40,83
2026-02-05T01:26:22.608287,1540,9614.81265389535,9707.659121796223,12.852901013903466,9601.959752881447,-385.1873461046507,679,40,83
2026-02-05T01:27:41.444324,1541,9668.570892848822,9759.421935825634,12.852901013903466,9655.71799183492,-331.42910715117796,679,40,83
2026-02-05T01:28:54.951786,1542,9682.728842697767,9785.112367580768,12.852901013903466,9669.875941683864,-317.2711573022334,679,40,83
2026-02-05T01:30:09.256809,1543,9686.591563301718,9794.29540914396,12.852901013903466,9673.738662287815,-313.40843669828246,679,40,83
2026-02-05T01:31:37.108394,1544,9702.141883387916,9805.86900755958,12.852901013903466,9689.288982374013,-297.8581166120839,679,40,83
2026-02-05T01:32:51.247323,1545,9707.070852399149,9798.95645741264,12.852901013903466,9694.217951385246,-292.92914760085114,679,40,83
2026-02-05T01:34:04.323430,1546,9703.072736681943,9799.141016893329,12.852901013903466,9690.21983566804,-296.92726331805716,679,40,83
2026-02-05T01:35:17.703380,1547,9710.486397418137,9810.779466230224,12.852901013903466,9697.633496404234,-289.51360258186287,679,40,83
2026-02-05T01:36:52.510741,1548,9701.506082961412,9796.27027618851,12.852901013903466,9688.65318194751,-298.4939170385878,679,40,83
2026-02-05T01:38:05.109905,1549,9715.044032804253,9813.687087339757,12.852901013903466,9702.19113179035,-284.9559671957468,679,40,83
2026-02-05T01:39:18.617165,1550,9703.5914372581,9793.46860886417,12.852901013903466,9690.738536244196,-296.4085627419008,679,40,83
2026-02-05T01:40:36.800155,1551,9694.584298998405,9787.796782130534,12.852901013903466,9681.731397984502,-305.41570100159515,679,40,83
2026-02-05T01:42:04.666574,1552,9606.823119527013,9711.671964429926,12.852901013903466,9593.97021851311,-393.17688047298725,679,40,83
2026-02-05T01:43:18.678301,1553,9629.389291227753,9736.356863464116,12.852901013903466,9616.53639021385,-370.61070877224665,679,40,83
2026-02-05T01:44:31.140978,1554,9644.525409234642,9754.79058497454,12.852901013903466,9631.67250822074,-355.4745907653578,679,40,83
2026-02-05T01:45:44.647473,1555,9642.204654089795,9751.478782654518,12.852901013903466,9629.351753075893,-357.79534591020456,679,40,83
2026-02-05T01:46:58.479020,1556,9637.321013783492,9743.179500922539,12.852901013903466,9624.46811276959,-362.67898621650784,679,40,83
2026-02-05T01:48:11.309790,1557,9634.314986602045,9742.994526767423,12.852901013903466,9621.462085588142,-365.6850133979551,679,40,83
2026-02-05T01:49:23.793038,1558,9634.398090991413,9743.62999479433,12.852901013903466,9621.54518997751,-365.6019090085865,679,40,83
2026-02-05T01:50:40.966383,1559,9637.226039168667,9749.692502457821,12.852901013903466,9624.373138154764,-362.77396083133317,679,40,83
2026-02-05T01:51:53.842503,1560,9642.148510141213,9750.421451734444,12.852901013903466,9629.29560912731,-357.8514898587873,679,40,83
2026-02-05T01:53:11.370347,1561,9629.58699090782,9726.08829765249,12.852901013903466,9616.734089893916,-370.4130090921808,679,40,83
2026-02-05T01:54:24.516208,1562,9626.780765705449,9718.025650077932,12.852901013903466,9613.927864691546,-373.2192342945509,679,40,83
2026-02-05T01:55:37.907552,1563,9623.34532323394,9720.57527503508,12.852901026562392,9610.492422207377,-376.6546767660602,679,40,83
2026-02-05T01:57:18.545096,1564,9625.392226283471,9726.298796902354,12.852901026562392,9612.539325256908,-374.60777371652875,679,40,83
2026-02-05T01:58:34.020640,1565,9623.28635467716,9727.338248157623,12.852901026562392,9610.433453650598,-376.7136453228395,679,40,83
2026-02-05T01:59:48.391802,1566,9615.376844533099,9723.0206849431,12.852901026562392,9602.523943506536,-384.62315546690115,679,40,83
2026-02-05T02:01:01.299019,1567,9625.719854444907,9724.770173419058,12.852901026562392,9612.866953418345,-374.28014555509253,679,40,83
2026-02-05T02:02:14.280518,1568,9634.682568862092,9733.482170880452,12.852901026562392,9621.82966783553,-365.317431137908,679,40,83
2026-02-05T02:03:27.818399,1569,9611.806581173043,9706.82894947901,12.852901026562392,9598.95368014648,-388.193418826957,679,40,83
2026-02-05T02:04:41.554797,1570,9602.475300864568,9695.283084297393,12.852901026562392,9589.622399838005,-397.52469913543246,679,40,83
2026-02-05T02:05:59.925542,1571,9590.123608265292,9691.516576767586,12.852901026562392,9577.27070723873,-409.8763917347078,679,40,83
2026-02-05T02:07:15.017180,1572,9579.817697130457,9676.98884352672,12.852901026562392,9566.964796103894,-420.1823028695435,679,40,83
2026-02-05T02:08:34.261655,1573,9605.466262933358,9702.510699891875,12.852901026562392,9592.613361906795,-394.53373706664206,679,40,83
2026-02-05T02:09:46.788728,1574,9616.565296584966,9712.845400142567,12.852901026562392,9603.712395558403,-383.43470341503416,679,40,83
2026-02-05T02:11:14.287521,1575,9616.07918975773,9711.601175777505,12.852901026562392,9603.226288731166,-383.9208102422708,679,40,83
2026-02-05T02:12:26.887219,1576,9601.800271453913,9692.485068853834,12.852901026562392,9588.94737042735,-398.1997285460875,679,40,83
2026-02-05T02:13:39.739784,1577,9578.295372672143,9667.208461319446,12.852901026562392,9565.44247164558,-421.70462732785745,679,40,83
2026-02-05T02:14:52.813165,1578,9571.666225556948,9665.689067747526,12.852901026562392,9558.813324530385,-428.3337744430519,679,40,83
2026-02-05T02:16:06.832234,1579,9557.985846671938,9651.725264482217,12.852901026562392,9545.132945645375,-442.0141533280621,679,40,83
2026-02-05T02:17:19.612172,1580,9536.00510617371,9629.766306282409,12.852901026562392,9523.152205147147,-463.9948938262896,679,40,83
2026-02-05T02:18:36.514440,1581,9561.968067101832,9656.216993398424,12.852901026562392,9549.11516607527,-438.0319328981677,679,40,83
2026-02-05T02:19:49.474886,1582,9607.914272872806,9703.683415307518,12.852901026562392,9595.061371846243,-392.08572712719433,679,40,83
2026-02-05T02:21:01.837146,1583,9604.452406383638,9698.797155969984,12.852901026562392,9591.599505357075,-395.54759361636206,679,40,83
2026-02-05T02:22:14.470370,1584,9615.351659421522,9710.546447825101,12.852901026562392,9602.498758394959,-384.6483405784784,679,40,83
2026-02-05T02:23:27.131418,1585,9611.677111852534,9704.475952612196,12.852901026562392,9598.824210825971,-388.3228881474661,679,40,83
2026-02-05T02:24:40.855257,1586,9610.723268026632,9702.834165818014,12.852901026562392,9597.870367000069,-389.27673197336844,679,40,83
2026-02-05T02:25:53.603477,1587,9604.806959340054,9693.566731528113,12.852901026562392,9591.954058313491,-395.19304065994584,679,40,83
2026-02-05T02:27:06.774141,1588,9603.012437059464,9688.450357657957,12.852901026562392,9590.159536032901,-396.987562940536,679,40,83
2026-02-05T02:28:19.205143,1589,9606.861919725818,9707.578031968242,12.852901026562392,9594.009018699255,-393.13808027418236,679,40,83
2026-02-05T02:29:32.553798,1590,9606.396704439794,9706.919834354776,12.852901026562392,9593.543803413231,-393.6032955602059,679,40,83
2026-02-05T02:30:50.246079,1591,9605.930794829324,9709.532112463916,12.852901026562392,9593.077893802762,-394.06920517067556,679,40,83
2026-02-05T02:32:02.788178,1592,9620.464136947914,9717.362173777688,12.852901031467603,9607.611235916447,-379.5358630520859,679,40,83
2026-02-05T02:33:16.525532,1593,9623.196474802638,9722.65301767574,12.852901031467603,9610.343573771172,-376.8035251973615,679,40,83
2026-02-05T02:34:29.313933,1594,9614.728288035669,9710.502770094237,12.852901031467603,9601.875387004202,-385.2717119643312,679,40,83
2026-02-05T02:35:42.355891,1595,9674.87592594247,9777.673335785345,12.852901031467603,9662.023024911003,-325.1240740575304,679,40,83
2026-02-05T02:36:55.084822,1596,9667.083398961668,9771.793753589209,12.852901031467603,9654.2304979302,-332.9166010383324,679,40,83
2026-02-05T02:38:08.566919,1597,9661.715523255018,9760.139221202327,12.852901031467603,9648.86262222355,-338.2844767449824,679,40,83
2026-02-05T02:39:21.738538,1598,9653.314093227185,9755.959333691406,12.852901031467603,9640.461192195718,-346.68590677281463,679,40,83
2026-02-05T02:40:34.693351,1599,9652.49371032088,9755.232734124676,12.852901031467603,9639.640809289413,-347.5062896791205,679,40,83
2026-02-05T02:41:47.205918,1600,9653.270636259447,9755.01722469114,12.852901031467603,9640.41773522798,-346.7293637405528,679,40,83
2026-02-05T02:43:05.303994,1601,9659.155211545685,9762.04805279205,12.852901031467603,9646.302310514218,-340.84478845431477,679,40,83
2026-02-05T02:44:18.434147,1602,9670.768999615537,9773.949572398353,12.852901031467603,9657.91609858407,-329.2310003844632,679,40,83
2026-02-05T02:45:31.582615,1603,9654.571109147839,9754.52032527091,12.852901031467603,9641.718208116372,-345.4288908521612,679,40,83
2026-02-05T02:46:44.967386,1604,9641.837671135727,9737.003247307892,12.852901031467603,9628.98477010426,-358.16232886427315,679,40,83
2026-02-05T02:47:58.349957,1605,9614.688140402426,9710.88641563077,12.852901031467603,9601.83523937096,-385.31185959757386,679,40,83
2026-02-05T02:49:11.733567,1606,9581.339380966054,9675.099998537718,12.852901031467603,9568.486479934587,-418.6606190339462,679,40,83
2026-02-05T02:50:25.027534,1607,9574.225202017002,9667.800686826444,12.852901031467603,9561.372300985535,-425.7747979829983,679,40,83
2026-02-05T02:51:39.945221,1608,9559.473841699462,9652.487046153787,12.852901031467603,9546.620940667995,-440.52615830053765,679,40,83
2026-02-05T02:52:52.668694,1609,9570.823420273748,9663.415987484417,12.852901031467603,9557.97051924228,-429.1765797262524,679,40,83
2026-02-05T02:54:05.946700,1610,9580.307334831094,9683.565935439983,12.852901031467603,9567.454433799627,-419.6926651689064,679,40,83
2026-02-05T02:55:23.248581,1611,9567.64694286304,9667.698324849012,12.852901031467603,9554.794041831574,-432.35305713695925,679,40,83
2026-02-05T02:56:36.308583,1612,9561.835696143567,9654.747242221978,12.852901031467603,9548.9827951121,-438.1643038564325,679,40,83
2026-02-05T02:57:48.582561,1613,9566.057557405096,9666.35858495099,12.852901031467603,9553.20465637363,-433.9424425949037,679,40,83
2026-02-05T02:59:00.991865,1614,9551.086480561666,9649.58520894308,12.852901031467603,9538.233579530199,-448.91351943833433,679,40,83
2026-02-05T03:00:15.027150,1615,9520.986357958513,9618.654202122569,12.49301980258651,9508.493338155926,-479.0136420414874,680,40,83
2026-02-05T03:01:29.325314,1616,9545.346220030124,9650.89620624364,12.143215248114087,9533.20300478201,-454.65377996987627,681,40,83
2026-02-05T03:02:42.264016,1617,9563.630851777381,9659.585602070236,11.803205221166893,9551.827646556214,-436.3691482226186,682,40,83
2026-02-05T03:03:54.756706,1618,9560.3112199305,9652.76463731181,11.105588579775045,9549.205631350724,-439.68878006950035,684,40,83
2026-02-05T03:05:08.593395,1619,9557.228124361738,9649.67274806804,10.794632099541344,9546.433492262197,-442.7718756382619,685,40,83
2026-02-05T03:06:22.077119,1620,9529.926639008327,9619.202525896702,10.492382400754186,9519.434256607572,-470.0733609916733,686,40,83
2026-02-05T03:07:40.114672,1621,9510.904332818045,9623.24465405236,9.872240631340011,9501.032092186704,-489.0956671819549,688,40,83
2026-02-05T03:08:54.269177,1622,9536.017325455085,9649.298205507497,9.28875172106529,9526.728573734019,-463.9826745449154,690,40,83
2026-02-05T03:10:07.546992,1623,9579.124964625147,9682.483636685874,9.028666672875463,9570.096297952272,-420.8750353748528,691,40,83
2026-02-05T03:11:19.550375,1624,9589.716498581269,9689.320747107802,9.028666672875463,9580.687831908393,-410.28350141873125,691,40,83
2026-02-05T03:12:31.777111,1625,9573.683370004977,9670.20971995745,9.028666672875463,9564.654703332102,-426.3166299950226,691,40,83
2026-02-05T03:13:45.253672,1626,9541.769689036675,9642.123158894583,9.028666672875463,9532.7410223638,-458.2303109633249,691,40,83
2026-02-05T03:14:57.701705,1627,9538.414358854598,9636.725528506428,8.757806672689199,9529.656552181908,-461.5856411454024,692,40,83
2026-02-05T03:16:10.749762,1628,9514.204633249277,9605.165239609161,8.091888721378334,9506.1127445279,-485.7953667507227,696,40,83
2026-02-05T03:17:23.415423,1629,9492.920693843811,9591.324590496326,8.091888721378334,9484.828805122434,-507.079306156189,696,40,83
2026-02-05T03:18:37.002804,1630,9501.715948803203,9600.448113740349,8.091888721378334,9493.624060081826,-498.284051196797,696,40,83
2026-02-05T03:19:56.462212,1631,9541.16943113605,9639.903308093762,8.091888721378334,9533.077542414672,-458.83056886395025,696,40,83
2026-02-05T03:21:09.140026,1632,9580.699879156316,9676.140887609288,7.978602279279038,9572.721276877037,-419.30012084368354,697,40,83
2026-02-05T03:22:21.570364,1633,9572.828343262032,9661.020582591995,7.646628595642795,9565.181714666389,-427.1716567379681,699,40,83
2026-02-05T03:23:34.649217,1634,9575.429578976484,9666.497745396273,7.294268157227791,9568.135310819256,-424.57042102351625,702,40,83
2026-02-05T03:24:47.065176,1635,9572.746532833085,9662.28462370147,7.192148403026603,9565.55438443006,-427.25346716691456,703,40,83
2026-02-05T03:25:59.912318,1636,9568.167169999177,9660.168875175084,7.192148403026603,9560.97502159615,-431.8328300008234,703,40,83
2026-02-05T03:27:13.047868,1637,9565.47731319119,9655.576725101342,7.192148403026603,9558.285164788163,-434.52268680881025,703,40,83
2026-02-05T03:28:26.590303,1638,9562.898046955219,9648.511073244696,7.192148403026603,9555.705898552193,-437.1019530447811,703,40,83
2026-02-05T03:29:38.796623,1639,9559.969762968409,9642.11634894551,7.192148403026603,9552.777614565382,-440.03023703159124,703,40,83
2026-02-05T03:30:51.743006,1640,9536.945354947764,9632.256301925629,7.192148403026603,9529.753206544738,-463.0546450522361,703,40,83
2026-02-05T03:32:11.324427,1641,9534.871319414693,9632.447808127425,7.192148403026603,9527.679171011667,-465.12868058530694,703,40,83
2026-02-05T03:33:23.939930,1642,9533.05692331404,9626.781289358998,7.192148403026603,9525.864774911013,-466.9430766859605,703,40,83
2026-02-05T03:34:37.058317,1643,9532.868045199963,9622.34855172932,7.192148403026603,9525.675896796936,-467.1319548000374,703,40,83
2026-02-05T03:35:50.636990,1644,9535.537975151807,9628.58122074508,7.192148403026603,9528.34582674878,-464.4620248481933,703,40,83
2026-02-05T03:37:04.364461,1645,9521.027477557003,9603.683024348615,6.429067735929739,9514.598409821074,-478.9725224429967,709,40,83
2026-02-05T03:38:17.160234,1646,9517.406471510782,9605.729711536835,6.0369859482324175,9511.369485562549,-482.59352848921844,712,40,83
2026-02-05T03:39:29.149983,1647,9509.561158257735,9603.582628767334,6.0369859482324175,9503.524172309502,-490.43884174226514,712,40,83
2026-02-05T03:40:43.119766,1648,9515.876318109566,9606.883949545245,6.0369859482324175,9509.839332161333,-484.12368189043445,712,40,83
2026-02-05T03:41:57.971907,1649,9532.896183599405,9624.426176665194,6.0369859482324175,9526.859197651173,-467.10381640059495,712,40,83
2026-02-05T03:43:10.838257,1650,9526.195305653517,9614.841148748495,6.0369859482324175,9520.158319705284,-473.8046943464833,712,40,83
2026-02-05T03:44:28.593154,1651,9519.861989015968,9611.091629946308,6.0369859482324175,9513.825003067735,-480.138010984032,712,40,83
2026-02-05T03:45:42.053164,1652,9513.464507460742,9605.116810053358,6.0369859482324175,9507.427521512509,-486.5354925392585,712,40,83
2026-02-05T03:46:55.202635,1653,9521.031482337776,9609.120072354066,6.0369859482324175,9514.994496389543,-478.96851766222426,712,40,83
2026-02-05T03:48:08.658490,1654,9521.304322341137,9610.386039337727,5.58945216078218,9515.714870180354,-478.69567765886313,716,40,83
2026-02-05T03:49:21.660402,1655,9518.765564073821,9601.835901156892,5.58945216078218,9513.176111913039,-481.2344359261788,716,40,83
2026-02-05T03:50:35.011289,1656,9514.961840885491,9602.38096537179,5.578273256460616,9509.383567629031,-485.03815911450874,717,40,83
2026-02-05T03:51:47.791670,1657,9506.274975350994,9592.325063238999,5.567116709947695,9500.707858641046,-493.7250246490057,718,40,83
2026-02-05T03:53:00.739810,1658,9505.899579638646,9592.59210226761,5.5559824765278,9500.343597162118,-494.1004203613538,719,40,83
2026-02-05T03:54:13.924010,1659,9506.513584228693,9591.403313741594,5.5559824765278,9500.957601752165,-493.4864157713073,719,40,83
2026-02-05T03:55:28.274227,1660,9502.474091722705,9591.153648517156,5.5559824765278,9496.918109246177,-497.52590827729546,719,40,83
2026-02-05T03:56:45.294475,1661,9509.365817325111,9594.97424194602,5.5559824765278,9503.809834848584,-490.6341826748885,719,40,83
2026-02-05T03:57:59.114559,1662,9506.41175954393,9590.602811209263,5.5559824765278,9500.855777067402,-493.5882404560707,719,40,83
2026-02-05T03:59:11.992287,1663,9500.875210080238,9583.482553393298,5.555982478408356,9495.319227601829,-499.1247899197624,719,40,83
2026-02-05T04:00:24.994876,1664,9505.405390851221,9592.788195572988,5.555982479138621,9499.849408372083,-494.59460914877855,719,40,83
2026-02-05T04:01:37.797436,1665,9511.972868360766,9596.894578095124,5.555982479420991,9506.416885881345,-488.02713163923363,719,40,83
2026-02-05T04:02:51.345896,1666,9506.620258274712,9591.1361436843,5.555982479530174,9501.064275795181,-493.3797417252881,719,40,83
2026-02-05T04:04:04.915068,1667,9502.851692604077,9585.935564679632,5.555982479530174,9497.295710124547,-497.14830739592253,719,40,83
2026-02-05T04:05:18.409370,1668,9500.160851256222,9582.55705862368,5.555982479530174,9494.60486877669,-499.8391487437784,719,40,83
2026-02-05T04:06:30.442563,1669,9501.203404370919,9584.02752640684,5.555982479530174,9495.647421891388,-498.7965956290809,719,40,83
2026-02-05T04:07:44.108155,1670,9478.307936366009,9564.893869650368,5.555982479530174,9472.751953886478,-521.692063633991,719,40,83
2026-02-05T04:09:01.708037,1671,9459.921231343766,9542.466938786736,5.555982479530174,9454.365248864235,-540.0787686562344,719,40,83
2026-02-05T04:10:13.987583,1672,9529.928092429082,9618.278277471907,5.400414970103329,9524.527677458978,-470.0719075709185,720,40,83
2026-02-05T04:11:27.655455,1673,9520.939252007027,9593.273116814791,5.249203350940435,9515.690048656086,-479.0607479929731,721,40,83
2026-02-05T04:12:41.756756,1674,9519.245991080134,9599.182784643064,5.102225657114103,9514.14376542302,-480.75400891986646,722,40,83
2026-02-05T04:13:55.091901,1675,9514.547140007473,9593.111774785999,4.959363338714908,9509.587776668757,-485.452859992527,723,40,83
2026-02-05T04:15:07.831085,1676,9472.651536130823,9559.553341455903,4.8205011652308905,9467.831034965591,-527.3484638691771,724,40,83
2026-02-05T04:16:20.378902,1677,9478.015202682082,9567.733718530362,4.676156078339217,9473.339046603742,-521.9847973179185,726,40,83
2026-02-05T04:17:33.691924,1678,9470.663558767794,9551.671185146288,4.545223708145719,9466.118335059648,-529.3364412322062,727,40,83
2026-02-05T04:18:48.148160,1679,9480.244621784455,9573.765635989217,4.417957444317639,9475.826664340138,-519.7553782155446,728,40,83
2026-02-05T04:20:01.024138,1680,9491.942284724506,9582.581706375675,4.2942546358767455,9487.648030088629,-508.05771527549405,729,40,83
2026-02-05T04:21:19.447106,1681,9523.999808957833,9613.341443148642,4.174015506072196,9519.82579345176,-476.000191042167,730,40,83
2026-02-05T04:22:32.188515,1682,9522.092196207854,9615.204571407296,4.057143071902175,9518.03505313595,-477.9078037921463,731,40,83
2026-02-05T04:23:48.407369,1683,9510.806933357064,9590.061100329816,3.943543065888914,9506.863390291175,-489.1930666429362,732,40,83
2026-02-05T04:25:00.758016,1684,9505.806334167102,9591.407568556133,3.8331238600440245,9501.973210307058,-494.19366583289775,733,40,83
2026-02-05T04:26:13.080617,1685,9514.269231572483,9603.604712090482,3.8331238600440245,9510.43610771244,-485.7307684275165,733,40,83
2026-02-05T04:27:26.711051,1686,9482.338573523799,9564.428308358212,3.8331238600440245,9478.505449663755,-517.6614264762011,733,40,83
2026-02-05T04:28:39.311592,1687,9486.886753137082,9570.382312784237,3.8331238600440245,9483.053629277038,-513.1132468629185,733,40,83
2026-02-05T04:29:53.062824,1688,9487.724527681938,9568.873104471215,3.8331238600440245,9483.891403821894,-512.2754723180624,733,40,83
2026-02-05T04:32:24.578965,1689,9477.935299739149,9571.446239779592,3.8331238600440245,9474.102175879105,-522.0647002608512,733,40,83
2026-02-05T04:33:36.782876,1690,9474.350305961296,9564.493771916643,3.8331238600440245,9470.517182101252,-525.6496940387042,733,40,83
2026-02-05T04:34:53.825922,1691,9459.519069989728,9549.093122655262,3.8331238600440245,9455.685946129684,-540.4809300102715,733,40,83
2026-02-05T04:36:07.708300,1692,9467.109340065907,9555.289225814213,3.8331238600440245,9463.276216205863,-532.8906599340935,733,40,83
2026-02-05T04:37:20.895986,1693,9472.21944097429,9566.789678434694,3.8331238600440245,9468.386317114246,-527.7805590257103,733,40,83
2026-02-05T04:38:33.531492,1694,9477.358147376413,9576.727588444539,3.8331238600440245,9473.52502351637,-522.6418526235866,733,40,83
2026-02-05T04:39:45.682588,1695,9474.819492001958,9573.261081045523,3.8331238600440245,9470.986368141914,-525.1805079980422,733,40,83
2026-02-05T04:40:59.958817,1696,9484.80446576769,9584.216016766599,3.8331238600440245,9480.971341907645,-515.1955342323108,733,40,83
2026-02-05T04:42:14.210015,1697,9518.082870490132,9623.686962013082,3.8331238600440245,9514.249746630088,-481.91712950986766,733,40,83
2026-02-05T04:43:27.172854,1698,9547.66946719494,9637.661812222434,3.8331238600440245,9543.836343334897,-452.3305328050592,733,40,83
2026-02-05T04:44:39.390328,1699,9546.250407347436,9636.903301544113,3.8331238600440245,9542.417283487392,-453.7495926525644,733,40,83
2026-02-05T04:45:54.110225,1700,9549.357047866379,9642.030610297212,3.8331238600440245,9545.523924006335,-450.6429521336213,733,40,83
2026-02-05T04:47:13.347190,1701,9546.340949818834,9638.088001352262,3.8331238600440245,9542.50782595879,-453.6590501811661,733,40,83
2026-02-05T04:48:25.970053,1702,9539.726865746412,9633.644384173282,3.8331238600440245,9535.893741886368,-460.27313425358807,733,40,83
2026-02-05T04:49:38.702684,1703,9529.617705980603,9626.419061819584,3.8331238600440245,9525.78458212056,-470.3822940193968,733,40,83
2026-02-05T04:50:52.397086,1704,9529.216958008332,9619.673947878808,3.8331238600440245,9525.383834148288,-470.78304199166814,733,40,83
2026-02-05T04:52:05.869766,1705,9528.608635277924,9621.961524968883,3.8331238600440245,9524.77551141788,-471.3913647220761,733,40,83
2026-02-05T04:53:19.069018,1706,9523.412629585111,9612.183498797007,3.8331238600440245,9519.579505725067,-476.58737041488894,733,40,83
2026-02-05T04:54:31.519079,1707,9505.956398138986,9593.008225575119,3.8331238600440245,9502.123274278942,-494.0436018610144,733,40,83
2026-02-05T04:55:44.068320,1708,9501.662407187288,9587.106320987015,3.8331238600440245,9497.829283327244,-498.3375928127116,733,40,83
2026-02-05T04:56:56.748764,1709,9492.92553488565,9569.98369695906,3.8331238600440245,9489.092411025606,-507.07446511435046,733,40,83
2026-02-05T04:58:10.071772,1710,9478.177071755279,9566.02194834498,3.8331238600440245,9474.343947895235,-521.822928244721,733,40,83
2026-02-05T04:59:27.832195,1711,9481.280548767212,9574.094095504099,3.6065709074199823,9477.673977859793,-518.7194512327878,735,40,83
2026-02-05T05:00:40.829396,1712,9484.368659702834,9578.65861080656,3.291605896292597,9481.07705380654,-515.6313402971664,738,40,83
2026-02-05T05:01:53.344736,1713,9491.85825689923,9580.175177650819,3.1994409311964045,9488.658815968034,-508.1417431007703,739,40,83
2026-02-05T05:03:06.023482,1714,9490.843768472278,9578.672362080431,3.109856585122905,9487.733911887155,-509.1562315277224,740,40,83
2026-02-05T05:04:18.240047,1715,9488.673447774865,9578.232973207054,3.0227806007394635,9485.650667174126,-511.32655222513495,741,40,83
2026-02-05T05:05:31.514127,1716,9492.769376165683,9583.241450372192,2.9381427439187586,9489.831233421764,-507.23062383431716,742,40,83
2026-02-05T05:06:44.930237,1717,9488.476919380893,9578.500921602721,2.8558747470890333,9485.621044633805,-511.5230806191066,743,40,83
2026-02-05T05:07:57.541169,1718,9477.916923154453,9569.990757037676,2.8558747470890333,9475.061048407364,-522.0830768455471,743,40,83
2026-02-05T05:09:10.250040,1719,9460.252315922207,9548.516544126289,2.8558747470890333,9457.396441175119,-539.7476840777927,743,40,83
2026-02-05T05:10:22.809912,1720,9462.597313392846,9551.407012951655,2.8558747470890333,9459.741438645757,-537.4026866071545,743,40,83
2026-02-05T05:11:40.954621,1721,9484.828888682021,9571.518934486758,2.8558747470890333,9481.973013934932,-515.171111317979,743,40,83
2026-02-05T05:12:53.590252,1722,9492.998141372833,9587.039640331364,2.770198504676362,9490.227942868156,-507.00185862716717,744,40,83
2026-02-05T05:14:05.521184,1723,9521.93376173408,9611.870435415585,2.770198504676362,9519.163563229404,-478.0662382659193,744,40,83
2026-02-05T05:15:18.512027,1724,9500.997692405834,9587.541342815048,2.770198504676362,9498.227493901157,-499.00230759416627,744,40,83
2026-02-05T05:16:32.363181,1725,9506.929905505323,9595.14153570036,2.770198504676362,9504.159707000646,-493.0700944946766,744,40,83
2026-02-05T05:17:45.310577,1726,9508.84089799688,9598.323787420859,2.770198504676362,9506.070699492204,-491.1591020031192,744,40,83
2026-02-05T05:18:57.529075,1727,9478.135187837435,9561.201628732553,2.770198504676362,9475.364989332758,-521.8648121625647,744,40,83
2026-02-05T05:20:11.543318,1728,9453.121506100551,9541.166410677808,2.770198504676362,9450.351307595874,-546.8784938994486,744,40,83
2026-02-05T05:21:24.390051,1729,9451.836509257926,9535.513405496591,2.770198504676362,9449.06631075325,-548.1634907420739,744,40,83
2026-02-05T05:22:37.356910,1730,9418.265702610785,9499.925491506132,2.770198504676362,9415.495504106108,-581.7342973892155,744,40,83
2026-02-05T05:23:55.688731,1731,9407.846801632893,9494.184241007855,2.770198504676362,9405.076603128216,-592.1531983671066,744,40,83
2026-02-05T05:25:08.661290,1732,9407.645977261585,9504.790647899095,2.687092549536071,9404.958884712049,-592.3540227384146,745,40,83
2026-02-05T05:26:21.079075,1733,9412.706103080443,9504.890659427654,2.687092549536071,9410.019010530907,-587.2938969195566,745,40,83
2026-02-05T05:27:33.600203,1734,9411.00809479798,9503.162809139314,2.687092549536071,9408.321002248444,-588.9919052020196,745,40,83
2026-02-05T05:28:46.798519,1735,9414.61886687894,9506.439022853132,2.687092549536071,9411.931774329403,-585.38113312106,745,40,83
2026-02-05T05:29:59.570424,1736,9452.57554324941,9538.689752510852,2.687092549536071,9449.888450699873,-547.4244567505903,745,40,83
2026-02-05T05:31:12.482829,1737,9450.34232992534,9538.88399606663,2.687092549536071,9447.655237375804,-549.6576700746591,745,40,83
2026-02-05T05:32:25.285287,1738,9442.819935937081,9527.359689936315,2.687092549536071,9440.132843387544,-557.180064062919,745,40,83
2026-02-05T05:33:37.488679,1739,9437.15385126829,9525.651210069222,2.687092549536071,9434.466758718752,-562.8461487317109,745,40,83
2026-02-05T05:34:50.292527,1740,9443.707237394916,9535.290648416176,2.611853958149061,9441.095383436766,-556.2927626050841,746,40,83
2026-02-05T05:36:07.901629,1741,9454.575362990723,9556.188550975268,2.423228371417646,9452.152134619306,-545.4246370092769,750,40,83
2026-02-05T05:37:20.956194,1742,9477.04783880485,9573.552143622706,2.423228371417646,9474.624610433433,-522.9521611951495,750,40,83
2026-02-05T05:38:34.302350,1743,9531.671760919178,9618.37492493902,2.423228371417646,9529.248532547761,-468.32823908082173,750,40,83
2026-02-05T05:39:47.610901,1744,9525.616259668028,9604.645213663112,2.423228371417646,9523.19303129661,-474.38374033197215,750,40,83
2026-02-05T05:41:01.279142,1745,9528.940143293888,9609.971112351317,2.423228371417646,9526.516914922471,-471.05985670611153,750,40,83
2026-02-05T05:42:13.643857,1746,9579.08900614184,9656.728264897003,2.423228371417646,9576.665777770422,-420.9109938581605,750,40,83
2026-02-05T05:43:26.534358,1747,9579.968073503476,9656.907375799276,2.423228371417646,9577.544845132059,-420.03192649652374,750,40,83
2026-02-05T05:44:38.453117,1748,9576.179293054523,9655.398348180208,2.423228371417646,9573.756064683106,-423.82070694547656,750,40,83
2026-02-05T05:45:51.429741,1749,9558.405119560666,9635.904690140542,2.423228371417646,9555.981891189249,-441.5948804393338,750,40,83
2026-02-05T05:47:05.515222,1750,9530.796752910466,9607.444509708423,2.423228371417646,9528.373524539049,-469.20324708953376,750,40,83
2026-02-05T05:48:22.696530,1751,9500.02126157518,9581.042592966165,2.423228371417646,9497.598033203763,-499.9787384248193,750,40,83
2026-02-05T05:49:35.591237,1752,9506.295737965997,9590.177817610618,2.423228371417646,9503.87250959458,-493.7042620340035,750,40,83
2026-02-05T05:50:48.566729,1753,9506.43758458482,9593.83301016915,2.423228371417646,9504.014356213404,-493.5624154151792,750,40,83
2026-02-05T05:52:01.005371,1754,9510.603609452732,9602.632935425567,2.423228371417646,9508.180381081314,-489.3963905472683,750,40,83
2026-02-05T05:53:13.672271,1755,9501.992630847828,9587.484316546344,2.423228371417646,9499.56940247641,-498.00736915217203,750,40,83
2026-02-05T05:54:26.131943,1756,9495.329426585296,9580.07168093041,2.423228371417646,9492.90619821388,-504.67057341470354,750,40,83
2026-02-05T05:55:39.918079,1757,9493.873808721368,9578.958325901878,2.423228371417646,9491.45058034995,-506.1261912786322,750,40,83
2026-02-05T05:56:52.624870,1758,9493.68018577114,9577.824158343543,2.423228371417646,9491.256957399723,-506.3198142288602,750,40,83
2026-02-05T05:58:05.223231,1759,9497.352409296323,9585.477796272353,2.423228371417646,9494.929180924906,-502.64759070367654,750,40,83
2026-02-05T05:59:18.205099,1760,9499.121995923646,9582.213313213619,2.423228371417646,9496.698767552229,-500.87800407635405,750,40,83
2026-02-05T06:00:35.955233,1761,9501.978521108267,9586.818670601275,2.423228371417646,9499.55529273685,-498.02147889173284,750,40,83
2026-02-05T06:01:49.540362,1762,9505.26330463431,9589.699523144804,2.344386213125201,9502.918918421186,-494.73669536568923,752,40,83
2026-02-05T06:03:01.803764,1763,9502.200971357128,9584.956524740528,2.344386213125201,9499.856585144003,-497.79902864287214,752,40,83
2026-02-05T06:04:14.371328,1764,9444.88627272849,9528.452149102926,2.344386213125201,9442.541886515366,-555.1137272715096,752,40,83
2026-02-05T06:05:27.157129,1765,9438.426392935735,9522.02548475388,2.344386213125201,9436.08200672261,-561.5736070642652,752,40,83
2026-02-05T06:06:39.942158,1766,9422.853640751367,9507.963991038494,2.344386213125201,9420.509254538243,-577.1463592486325,752,40,83
2026-02-05T06:07:53.641261,1767,9427.445656486554,9518.131271611277,2.344386213125201,9425.10127027343,-572.5543435134459,752,40,83
2026-02-05T06:09:05.685911,1768,9427.86099201668,9519.18947445319,2.344386213125201,9425.516605803556,-572.13900798332,752,40,83
2026-02-05T06:10:18.870339,1769,9420.741933089075,9507.588800510686,2.344386213125201,9418.39754687595,-579.2580669109248,752,40,83
2026-02-05T06:11:31.623527,1770,9439.61417340849,9533.035619307713,2.344386213125201,9437.269787195366,-560.3858265915096,752,40,83
2026-02-05T06:12:49.208075,1771,9448.628856627998,9533.6327089376,2.344386213125201,9446.284470414874,-551.3711433720018,752,40,83
2026-02-05T06:14:01.920713,1772,9450.280336898904,9533.822521666916,2.344386213125201,9447.93595068578,-549.7196631010956,752,40,83
2026-02-05T06:15:16.073748,1773,9447.285871885924,9533.971545563723,2.344386213125201,9444.9414856728,-552.7141281140757,752,40,83
2026-02-05T06:16:28.306984,1774,9449.213491967563,9535.389522480633,2.344386213125201,9446.869105754438,-550.7865080324373,752,40,83
2026-02-05T06:17:40.875875,1775,9452.878456692422,9546.246508407714,2.344386213125201,9450.534070479298,-547.1215433075777,752,40,83
2026-02-05T06:18:53.441008,1776,9443.189342022886,9527.022884466307,2.344386213125201,9440.844955809762,-556.8106579771138,752,40,83
2026-02-05T06:20:06.603197,1777,9413.095421064229,9502.887027521885,2.344386213125201,9410.751034851104,-586.9045789357715,752,40,83
2026-02-05T06:21:20.020012,1778,9412.196249134711,9503.675806088871,2.344386213125201,9409.851862921587,-587.8037508652887,752,40,83
2026-02-05T06:22:33.429593,1779,9403.429338157417,9492.220213207733,2.344386213125201,9401.084951944293,-596.5706618425829,752,40,83
2026-02-05T06:23:46.285797,1780,9412.281661040595,9501.827364155119,2.344386213125201,9409.93727482747,-587.7183389594047,752,40,83
2026-02-05T06:25:21.845866,1781,9410.394888985915,9495.678940666843,2.2787433991576953,9408.116145586757,-589.6051110140852,753,40,83
2026-02-05T06:26:35.030682,1782,9410.18507326547,9494.299492005568,2.21493858398128,9407.970134681487,-589.8149267345307,754,40,83
2026-02-05T06:27:48.403051,1783,9405.22429671202,9490.999276812798,2.152920303629804,9403.07137640839,-594.7757032879799,755,40,83
2026-02-05T06:29:02.750001,1784,9390.83372986234,9480.598180403222,2.0926385351281693,9388.74109132721,-609.1662701376608,756,40,83
2026-02-05T06:30:15.781139,1785,9400.144254622855,9494.920190047931,2.0340446561445806,9398.110209966711,-599.8557453771446,757,40,83
2026-02-05T06:31:28.766887,1786,9400.823237947694,9499.148285508634,2.0340446561445806,9398.78919329155,-599.176762052306,757,40,83
2026-02-05T06:32:41.498955,1787,9409.473692012107,9505.123032628291,2.0340446561445806,9407.439647355963,-590.5263079878932,757,40,83
2026-02-05T06:33:54.167317,1788,9422.769368542407,9509.995350316323,2.0340446561445806,9420.735323886263,-577.2306314575926,757,40,83
2026-02-05T06:35:06.830646,1789,9438.9175713058,9531.952422966771,2.0340446561445806,9436.883526649655,-561.0824286942006,757,40,83
2026-02-05T06:36:19.139256,1790,9443.880410013135,9534.843964465608,2.0340446561445806,9441.84636535699,-556.1195899868653,757,40,83
2026-02-05T06:37:59.378694,1791,9439.163276494848,9521.928003049994,2.0340446561445806,9437.129231838704,-560.8367235051519,757,40,83
2026-02-05T06:39:12.894319,1792,9440.275250384206,9531.014883258606,2.0340446561445806,9438.241205728062,-559.7247496157943,757,40,83
2026-02-05T06:40:29.218528,1793,9439.086370664998,9532.011787414383,2.0340446561445806,9437.052326008854,-560.913629335002,757,40,83
2026-02-05T06:41:42.649955,1794,9439.366532856428,9531.324924698043,2.0340446561445806,9437.332488200283,-560.6334671435725,757,40,83
2026-02-05T06:43:03.386767,1795,9440.63598489415,9535.572903992863,2.0340446561445806,9438.601940238006,-559.3640151058498,757,40,83
2026-02-05T06:44:16.678415,1796,9440.490022569535,9535.415020819026,2.0340446561445806,9438.45597791339,-559.5099774304654,757,40,83
2026-02-05T06:45:39.258565,1797,9433.329871729657,9525.365090562962,2.0340446561445806,9431.295827073513,-566.6701282703434,757,40,83
2026-02-05T06:46:52.362710,1798,9438.10776568783,9534.3934521386,2.0340446561445806,9436.073721031686,-561.8922343121703,757,40,83
2026-02-05T06:48:04.580437,1799,9368.308806781448,9464.567681184382,2.0340446561445806,9366.274762125304,-631.6911932185521,757,40,83
2026-02-05T06:49:19.453237,1800,9379.13458337452,9484.54522993717,2.0340446561445806,9377.100538718376,-620.8654166254801,757,40,83
2026-02-05T06:50:36.863611,1801,9382.244147459056,9488.524413861782,2.0340446561445806,9380.210102802912,-617.755852540944,757,40,83
2026-02-05T06:52:17.759625,1802,9385.589823811815,9484.257658225124,2.0340446561445806,9383.555779155671,-614.4101761881848,757,40,83
2026-02-05T06:53:35.207640,1803,9383.863114035961,9481.564893954835,2.0340446561445806,9381.829069379817,-616.1368859640388,757,40,83
2026-02-05T06:54:47.566501,1804,9378.117965016478,9476.806345199868,2.0340446561445806,9376.083920360334,-621.8820349835223,757,40,83
2026-02-05T06:56:00.978973,1805,9384.164848627444,9485.247241253817,2.0340446561445806,9382.1308039713,-615.8351513725556,757,40,83
2026-02-05T06:57:21.835989,1806,9388.503471383829,9500.20185011986,2.0340446561445806,9386.469426727685,-611.4965286161714,757,40,83
2026-02-05T06:58:35.692572,1807,9394.614747813093,9499.683788292212,2.0340446561445806,9392.58070315695,-605.3852521869067,757,40,83
2026-02-05T06:59:49.862563,1808,9392.676894944181,9499.217822701354,2.0340446561445806,9390.642850288037,-607.3231050558188,757,40,83
2026-02-05T07:01:03.554765,1809,9394.518489560913,9502.673412688542,2.0340446561445806,9392.484444904769,-605.4815104390873,757,40,83
2026-02-05T07:02:16.176745,1810,9471.13386840277,9581.763383272131,2.0340446561445806,9469.099823746626,-528.8661315972295,757,40,83
2026-02-05T07:03:34.290333,1811,9504.596427865385,9600.944777381324,2.0340446561445806,9502.56238320924,-495.4035721346154,757,40,83
2026-02-05T07:04:48.009765,1812,9510.060494361378,9611.295638174728,2.0340446561445806,9508.026449705234,-489.939505638622,757,40,83
2026-02-05T07:06:01.425961,1813,9499.968655875668,9595.703044279615,2.0340446561445806,9497.934611219524,-500.03134412433246,757,40,83
2026-02-05T07:07:14.346229,1814,9491.873447295075,9592.96287474081,2.0340446561445806,9489.83940263893,-508.1265527049254,757,40,83
2026-02-05T07:08:27.313071,1815,9463.17516588406,9560.579467073276,2.0340446561445806,9461.141121227916,-536.8248341159397,757,40,83
2026-02-05T07:09:40.116648,1816,9453.053064217842,9552.316890624412,2.0340446561445806,9451.019019561698,-546.9469357821581,757,40,83
2026-02-05T07:10:53.976994,1817,9449.408603869324,9546.939988787957,2.0340446561445806,9447.37455921318,-550.591396130676,757,40,83
2026-02-05T07:12:08.024465,1818,9450.727628015085,9553.166420893702,2.0340446561445806,9448.693583358941,-549.2723719849146,757,40,83
2026-02-05T07:13:20.555910,1819,9453.565232826679,9554.425898254052,2.0340446561445806,9451.531188170535,-546.4347671733212,757,40,83
2026-02-05T07:14:33.930326,1820,9451.673881672761,9551.622439553505,2.0340446561445806,9449.639837016617,-548.3261183272389,757,40,83
2026-02-05T07:15:51.418192,1821,9442.26348663128,9540.274799252735,2.0340446561445806,9440.229441975136,-557.7365133687199,757,40,83
2026-02-05T07:17:03.890738,1822,9457.276015470787,9563.024538008769,2.0340446561445806,9455.241970814643,-542.7239845292133,757,40,83
2026-02-05T07:18:16.571072,1823,9452.88831078012,9555.824119590276,2.0340446561445806,9450.854266123975,-547.1116892198806,757,40,83
2026-02-05T07:19:28.909678,1824,9452.454931396682,9556.697574324326,2.0340446561445806,9450.420886740538,-547.5450686033182,757,40,83
2026-02-05T07:20:41.772624,1825,9474.060786402559,9574.024190350166,2.0340446561445806,9472.026741746415,-525.9392135974413,757,40,83
2026-02-05T07:21:53.903781,1826,9484.547502407504,9583.283589466535,2.0340446561445806,9482.51345775136,-515.452497592496,757,40,83
2026-02-05T07:23:07.127176,1827,9497.131586639556,9592.770326990018,2.0340446561445806,9495.097541983412,-502.8684133604438,757,40,83
2026-02-05T07:24:20.255321,1828,9486.053257636686,9587.824629673029,2.0340446561445806,9484.019212980542,-513.9467423633141,757,40,83
2026-02-05T07:25:32.500938,1829,9494.982062520648,9597.471571872355,2.0340446561445806,9492.948017864504,-505.01793747935153,757,40,83
2026-02-05T07:26:45.130373,1830,9495.009287054792,9597.700482371629,2.0340446561445806,9492.975242398648,-504.99071294520763,757,40,83
2026-02-05T07:28:04.287129,1831,9510.249253554433,9620.68994100005,2.0340446561445806,9508.21520889829,-489.7507464455666,757,40,83
2026-02-05T07:29:16.815541,1832,9509.319071623477,9618.91462999595,2.0340446561445806,9507.285026967333,-490.6809283765233,757,40,83
2026-02-05T07:30:30.263051,1833,9507.733656573037,9610.436730852545,2.0340446561445806,9505.699611916893,-492.26634342696343,757,40,83
2026-02-05T07:31:43.137238,1834,9496.311839302767,9600.774836340808,2.0340446561445806,9494.277794646623,-503.6881606972329,757,40,83
2026-02-05T07:32:55.859491,1835,9494.395657666517,9598.201717665403,2.0340446561445806,9492.361613010373,-505.60434233348315,757,40,83
2026-02-05T07:34:09.088602,1836,9494.095788701203,9598.535062994679,2.0340446561445806,9492.061744045059,-505.90421129879724,757,40,83
2026-02-05T07:35:21.650650,1837,9495.037718638718,9597.708825519861,2.0340446561445806,9493.003673982574,-504.9622813612823,757,40,83
2026-02-05T07:36:35.450677,1838,9494.07128857404,9595.702954736988,2.0340446561445806,9492.037243917895,-505.9287114259605,757,40,83
2026-02-05T07:37:48.503152,1839,9488.63671702226,9585.868300451943,2.0340446561445806,9486.602672366116,-511.3632829777398,757,40,83
2026-02-05T07:39:02.270530,1840,9487.43024229566,9579.94925884176,2.0340446561445806,9485.396197639517,-512.5697577043393,757,40,83
2026-02-05T07:40:27.934354,1841,9485.653302580153,9576.241115776469,2.0340446561445806,9483.619257924009,-514.3466974198473,757,40,83
2026-02-05T07:41:40.527439,1842,9430.85654917523,9540.707710272505,2.0340446561445806,9428.822504519087,-569.1434508247694,757,40,83
2026-02-05T07:42:53.365915,1843,9428.593030124639,9538.49280216247,2.0340446561445806,9426.558985468495,-571.406969875361,757,40,83
2026-02-05T07:44:06.764380,1844,9439.422277137755,9547.157226392885,2.0340446561445806,9437.388232481611,-560.5777228622446,757,40,83
2026-02-05T07:45:19.601999,1845,9442.599184151566,9556.318399160726,2.0340446561445806,9440.565139495422,-557.4008158484339,757,40,83
2026-02-05T07:46:32.151355,1846,9443.188032469838,9556.781535772849,2.0340446561445806,9441.153987813694,-556.8119675301623,757,40,83
2026-02-05T07:47:44.932288,1847,9442.467420860059,9553.72627744914,2.0340446561445806,9440.433376203915,-557.5325791399409,757,40,83
2026-02-05T07:48:57.184472,1848,9442.105121170294,9543.34174237301,2.0340446561445806,9440.07107651415,-557.8948788297057,757,40,83
2026-02-05T07:50:10.318948,1849,9443.87449310607,9545.366182866155,2.0340446561445806,9441.840448449926,-556.1255068939299,757,40,83
2026-02-05T07:51:22.771077,1850,9434.399712578885,9537.688875589836,2.0340446561445806,9432.36566792274,-565.6002874211154,757,40,83
2026-02-05T07:52:41.872964,1851,9434.758593650527,9537.98404595528,2.0340446561445806,9432.724548994383,-565.2414063494725,757,40,83
2026-02-05T07:53:54.273202,1852,9436.223345442615,9539.817344655792,2.0340446561445806,9434.189300786471,-563.776654557385,757,40,83
2026-02-05T07:55:06.951359,1853,9439.326183850084,9544.49680319229,2.0340446561445806,9437.29213919394,-560.6738161499161,757,40,83
2026-02-05T07:56:24.373219,1854,9434.227023467494,9534.56160037572,2.0340446561445806,9432.19297881135,-565.7729765325057,757,40,83
2026-02-05T07:57:36.655237,1855,9387.865446287902,9492.953328862359,2.0340446561445806,9385.831401631758,-612.1345537120978,757,40,83
2026-02-05T07:58:49.142196,1856,9388.898314233005,9494.910837473628,2.0340446561445806,9386.864269576861,-611.1016857669947,757,40,83
2026-02-05T08:00:04.959341,1857,9391.893857333771,9503.115894752413,2.0340446561445806,9389.859812677627,-608.1061426662291,757,40,83
2026-02-05T08:01:17.940176,1858,9404.491508799245,9516.184862722452,2.0340446561445806,9402.4574641431,-595.5084912007551,757,40,83
2026-02-05T08:02:30.463737,1859,9410.483658434983,9518.152131460049,2.0340446561445806,9408.44961377884,-589.5163415650168,757,40,83
2026-02-05T08:03:43.454396,1860,9412.42799406689,9518.866125954646,2.0340446561445806,9410.393949410745,-587.5720059331106,757,40,83
2026-02-05T08:05:02.211653,1861,9412.623506541373,9524.273062026803,2.0340446561445806,9410.589461885229,-587.376493458627,757,40,83
2026-02-05T08:06:14.914725,1862,9415.328480659784,9526.858179208339,2.0340446561445806,9413.29443600364,-584.671519340216,757,40,83
2026-02-05T08:07:28.148607,1863,9417.071440679914,9532.025031851932,2.0340446561445806,9415.03739602377,-582.9285593200857,757,40,83
2026-02-05T08:08:42.362363,1864,9412.335912601993,9527.702156500674,2.0340446561445806,9410.30186794585,-587.6640873980068,757,40,83
2026-02-05T08:09:55.808695,1865,9429.866752497132,9535.684411804887,2.0340446561445806,9427.832707840987,-570.1332475028685,757,40,83
2026-02-05T08:11:08.692424,1866,9427.29244663984,9532.450360600433,2.0340446561445806,9425.258401983696,-572.7075533601601,757,40,83
2026-02-05T08:12:21.565221,1867,9428.030380904598,9534.89536367218,2.0340446561445806,9425.996336248454,-571.9696190954019,757,40,83
2026-02-05T08:13:35.384526,1868,9418.935322728292,9526.395986805303,1.9770914057725324,9416.95823132252,-581.0646772717082,758,40,83
2026-02-05T08:14:48.377296,1869,9421.298620511097,9529.316141395722,1.9217328464109016,9419.376887664686,-578.7013794889026,759,40,83
2026-02-05T08:16:00.731142,1870,9425.849709351456,9533.986057142103,1.8679243267113963,9423.981785024745,-574.1502906485439,760,40,83
2026-02-05T08:17:19.105884,1871,9417.156390556007,9521.683227930625,1.8679243267113963,9415.288466229296,-582.843609443993,760,40,83
2026-02-05T08:18:32.002671,1872,9423.812874838695,9531.209754608628,1.8679243267113963,9421.944950511985,-576.1871251613047,760,40,83
2026-02-05T08:19:45.172296,1873,9429.458591720339,9535.515208198227,1.8679243267113963,9427.590667393628,-570.5414082796615,760,40,83
2026-02-05T08:20:58.419947,1874,9430.38896832199,9543.449824468562,1.8679243267113963,9428.521043995279,-569.6110316780105,760,40,83
2026-02-05T08:22:12.142371,1875,9425.12731290599,9536.423377765866,1.8679243267113963,9423.25938857928,-574.87268709401,760,40,83
2026-02-05T08:23:25.092038,1876,9423.82795161657,9531.890872495693,1.8679243267113963,9421.960027289859,-576.1720483834306,760,40,83
2026-02-05T08:24:37.833414,1877,9421.472724640982,9533.513223782807,1.8679243267113963,9419.604800314271,-578.527275359018,760,40,83
2026-02-05T08:25:51.359212,1878,9424.796347165324,9538.313220632659,1.8679243267113963,9422.928422838613,-575.2036528346762,760,40,83
2026-02-05T08:27:04.448422,1879,9431.757095810353,9551.191803977788,1.8081507482566317,9429.948945062097,-568.2429041896467,761,40,83
2026-02-05T08:28:16.828439,1880,9464.62175124293,9572.582784154283,1.8081507482566317,9462.813600494674,-535.3782487570697,761,40,83
2026-02-05T08:29:35.501690,1881,9463.039288980384,9566.359421101582,1.8081507482566317,9461.231138232128,-536.9607110196157,761,40,83
2026-02-05T08:30:48.662368,1882,9468.908341600347,9575.25013087141,1.8081507482566317,9467.10019085209,-531.0916583996532,761,40,83
2026-02-05T08:32:01.409908,1883,9494.777861400737,9606.45321337888,1.8081507482566317,9492.96971065248,-505.2221385992634,761,40,83
2026-02-05T08:33:14.361148,1884,9489.194528698215,9598.731092410348,1.8081507482566317,9487.386377949959,-510.80547130178456,761,40,83
2026-02-05T08:34:26.709412,1885,9487.075391112488,9595.427618841723,1.8081507482566317,9485.267240364232,-512.9246088875116,761,40,83
2026-02-05T08:35:39.964299,1886,9496.403101131675,9597.664362630245,1.8081507482566317,9494.594950383418,-503.5968988683253,761,40,83
2026-02-05T08:36:53.313483,1887,9493.708486155872,9588.17828374181,1.8081507482566317,9491.900335407616,-506.2915138441276,761,40,83
2026-02-05T08:38:05.716517,1888,9496.001226330303,9587.580968949898,1.7012818064316717,9494.299944523871,-503.9987736696967,763,40,83
2026-02-05T08:39:21.036135,1889,9504.2847612193,9604.788848650482,1.6536459158515848,9502.631115303448,-495.7152387807,764,40,83
2026-02-05T08:40:34.635382,1890,9500.39594865138,9600.586713973944,1.6073438302077405,9498.788604821171,-499.6040513486205,765,40,83
2026-02-05T08:41:52.603358,1891,9499.471601539606,9597.442342010552,1.5623382029619237,9497.909263336644,-500.5283984603939,766,40,83
2026-02-05T08:43:06.232281,1892,9491.576422194039,9590.38077949319,1.51859273327899,9490.05782946076,-508.42357780596103,767,40,83
2026-02-05T08:44:19.567035,1893,9487.959095857484,9586.439755686566,1.4760721367471783,9486.483023720737,-512.0409041425155,768,40,83
2026-02-05T08:45:32.770261,1894,9483.777077348244,9577.648294855233,1.4760721367884495,9482.301005211455,-516.2229226517557,768,40,83
2026-02-05T08:46:45.064388,1895,9478.365473239322,9576.445845773074,1.4760721367884495,9476.889401102533,-521.6345267606775,768,40,83
2026-02-05T08:47:58.403953,1896,9483.07214142807,9589.935963518732,1.4760721367884495,9481.596069291281,-516.9278585719294,768,40,83
2026-02-05T08:49:11.832217,1897,9476.649612391364,9575.42861318783,1.4760721367884495,9475.173540254575,-523.3503876086361,768,40,83
2026-02-05T08:50:25.230654,1898,9474.420460418496,9570.401669659039,1.4760721367884495,9472.944388281707,-525.5795395815039,768,40,83
2026-02-05T08:51:38.000898,1899,9468.731360103597,9560.95578932779,1.4760721367884495,9467.255287966807,-531.2686398964033,768,40,83
2026-02-05T08:52:51.831124,1900,9470.616894644934,9561.224832071213,1.4760721367884495,9469.140822508145,-529.3831053550657,768,40,83
2026-02-05T08:54:09.871158,1901,9475.050194080739,9568.124930990116,1.4760721367884495,9473.57412194395,-524.949805919261,768,40,83
2026-02-05T08:55:22.337960,1902,9474.880798939927,9569.700559913423,1.4760721367884495,9473.404726803137,-525.1192010600735,768,40,83
2026-02-05T08:56:34.913428,1903,9476.42157283585,9569.967005362249,1.4760721367884495,9474.945500699061,-523.5784271641496,768,40,83
2026-02-05T08:57:48.260369,1904,9469.465101066904,9568.473089311834,1.4760721367884495,9467.989028930115,-530.534898933096,768,40,83
2026-02-05T08:59:01.135708,1905,9473.158449887458,9572.197169567155,1.4760721367884495,9471.682377750669,-526.8415501125419,768,40,83
2026-02-05T09:00:13.871136,1906,9465.674104039384,9557.649351106294,1.4760721367884495,9464.198031902595,-534.3258959606155,768,40,83
2026-02-05T09:01:27.734323,1907,9469.300412832883,9566.713136511751,1.4760721367884495,9467.824340696094,-530.699587167117,768,40,83
2026-02-05T09:02:41.281809,1908,9470.172269386148,9568.386864028165,1.4760721367884495,9468.69619724936,-529.8277306138516,768,40,83
2026-02-05T09:03:54.302662,1909,9460.528501172965,9560.386401272906,1.4760721367884495,9459.052429036175,-539.4714988270352,768,40,83
2026-02-05T09:05:07.040116,1910,9463.413126406198,9562.658836539184,1.4760721367884495,9461.937054269409,-536.586873593802,768,40,83
2026-02-05T09:06:25.154991,1911,9471.50117680825,9583.897104215102,1.4760721367884495,9470.02510467146,-528.4988231917505,768,40,83
2026-02-05T09:07:38.091589,1912,9469.30502088396,9578.464678832283,1.434742116958373,9467.870278767,-530.6949791160405,769,40,83
2026-02-05T09:08:50.466846,1913,9539.4412725501,9645.407792489877,1.434742116958373,9538.006530433142,-460.5587274498994,769,40,83
2026-02-05T09:10:04.060409,1914,9534.315958351426,9636.42362396459,1.434742116958373,9532.881216234468,-465.68404164857384,769,40,83
2026-02-05T09:11:17.583568,1915,9522.740761201967,9625.684831690254,1.434742116958373,9521.306019085008,-477.25923879803304,769,40,83
2026-02-05T09:12:29.935730,1916,9516.174804861894,9627.007052105291,1.434742116958373,9514.740062744935,-483.8251951381062,769,40,83
2026-02-05T09:13:42.389464,1917,9530.47706754694,9643.900700044716,1.434742116958373,9529.042325429982,-469.5229324530592,769,40,83
2026-02-05T09:14:54.899167,1918,9524.439210999659,9638.92307120873,1.434742116958373,9523.0044688827,-475.5607890003412,769,40,83
2026-02-05T09:16:09.748013,1919,9524.689323818677,9635.283789222452,1.3248323769423822,9523.364491441735,-475.3106761813233,773,40,83
2026-02-05T09:17:22.450772,1920,9546.807928044544,9656.996469613301,1.2877370703879956,9545.520190974155,-453.1920719554564,774,40,83
2026-02-05T09:18:40.228571,1921,9544.587269713023,9653.548555036336,1.2516804324171318,9543.335589280607,-455.4127302869765,775,40,83
2026-02-05T09:19:53.149705,1922,9532.324056533127,9640.975057768464,1.216633380309452,9531.107423152818,-467.6759434668729,776,40,83
2026-02-05T09:21:06.366128,1923,9525.690817338147,9640.259480231774,1.1825676456607874,9524.508249692486,-474.3091826618529,777,40,83
2026-02-05T09:22:20.364723,1924,9510.288438664178,9617.9180578466,1.1825676456607874,9509.105871018517,-489.7115613358219,777,40,83
2026-02-05T09:23:33.410673,1925,9508.017525478817,9614.320541890353,1.1825676456607874,9506.834957833156,-491.98247452118267,777,40,83
2026-02-05T09:24:46.887328,1926,9504.67630837615,9616.606716835253,1.1825676456607874,9503.49374073049,-495.3236916238493,777,40,83
2026-02-05T09:25:59.225906,1927,9501.704826993127,9611.203082451722,1.1825676456607874,9500.522259347466,-498.2951730068726,777,40,83
2026-02-05T09:27:11.613972,1928,9500.27363438839,9610.54270804409,1.1447254809996423,9499.12890890739,-499.72636561161016,778,40,83
2026-02-05T09:28:24.855504,1929,9501.438545497256,9610.410642871217,1.1447254809996423,9500.293820016257,-498.5614545027438,778,40,83
2026-02-05T09:29:38.043318,1930,9503.887321950531,9614.701675026588,1.1447254809996423,9502.742596469532,-496.11267804946874,778,40,83
2026-02-05T09:30:55.574751,1931,9503.883709101085,9613.938377725743,1.1447254809996423,9502.738983620085,-496.1162908989154,778,40,83
2026-02-05T09:32:07.884502,1932,9507.134749758134,9617.797974834715,1.1447254810155831,9505.990024277118,-492.8652502418663,778,40,83
2026-02-05T09:33:21.499377,1933,9492.880032871868,9597.528293410252,1.1447254810217469,9491.735307390847,-507.119967128132,778,40,83
2026-02-05T09:34:35.005846,1934,9477.465566058821,9588.002338689434,1.1447254810241432,9476.320840577797,-522.5344339411786,778,40,83
2026-02-05T09:35:47.357040,1935,9469.413912765851,9579.818350456302,1.1447254810250698,9468.269187284826,-530.5860872341491,778,40,83
2026-02-05T09:37:01.713133,1936,9467.467525684784,9579.744220232784,1.1447254810250698,9466.32280020376,-532.532474315216,778,40,83
2026-02-05T09:38:15.831500,1937,9465.816366675146,9579.354079818928,1.1447254810250698,9464.671641194122,-534.1836333248539,778,40,83
2026-02-05T09:39:29.953811,1938,9459.706861883351,9566.110047708842,1.1447254810250698,9458.562136402326,-540.2931381166491,778,40,83
2026-02-05T09:40:42.552429,1939,9481.425700927988,9590.510359323564,1.1447254810250698,9480.280975446964,-518.5742990720119,778,40,83
2026-02-05T09:41:55.604336,1940,9479.529065553981,9585.651927461902,1.1447254810250698,9478.384340072957,-520.4709344460189,778,40,83
2026-02-05T09:43:13.706655,1941,9473.891368335986,9573.115817523229,1.1447254810250698,9472.746642854961,-526.108631664014,778,40,83
2026-02-05T09:44:25.922677,1942,9455.99589470979,9566.883785388709,1.1447254810250698,9454.851169228765,-544.0041052902106,778,40,83
2026-02-05T09:45:39.947251,1943,9456.045658977888,9565.724227600198,1.1447254810250698,9454.900933496863,-543.9543410221122,778,40,83
2026-02-05T09:46:53.027820,1944,9456.662022803446,9567.895989921735,1.1447254810250698,9455.517297322422,-543.3379771965538,778,40,83
2026-02-05T09:48:05.534468,1945,9454.363708818884,9566.767965761892,1.1447254810250698,9453.21898333786,-545.6362911811157,778,40,83
2026-02-05T09:49:17.615264,1946,9451.186665111849,9560.84886760227,1.112673167556368,9450.073991944293,-548.8133348881511,779,40,83
2026-02-05T09:50:30.332435,1947,9453.019951884413,9565.310534360846,1.0815183188647897,9451.938433565549,-546.9800481155871,780,40,83
2026-02-05T09:51:43.108717,1948,9459.442625831667,9573.72656945373,1.0512358059365756,9458.39139002573,-540.5573741683329,781,40,83
2026-02-05T09:52:56.309578,1949,9455.884343531096,9571.015553357647,1.0218012033703514,9454.862542327724,-544.1156564689045,782,40,83
2026-02-05T09:54:09.094419,1950,9458.781131184103,9578.556333231225,0.9931907696759815,9457.787940414428,-541.2188688158967,783,40,83
2026-02-05T09:55:26.609681,1951,9457.991705589615,9578.14896628123,0.9931907696759815,9456.99851481994,-542.0082944103851,783,40,83
2026-02-05T09:56:40.006708,1952,9461.846834873555,9578.83056122193,0.9931907696759815,9460.85364410388,-538.153165126445,783,40,83
2026-02-05T09:57:53.007885,1953,9459.543318181446,9572.756641975182,0.9931907696759815,9458.55012741177,-540.456681818554,783,40,83
2026-02-05T09:59:07.836299,1954,9456.488425133437,9570.249307910131,0.9931907696759815,9455.495234363761,-543.511574866563,783,40,83
2026-02-05T10:00:21.147791,1955,9456.982629584,9571.799779102616,0.9931907696759815,9455.989438814324,-543.0173704160006,783,40,83
2026-02-05T10:01:34.087991,1956,9457.06598129756,9572.40720069781,0.9931907696759815,9456.072790527884,-542.9340187024409,783,40,83
2026-02-05T10:02:48.082770,1957,9447.33027832091,9558.315966260012,0.9931907696759815,9446.337087551234,-552.6697216790908,783,40,83
2026-02-05T10:04:01.120705,1958,9430.605335371025,9547.630736736277,0.9931907696759815,9429.61214460135,-569.3946646289751,783,40,83
2026-02-05T10:05:15.801168,1959,9428.562040048497,9543.170318678669,0.9931907696759815,9427.568849278821,-571.4379599515032,783,40,83
2026-02-05T10:06:28.312626,1960,9412.006080782636,9523.112715290861,0.9931907696759815,9411.01289001296,-587.9939192173642,783,40,83
2026-02-05T10:07:46.794548,1961,9407.181586370742,9519.593077376598,0.9931907696759815,9406.188395601066,-592.8184136292584,783,40,83
2026-02-05T10:08:59.612061,1962,9404.286958828347,9513.785614219674,0.9931907696759815,9403.293768058671,-595.7130411716535,783,40,83
2026-02-05T10:10:12.457858,1963,9403.168181179251,9511.118451592498,0.9931907696759815,9402.174990409576,-596.8318188207486,783,40,83
2026-02-05T10:11:26.072703,1964,9397.0559376013,9512.259170305617,0.9633950465857021,9396.092542554716,-602.9440623986993,784,40,83
2026-02-05T10:12:39.548294,1965,9397.871305932758,9513.290257971408,0.9633950465857021,9396.907910886173,-602.1286940672417,784,40,83
2026-02-05T10:13:52.551766,1966,9399.164181096488,9515.429635229288,0.9633950465857021,9398.200786049903,-600.8358189035116,784,40,83
2026-02-05T10:15:06.310923,1967,9411.865981297053,9535.614586145826,0.9633950465857021,9410.902586250468,-588.1340187029473,784,40,83
2026-02-05T10:16:19.288540,1968,9413.70008206368,9536.277446540038,0.9633950465857021,9412.736687017095,-586.2999179363196,784,40,83
2026-02-05T10:17:33.224063,1969,9415.965037312699,9541.298192945249,0.9633950465857021,9415.001642266114,-584.0349626873012,784,40,83
2026-02-05T10:18:45.909546,1970,9420.893747638016,9550.035802446026,0.9633950465857021,9419.930352591431,-579.1062523619839,784,40,83
2026-02-05T10:20:04.696469,1971,9449.08367079025,9570.749322811214,0.9633950465857021,9448.120275743666,-550.9163292097492,784,40,83
2026-02-05T10:21:18.966842,1972,9450.369321179676,9572.912347781612,0.9633950465857021,9449.405926133091,-549.6306788203237,784,40,83
2026-02-05T10:22:32.755446,1973,9444.950804501976,9565.40170560158,0.9633950465857021,9443.98740945539,-555.0491954980243,784,40,83
2026-02-05T10:23:46.611989,1974,9442.241763064074,9561.522795008455,0.9633950465857021,9441.278368017489,-557.7582369359261,784,40,83
2026-02-05T10:24:59.820547,1975,9447.355873582643,9568.673152537345,0.9499075159335022,9446.40596606671,-552.6441264173573,785,40,83
2026-02-05T10:26:12.796836,1976,9442.236304403657,9563.889713673181,0.850824807339746,9441.385479596318,-557.7636955963426,790,40,83
2026-02-05T10:27:25.588484,1977,9444.346195872207,9567.338455626761,0.7893301307157632,9443.556865741491,-555.6538041277927,793,40,83
2026-02-05T10:28:38.059854,1978,9446.626995379249,9569.404034191024,0.7055828929011527,9445.921412486348,-553.3730046207511,799,40,83
2026-02-05T10:29:50.834180,1979,9446.164564823193,9568.608514008863,0.663880121599123,9445.500684701594,-553.8354351768066,801,40,83
2026-02-05T10:31:04.105402,1980,9443.884926327803,9567.971204591531,0.6246421508921285,9443.260284176911,-556.1150736721975,803,40,83
2026-02-05T10:32:21.972073,1981,9444.22840935325,9567.363999081676,0.6071521706671489,9443.621257182584,-555.7715906467492,804,40,83
2026-02-05T10:33:34.655681,1982,9435.709124838237,9551.4430183506,0.5901519098884687,9435.118972928349,-564.2908751617633,805,40,83
2026-02-05T10:34:48.283511,1983,9434.581486480874,9545.75163824277,0.5901519098888277,9433.991334570987,-565.4185135191256,805,40,83
2026-02-05T10:36:01.321576,1984,9404.287034713585,9525.143925189901,0.5901519098888277,9403.696882803697,-595.712965286415,805,40,83
2026-02-05T10:37:14.638349,1985,9403.277746538106,9525.458201309359,0.5901519098888277,9402.687594628218,-596.7222534618941,805,40,83
2026-02-05T10:38:27.391976,1986,9397.197838493323,9514.973171422293,0.5901519098888277,9396.607686583435,-602.8021615066773,805,40,83
2026-02-05T10:39:40.740163,1987,9397.435219949055,9514.98589174742,0.5901519098888277,9396.845068039167,-602.564780050945,805,40,83
2026-02-05T10:40:54.819265,1988,9395.473844734317,9514.282739751185,0.5901519098888277,9394.883692824429,-604.526155265683,805,40,83
2026-02-05T10:42:08.088239,1989,9387.395461694503,9500.380343763067,0.5712670487723852,9386.824194645731,-612.604538305497,806,40,83
2026-02-05T10:43:20.483617,1990,9379.667277850273,9497.236693231922,0.5375028811217422,9379.129774969151,-620.3327221497275,808,40,83
2026-02-05T10:44:38.961428,1991,9377.585896048964,9493.467803914544,0.5224528004503334,9377.063443248513,-622.4141039510359,809,40,83
2026-02-05T10:45:52.045403,1992,9362.45555691615,9481.115157246433,0.49157375013251686,9361.963983166017,-637.5444430838506,811,40,83
2026-02-05T10:47:04.368000,1993,9353.686801386439,9468.313232299173,0.4423631634012644,9353.244438223037,-646.3131986135613,815,40,83
2026-02-05T10:48:17.630630,1994,9341.19185580363,9455.613640605812,0.39728280435043234,9340.79457299928,-658.8081441963695,820,40,83
2026-02-05T10:49:30.063533,1995,10000.0,9444.901840459637,10000.0,0.0,0.0,827,41,89
2026-02-05T10:50:42.694971,1996,10000.0,9439.06523351208,10000.0,0.0,0.0,827,41,89
2026-02-05T10:51:55.217236,1997,9960.995218097318,9422.727820074797,9115.252580622224,845.7426374750939,-39.004781902682225,831,41,89
2026-02-05T10:53:08.543373,1998,9922.011564477365,9395.86501410509,7364.960956832446,2557.05060764492,-77.98843552263497,835,41,89
2026-02-05T10:54:22.368158,1999,9920.560600576604,9393.350450613536,7158.742050041137,2761.818550535467,-79.43939942339603,836,41,89
2026-02-05T10:55:35.350159,2000,9920.654718493775,9373.244755484955,7413.96569723484,2506.689021258935,-79.34528150622464,839,41,92
2026-02-05T10:56:52.643035,2001,9916.023493916658,9347.823492055802,7413.96569723484,2502.0577966818187,-83.97650608334152,839,41,92
2026-02-05T10:58:05.941271,2002,9916.758801701542,9354.819585038596,7413.96569723484,2502.793104466702,-83.24119829845768,839,41,92
2026-02-05T10:59:19.276487,2003,9921.62515287385,9373.805100925565,7413.96569723484,2507.6594556390105,-78.37484712614969,839,41,92
2026-02-05T11:00:31.520224,2004,9958.964252684573,9380.849902676098,8302.557621309434,1656.4066313751398,-41.035747315427216,841,43,92
2026-02-05T11:01:45.040340,2005,9962.47731158662,9393.708189403396,8314.531507630565,1647.9458039560534,-37.52268841338082,842,44,92
2026-02-05T11:02:59.452848,2006,9963.398570690595,9395.130248765436,8340.38827975826,1623.0102909323361,-36.60142930940492,843,45,92
2026-02-05T11:04:12.407235,2007,9963.57647427075,9397.040261557446,8340.38827975826,1623.188194512491,-36.42352572924938,843,45,92
2026-02-05T11:05:25.775060,2008,9967.10858584881,9390.334935788696,8451.830616644776,1515.2779692040335,-32.891414151190475,845,45,94
2026-02-05T11:06:39.976248,2009,9988.499717459292,9411.968552761005,8836.941215932653,1151.5585015266392,-11.500282540708213,846,46,94
2026-02-05T11:07:53.483470,2010,9987.896097199602,9408.529834726822,8836.941215932653,1150.9548812669489,-12.103902800397918,846,46,94
2026-02-05T11:09:12.355549,2011,9987.326077771984,9400.96687991628,8836.941215932653,1150.3848618393306,-12.673922228015726,846,46,94
2026-02-05T11:10:24.668687,2012,9987.103483790566,9399.156902018842,8836.941215932653,1150.1622678579126,-12.896516209433685,846,46,94
2026-02-05T11:11:39.299700,2013,9984.744240792175,9389.1222168023,8836.941215932653,1147.8030248595226,-15.255759207824667,846,46,94
2026-02-05T11:12:52.411566,2014,9980.824712605434,9362.359684526908,8836.941215932653,1143.8834966727804,-19.175287394566112,846,46,94
2026-02-05T11:14:04.577633,2015,9976.854810111174,9336.167767183795,8836.941215932653,1139.9135941785205,-23.14518988882628,846,46,94
2026-02-05T11:15:19.394583,2016,9976.579363987872,9333.444025943043,8836.941215932653,1139.6381480552188,-23.420636012127943,846,46,94
2026-02-05T11:16:32.809733,2017,9975.793622194571,9327.407072207277,8836.941215932653,1138.8524062619172,-24.20637780542893,846,46,94
2026-02-05T11:17:46.057490,2018,9970.356583406634,9358.072955862155,8572.327848162766,1398.028735243868,-29.643416593366055,848,46,94
2026-02-05T11:18:59.502779,2019,9967.694031167917,9339.246591913929,8572.327848162766,1395.3661830051512,-32.305968832082726,848,46,94
2026-02-05T11:20:13.516005,2020,9963.040307176727,9314.638939384353,8572.327848162766,1390.7124590139615,-36.959692823273144,848,46,94
2026-02-05T11:21:32.383153,2021,9962.058729233064,9306.015428747827,8572.327848162766,1389.7308810702975,-37.94127076693621,848,46,94
2026-02-05T11:22:44.948721,2022,9957.720121928776,9276.498153537708,8572.327848162766,1385.39227376601,-42.27987807122372,848,46,94
2026-02-05T11:23:59.197275,2023,9957.157734098937,9264.410339508007,8572.327848162766,1384.829885936171,-42.842265901063,848,46,94
2026-02-05T11:25:11.349309,2024,9952.626722839756,9236.461098658574,8572.327848162766,1380.2988746769906,-47.37327716024447,848,46,94
2026-02-05T11:26:24.042209,2025,9955.336685672659,9254.854682494568,8572.327848162766,1383.0088375098928,-44.66331432734114,848,46,94
2026-02-05T11:27:36.377553,2026,9955.272768005598,9248.235889652573,8572.327848162766,1382.9449198428324,-44.727231994402246,848,46,94
2026-02-05T11:28:50.798559,2027,9953.046396689972,9225.204455626701,8572.327848162766,1380.718548527205,-46.953603310028484,848,46,94
2026-02-05T11:30:04.422729,2028,9949.997566430342,9219.48672803902,8572.327848162766,1377.6697182675757,-50.002433569658024,848,46,94
2026-02-05T11:31:19.294640,2029,9952.418302448985,9231.054285139468,8572.327848162766,1380.0904542862193,-47.58169755101517,848,46,94
2026-02-05T11:32:32.734524,2030,9951.19376773596,9230.722225128657,8572.327848162766,1378.865919573195,-48.80623226403986,848,46,94
2026-02-05T11:33:51.151406,2031,9952.996695644228,9242.744605316195,8572.327848162766,1380.6688474814619,-47.00330435577234,848,46,94
2026-02-05T11:35:04.383517,2032,9953.59996877406,9243.986331725584,8572.327848162766,1381.2721206112942,-46.40003122593953,848,46,94
2026-02-05T11:36:16.592418,2033,9954.044969936398,9245.006259775884,8572.327848162766,1381.7171217736318,-45.95503006360195,848,46,94
2026-02-05T11:37:29.911720,2034,9956.238476125403,9266.297744614336,8572.327848162766,1383.910627962638,-43.761523874596605,848,46,94
2026-02-05T11:38:43.481628,2035,9963.601610366415,9304.84152417598,8572.327848162766,1391.2737622036489,-36.398389633584884,848,46,94
2026-02-05T11:39:56.278008,2036,9971.95789892888,9352.427413340674,8572.327848162766,1399.6300507661147,-28.04210107111976,848,46,94
2026-02-05T11:41:08.652880,2037,9976.576675188458,9382.043184677506,8572.327848162766,1404.2488270256922,-23.423324811541534,848,46,94
2026-02-05T11:42:21.897727,2038,9978.234493679323,9392.763175071459,8572.327848162766,1405.906645516557,-21.76550632067665,848,46,94
2026-02-05T11:43:34.912415,2039,9976.786152775969,9381.637188573932,8576.21386397079,1400.5722888051794,-23.21384722403127,849,46,95
2026-02-05T11:44:48.587387,2040,9976.245499564624,9378.14881484624,8576.21386397079,1400.0316355938342,-23.75450043537603,849,46,95
2026-02-05T11:46:06.657207,2041,9976.052364057348,9376.898365582434,8576.21386397079,1399.838500086558,-23.947635942651686,849,46,95
2026-02-05T11:47:20.234769,2042,9971.408490906835,9335.467522017247,8576.21386397079,1395.1946269360456,-28.59150909316486,849,46,95
2026-02-05T11:48:32.659149,2043,9973.256702544179,9350.68608298292,8576.21386397079,1397.0428385733885,-26.74329745582145,849,46,95
2026-02-05T11:49:45.592481,2044,9971.566204765735,9347.455177563355,8576.21386397079,1395.3523407949447,-28.433795234264835,849,46,95
2026-02-05T11:50:59.227189,2045,9970.392922332114,9338.973314990464,8576.21386397079,1394.1790583613247,-29.607077667886188,849,46,95
2026-02-05T11:52:12.426952,2046,9970.58166914901,9333.53000425005,8576.21386397079,1394.3678051782201,-29.41833085098915,849,46,95
2026-02-05T11:53:24.998018,2047,9965.510187558339,9310.187234290128,8576.21386397079,1389.2963235875482,-34.48981244166134,849,46,95
2026-02-05T11:54:38.840998,2048,9964.642822287648,9308.637503795277,8576.21386397079,1388.4289583168581,-35.357177712352495,849,46,95
2026-02-05T11:55:51.122602,2049,9965.881673260885,9315.73846770629,8576.21386397079,1389.667809290094,-34.11832673911522,849,46,95
2026-02-05T11:57:03.955789,2050,9964.118330615709,9302.875067001336,8576.21386397079,1387.9044666449183,-35.881669384290944,849,46,95
2026-02-05T11:58:22.811029,2051,9964.691870820678,9307.915430866238,8576.21386397079,1388.4780068498874,-35.30812917932235,849,46,95
2026-02-05T11:59:36.145832,2052,9965.303010444815,9310.696909031125,8576.21386397079,1389.089146474026,-34.6969895551847,849,46,95
2026-02-05T12:00:50.248372,2053,9966.629544654777,9314.011941256771,8576.21386397079,1390.415680683988,-33.37045534522258,849,46,95
2026-02-05T12:02:04.294676,2054,9969.861106440978,9343.329199912805,8576.21386397079,1393.647242470187,-30.138893559022108,849,46,95
2026-02-05T12:03:16.477616,2055,9970.218243612864,9351.742540248972,8576.21386397079,1394.0043796420737,-29.78175638713583,849,46,95
2026-02-05T12:04:30.262756,2056,9972.622492561997,9356.350498806527,8576.21386397079,1396.408628591208,-27.377507438002795,849,46,95
2026-02-05T12:05:43.133772,2057,9972.907204855852,9357.0156665691,8576.21386397079,1396.6933408850623,-27.092795144148113,849,46,95
2026-02-05T12:06:55.967066,2058,9972.306522921956,9348.943054564006,8576.21386397079,1396.0926589511657,-27.693477078044452,849,46,95
2026-02-05T12:08:08.464484,2059,9971.191629325931,9345.816170615868,8576.21386397079,1394.9777653551416,-28.80837067406901,849,46,95
2026-02-05T12:09:22.263401,2060,9949.875788222767,9321.33821945477,8221.730357593331,1728.1454306294365,-50.12421177723263,850,46,95
2026-02-05T12:10:40.859683,2061,9925.307552244532,9319.299864150673,7881.89883614614,2043.4087160983918,-74.69244775546758,851,46,95
2026-02-05T12:11:53.554692,2062,9899.092516742083,9317.175333397825,7344.54250109304,2554.550015649042,-100.90748325791719,853,46,95
2026-02-05T12:13:06.009402,2063,9874.217903781962,9320.028790884755,6843.820971538521,3030.3969322434423,-125.78209621803762,855,46,95
2026-02-05T12:14:20.762460,2064,9851.130050315398,9322.175349237963,6377.23663298291,3473.8934173324888,-148.86994968460203,857,46,95
2026-02-05T12:15:33.408462,2065,9823.516032940057,9304.866397894146,5942.462148292668,3881.05388464739,-176.4839670599431,859,46,95
2026-02-05T12:16:45.721794,2066,9784.957389521627,9272.24396736199,5537.328848870667,4247.62854065096,-215.0426104783728,861,46,95
2026-02-05T12:17:59.137766,2067,9749.647872810894,9244.88003055169,5159.81591727006,4589.831955540834,-250.3521271891059,863,46,95
2026-02-05T12:19:11.979555,2068,9729.425847157505,9243.388254473864,4808.040307294255,4921.3855398632495,-270.5741528424951,865,46,95
2026-02-05T12:20:25.335169,2069,9702.00922407916,9226.934762656834,4480.247351304162,5221.761872774997,-297.99077592083995,867,46,95
2026-02-05T12:21:38.010799,2070,9683.20085286069,9227.95324286928,4174.80200788165,5508.398844979039,-316.79914713931066,869,46,95
2026-02-05T12:22:54.962055,2071,9694.609753022509,9241.708602324212,4174.80200788165,5519.807745140859,-305.3902469774912,869,46,95
2026-02-05T12:24:08.959962,2072,9686.754150204442,9228.198892692439,4174.80200788165,5511.9521423227925,-313.24584979555766,869,46,95
2026-02-05T12:25:21.603944,2073,9672.231067944147,9210.103190442767,4174.80200788165,5497.429060062496,-327.76893205585293,869,46,95
2026-02-05T12:26:35.218800,2074,9695.742997159256,9269.131037784438,4174.80200788165,5520.940989277606,-304.25700284074446,869,46,95
2026-02-05T12:27:48.967310,2075,9693.684583708782,9305.906756425473,3697.924657352135,5995.759926356648,-306.31541629121784,874,46,95
2026-02-05T12:29:01.602944,2076,9694.958773776,9306.476529668384,3545.0771048482466,6149.881668927753,-305.04122622400064,875,46,95
2026-02-05T12:30:14.911896,2077,9675.685365973754,9281.314707198488,3471.4610268702363,6204.224339103517,-324.3146340262465,876,46,95
2026-02-05T12:31:28.697902,2078,9679.78904111966,9266.024561544687,3471.06452322455,6208.72451789511,-320.2109588803396,877,46,95
2026-02-05T12:32:41.217927,2079,9663.283505749609,9277.763966810071,3422.4696198994066,6240.8138858502025,-336.7164942503914,878,46,95
2026-02-05T12:33:54.064252,2080,9648.681033849529,9256.762146506218,3277.281876929624,6371.399156919904,-351.31896615047117,881,46,95
2026-02-05T12:35:13.359720,2081,9662.630222956544,9292.616863436808,3134.6388911291474,6527.9913318273975,-337.36977704345554,884,46,95
2026-02-05T12:36:26.641468,2082,9659.602984136154,9266.052230480209,3070.1777673791526,6589.425216757001,-340.3970158638458,887,46,95
2026-02-05T12:37:39.933966,2083,9662.307914283985,9290.08934455126,3070.1777673791526,6592.130146904833,-337.69208571601484,887,46,95
2026-02-05T12:38:52.203881,2084,9651.013589815257,9271.783969191882,3069.064085599776,6581.949504215481,-348.98641018474336,888,46,95
2026-02-05T12:40:06.133890,2085,9648.661760279407,9266.868211983025,3069.064085599776,6579.597674679631,-351.33823972059326,888,46,95
2026-02-05T12:41:18.550619,2086,9648.002052406075,9268.761488985983,3069.064085599776,6578.937966806298,-351.99794759392535,888,46,95
2026-02-05T12:42:30.724375,2087,9653.491934325892,9278.25110095861,3069.064085599776,6584.427848726116,-346.50806567410837,888,46,95
2026-02-05T12:43:43.377607,2088,9635.270746989563,9245.442818624791,3069.064085599776,6566.206661389788,-364.7292530104369,888,46,95
2026-02-05T12:44:56.717022,2089,9637.495783440296,9256.19432850013,3069.064085599776,6568.43169784052,-362.5042165597042,888,46,95
2026-02-05T12:46:09.569917,2090,9637.415752872372,9255.20528179141,3069.064085599776,6568.351667272596,-362.58424712762826,888,46,95
2026-02-05T12:47:27.274278,2091,9636.082575145738,9252.36582690186,3062.925957428576,6573.156617717162,-363.9174248542622,889,46,95
2026-02-05T12:48:56.538357,2092,9630.809489027279,9263.232007652927,2859.95736890796,6770.852120119319,-369.1905109727213,894,46,95
2026-02-05T12:50:09.859702,2093,9607.470764027881,9262.742351120749,2418.181310486221,7189.289453541661,-392.52923597211884,899,46,95
2026-02-05T12:51:23.011647,2094,9603.60674796625,9276.697879843632,2044.646159399814,7558.960588566437,-396.3932520337494,904,46,95
2026-02-05T12:52:36.458079,2095,9620.62836195177,9288.364226444446,1983.1368376304608,7637.491524321311,-379.3716380482292,906,46,95
2026-02-05T12:53:49.064763,2096,9607.182078774802,9270.356561977353,1983.1368376304608,7624.045241144341,-392.817921225198,906,46,95
2026-02-05T12:55:02.558010,2097,9585.591464301,9247.349274204402,1983.1368376304608,7602.454626670538,-414.4085356989999,906,46,95
2026-02-05T12:56:15.252286,2098,9579.968753935935,9246.030998675404,1983.1368376304608,7596.831916305474,-420.0312460640653,906,46,95
2026-02-05T12:57:28.489592,2099,9611.28601521237,9285.463510128027,1983.1368376304608,7628.1491775819095,-388.71398478762967,906,46,95
2026-02-05T12:58:41.043746,2100,9609.98454860539,9280.915983194876,1983.1368376304608,7626.847710974929,-390.01545139461086,906,46,95
2026-02-05T12:59:59.638535,2101,9603.58797957395,9277.716676175873,1853.881879465795,7749.706100108154,-396.41202042605073,910,46,95
2026-02-05T13:01:12.938092,2102,9590.846900272796,9264.700769462954,1850.1741157068634,7740.6727845659325,-409.1530997272039,911,46,95
2026-02-05T13:02:25.652380,2103,9595.237041515946,9270.87840738204,1846.4737674754497,7748.763274040496,-404.76295848405425,912,46,95
2026-02-05T13:03:38.037420,2104,9601.784178697802,9275.512863662303,1842.7808199404988,7759.003358757303,-398.2158213021976,913,46,95
2026-02-05T13:04:50.821652,2105,9599.808956044353,9268.536254215758,1842.7808199404988,7757.028136103854,-400.1910439556468,913,46,95
2026-02-05T13:06:04.717838,2106,9613.208460555748,9288.584010971117,1842.7808199404988,7770.427640615249,-386.7915394442516,913,46,95
2026-02-05T13:07:18.143970,2107,9639.118769894829,9323.998247415331,1842.7808199404988,7796.337949954331,-360.8812301051712,913,46,95
2026-02-05T13:08:31.035473,2108,9639.910915625449,9307.179602469007,1842.7808199404988,7797.130095684951,-360.089084374551,913,46,95
2026-02-05T13:09:43.417745,2109,9667.43536413093,9298.965061673449,2462.0615521661407,7205.37381196479,-332.5646358690701,915,47,96
2026-02-05T13:10:57.497474,2110,9686.658823236172,9301.612699021918,2758.6258614481753,6928.032961787996,-313.3411767638281,917,48,97
2026-02-05T13:12:15.367178,2111,9682.62979188688,9298.276625620565,2759.2037768345867,6923.426015052293,-317.3702081131196,918,48,98
2026-02-05T13:13:28.228180,2112,9675.286183325039,9297.797849247621,2759.3593937779283,6915.926789547111,-324.713816674961,919,49,98
2026-02-05T13:14:41.638698,2113,9652.421839208406,9262.241514676369,2759.3593937779283,6893.062445430478,-347.5781607915942,919,49,98
2026-02-05T13:15:54.378545,2114,9645.449344584353,9260.332520256918,2759.3593937779283,6886.089950806425,-354.55065541564727,919,49,98
2026-02-05T13:17:06.935594,2115,9639.461168373457,9252.8375531068,2759.3593937779283,6880.101774595528,-360.53883162654347,919,49,98
2026-02-05T13:18:19.407741,2116,9639.24428445827,9252.974653815785,2759.3593937779283,6879.8848906803405,-360.75571554173075,919,49,98
2026-02-05T13:19:32.374918,2117,9644.345888876502,9260.072093510516,2759.3593937779283,6884.986495098574,-355.6541111234983,919,49,98
2026-02-05T13:20:45.461091,2118,9643.555409149107,9252.734664576048,2759.3593937779283,6884.196015371178,-356.4445908508933,919,49,98
2026-02-05T13:21:57.974114,2119,9639.337889216575,9248.824513571604,2682.0973307521463,6957.2405584644275,-360.6621107834253,920,49,98
2026-02-05T13:23:10.925782,2120,9627.95244779051,9243.610532360102,2606.998605491086,7020.953842299424,-372.04755220948937,921,49,98
2026-02-05T13:24:28.624245,2121,9620.160803312196,9238.76275653554,2534.0026445373355,7086.15815877486,-379.83919668780436,922,49,98
2026-02-05T13:25:41.404243,2122,9618.633069218586,9239.952949222252,2463.0505704902903,7155.582498728295,-381.36693078141434,923,49,98
2026-02-05T13:26:53.526531,2123,9601.819047364983,9211.779472184051,2394.085154516562,7207.7338928484205,-398.1809526350171,924,49,98
2026-02-05T13:28:09.039423,2124,9581.7262101243,9212.446984818367,2216.606855599386,7365.1193545249125,-418.27378987570046,928,49,98
2026-02-05T13:29:21.941655,2125,9568.322530671572,9209.588943279063,2085.59652400604,7482.726006665532,-431.67746932842783,930,49,98
2026-02-05T13:30:35.070049,2126,9574.596375393168,9222.133224206471,2027.199821333871,7547.396554059298,-425.4036246068317,931,49,98
2026-02-05T13:31:47.433830,2127,9580.749188749216,9231.54313258141,1970.4382263365226,7610.310962412694,-419.25081125078395,932,49,98
2026-02-05T13:33:00.425473,2128,9610.742112365457,9266.232957011405,1915.2659559991,7695.476156366357,-389.2578876345433,933,49,98
2026-02-05T13:34:13.183686,2129,9601.617770467152,9245.989733737219,1905.5191437055807,7696.098626761571,-398.3822295328482,934,49,98
2026-02-05T13:35:25.691127,2130,9603.189837842538,9250.68186070135,1905.5191437055807,7697.6706941369575,-396.8101621574624,934,49,98
2026-02-05T13:36:43.928239,2131,9610.019447156335,9260.88664002473,1905.5191437055807,7704.500303450755,-389.98055284366455,934,49,98
2026-02-05T13:37:56.591679,2132,9598.690367250363,9245.804579418882,1905.5191437055807,7693.171223544782,-401.3096327496369,934,49,98
2026-02-05T13:39:08.836482,2133,9606.767848659203,9253.703486921557,1905.5191437055807,7701.248704953622,-393.2321513407969,934,49,98
2026-02-05T13:40:21.099183,2134,9596.676192891968,9235.264901579863,1905.5191437055807,7691.157049186387,-403.32380710803227,934,49,98
2026-02-05T13:41:33.869536,2135,9579.821239585726,9225.407213574043,1905.5191437055807,7674.302095880146,-420.1787604142737,934,49,98
2026-02-05T13:42:47.099490,2136,9581.528015362934,9225.051005692188,1905.5191437055807,7676.008871657353,-418.47198463706627,934,49,98
2026-02-05T13:44:00.339129,2137,9581.48996522302,9236.06332712582,1905.5191437055807,7675.97082151744,-418.5100347769803,934,49,98
2026-02-05T13:45:13.115406,2138,9582.891847989962,9231.474861784136,1905.5191437055807,7677.372704284381,-417.1081520100379,934,49,98
2026-02-05T13:46:27.779032,2139,9582.647061406105,9230.008763676155,1905.5191437055807,7677.127917700524,-417.3529385938946,934,49,98
2026-02-05T13:47:41.184945,2140,9574.073196781348,9220.048288500531,1905.5191437055807,7668.554053075767,-425.9268032186519,934,49,98
2026-02-05T13:48:58.592056,2141,9576.634451233282,9224.18712632064,1905.5191437055807,7671.115307527701,-423.36554876671835,934,49,98
2026-02-05T13:50:12.583391,2142,9576.759902042359,9228.296034310219,1905.5191437055807,7671.240758336778,-423.2400979576414,934,49,98
2026-02-05T13:51:25.691991,2143,9567.949914536506,9215.602220076958,1905.5191437055807,7662.430770830925,-432.0500854634938,934,49,98
2026-02-05T13:52:37.861727,2144,9579.261261836551,9242.485996194175,1905.5191437055807,7673.74211813097,-420.73873816344894,934,49,98
2026-02-05T13:53:50.658494,2145,9587.28872313869,9250.802327180292,1905.5191437055807,7681.76957943311,-412.71127686130967,934,49,98
2026-02-05T13:55:04.476653,2146,9587.104215567495,9250.379011217958,1905.5191437055807,7681.585071861915,-412.895784432505,934,49,98
2026-02-05T13:56:17.194733,2147,9582.895142576202,9250.204739438635,1905.5191437055807,7677.375998870622,-417.1048574237975,934,49,98
2026-02-05T13:57:30.876324,2148,9580.65182545207,9242.227291929796,1905.5191437055807,7675.132681746491,-419.3481745479294,934,49,98
2026-02-05T13:58:42.923672,2149,9557.763881715488,9219.272612217903,1905.5191437055807,7652.2447380099065,-442.2361182845125,934,49,98
2026-02-05T13:59:56.082945,2150,9572.4129762877,9231.7496524493,1905.5191437055807,7666.89383258212,-427.5870237122999,934,49,98
2026-02-05T14:01:15.897378,2151,9581.714711333525,9260.925726664167,1905.5191437055807,7676.195567627944,-418.285288666475,934,49,98
2026-02-05T14:02:28.993532,2152,9647.65557581473,9315.715415565113,1905.5191437055807,7742.136432109149,-352.3444241852703,934,49,98
2026-02-05T14:03:41.866519,2153,9653.995817600835,9322.609755821173,1905.5191437055807,7748.476673895255,-346.0041823991651,934,49,98
2026-02-05T14:04:55.067364,2154,9633.287693874683,9308.463328559312,1905.5191437055807,7727.768550169102,-366.7123061253169,934,49,98
2026-02-05T14:06:08.097646,2155,9602.5850371924,9270.928550011204,1905.5191437055807,7697.06589348682,-397.4149628075993,934,49,98
2026-02-05T14:07:21.834123,2156,9618.664424965866,9284.12846037594,1905.5191437055807,7713.145281260285,-381.3355750341343,934,49,98
2026-02-05T14:08:35.879486,2157,9614.552618469783,9283.722823395985,1905.5191437055807,7709.033474764202,-385.44738153021717,934,49,98
2026-02-05T14:09:49.118618,2158,9611.94125734421,9275.576469853655,1905.5191437055807,7706.4221136386295,-388.0587426557904,934,49,98
2026-02-05T14:11:01.637846,2159,9606.565649088232,9264.717736383547,1844.542531107002,7762.02311798123,-393.434350911768,935,49,98
2026-02-05T14:12:13.937856,2160,9607.620197898847,9277.341803223471,1844.542531107002,7763.077666791844,-392.3798021011535,935,49,98
2026-02-05T14:13:32.722931,2161,9617.521618976458,9290.268738445495,1844.542531107002,7772.979087869456,-382.47838102354217,935,49,98
2026-02-05T14:14:44.915412,2162,9614.372929125813,9273.591558778924,1844.542531107002,7769.830398018811,-385.62707087418676,935,49,98
2026-02-05T14:15:58.073720,2163,9609.714189623985,9264.799845498039,1844.2895915372787,7765.424598086705,-390.28581037601543,936,49,98
2026-02-05T14:17:11.843380,2164,9587.499026777597,9242.332224941962,1841.8166681547118,7745.682358622885,-412.50097322240254,937,49,98
2026-02-05T14:18:24.458782,2165,9588.525286295397,9245.488291136871,1841.8166681547118,7746.708618140686,-411.47471370460335,937,49,98
2026-02-05T14:19:37.443307,2166,9593.347902612166,9256.579740280506,1841.9442380642556,7751.403664547911,-406.65209738783415,938,49,99
2026-02-05T14:20:50.473650,2167,9613.427077955916,9269.464394797757,1841.9442380642556,7771.48283989166,-386.5729220440844,938,49,99
2026-02-05T14:22:18.268808,2168,9614.995096740557,9275.32070521286,1841.9442380642556,7773.050858676301,-385.0049032594434,938,49,99
2026-02-05T14:23:30.765249,2169,9617.65521012276,9295.764481945718,1786.685910922328,7830.969299200432,-382.34478987723924,939,49,99
2026-02-05T14:24:44.899434,2170,9632.402207590605,9303.097864765272,1786.685910922328,7845.716296668276,-367.59779240939497,939,49,99
2026-02-05T14:26:02.771512,2171,9647.879825277425,9319.702506146828,1786.685910922328,7861.193914355096,-352.12017472257503,939,49,99
2026-02-05T14:27:15.695819,2172,9643.712753572463,9312.138593184014,1786.685910922328,7857.026842650134,-356.28724642753696,939,49,99
2026-02-05T14:28:28.230420,2173,9646.720027606452,9319.9364889773,1786.685910922328,7860.034116684124,-353.2799723935477,939,49,99
2026-02-05T14:29:42.727155,2174,9654.19434488657,9328.155640459725,1786.685910922328,7867.508433964241,-345.8056551134305,939,49,99
2026-02-05T14:30:55.844753,2175,9646.283606848467,9319.295156682876,1786.685910922328,7859.597695926138,-353.71639315153334,939,49,99
2026-02-05T14:32:08.590720,2176,9632.790958424399,9302.655850178506,1786.685910922328,7846.105047502071,-367.2090415756011,939,49,99
2026-02-05T14:33:22.305873,2177,9685.660715990321,9356.008759039783,1786.685910922328,7898.974805067993,-314.3392840096785,939,49,99
2026-02-05T14:34:36.543864,2178,9656.341633578933,9337.039322626748,1786.685910922328,7869.655722656606,-343.6583664210666,939,49,99
2026-02-05T14:35:48.874085,2179,9701.549712409154,9381.514060174484,1786.685910922328,7914.863801486827,-298.4502875908456,939,49,99
2026-02-05T14:37:01.850486,2180,9683.768732726407,9365.71597016565,1786.685910922328,7897.082821804078,-316.2312672735934,939,49,99
2026-02-05T14:38:20.297941,2181,9727.520671515176,9418.668830589048,1786.685910922328,7940.8347605928475,-272.4793284848238,939,49,99
2026-02-05T14:39:32.746366,2182,9741.24257649508,9431.57678981878,1786.685910922328,7954.556665572752,-258.75742350491964,939,49,99
2026-02-05T14:40:45.520507,2183,9703.692209463321,9392.836871072544,1786.685910922328,7917.006298540993,-296.307790536679,939,49,99
2026-02-05T14:41:57.547063,2184,9711.807437741056,9367.195765204573,2342.9129739567798,7368.894463784277,-288.19256225894424,940,49,100
2026-02-05T14:43:11.299104,2185,9719.042995678246,9381.134141410786,2342.9129739567798,7376.130021721467,-280.95700432175363,940,49,100
2026-02-05T14:44:24.346247,2186,9729.620950381264,9391.947536787731,2342.9129739567798,7386.7079764244845,-270.37904961873573,940,49,100
2026-02-05T14:45:37.086185,2187,9719.12856082632,9373.050622188577,2342.9129739567798,7376.215586869542,-280.8714391736794,940,49,100
2026-02-05T14:46:50.545983,2188,9699.843695503201,9363.904229715092,2268.0803335686,7431.763361934602,-300.15630449679884,942,49,100
2026-02-05T14:48:02.814900,2189,9722.691314232625,9392.125897548081,2154.7960562298003,7567.895258002824,-277.3086857673752,946,49,100
2026-02-05T14:49:15.270249,2190,9690.642134821766,9353.88700190888,2154.7960562298003,7535.846078591966,-309.3578651782336,946,49,100
2026-02-05T14:50:33.006103,2191,9702.439128959399,9367.332108211935,2154.7960562298003,7547.643072729597,-297.56087104060134,946,49,100
2026-02-05T14:51:46.526675,2192,9678.177209569185,9338.387552620794,2154.7960562298003,7523.3811533393855,-321.8227904308151,946,49,100
2026-02-05T14:52:59.575684,2193,9673.799959286447,9323.048660092605,2154.7960562298003,7519.003903056647,-326.2000407135529,946,49,100
2026-02-05T14:54:12.189987,2194,9676.74986398971,9327.300867574357,2154.7960562298003,7521.953807759909,-323.2501360102906,946,49,100
2026-02-05T14:55:24.682082,2195,9663.117510381748,9309.505570629639,2154.7960562298003,7508.321454151946,-336.8824896182523,946,49,100
2026-02-05T14:56:38.649314,2196,9647.279572153979,9289.520642164069,2154.7960562298003,7492.483515924178,-352.72042784602127,946,49,100
2026-02-05T14:58:16.682350,2197,9617.13526243814,9250.676987414403,2154.7960562298003,7462.33920620834,-382.86473756186024,946,49,100
2026-02-05T14:59:30.722052,2198,9593.373458357222,9229.450377857396,2154.7960562298003,7438.577402127421,-406.62654164277774,946,49,100
2026-02-05T15:00:44.600271,2199,9617.623281331269,9260.462626338793,2154.7960562298003,7462.827225101469,-382.376718668731,946,49,100
2026-02-05T15:01:57.519134,2200,9599.026542754305,9221.53274939107,2154.7960562298003,7444.230486524504,-400.9734572456946,946,49,100
2026-02-05T15:03:16.188403,2201,9565.803432991113,9182.729434149429,2154.7960562298003,7411.007376761314,-434.19656700888663,946,49,100
2026-02-05T15:04:28.894239,2202,9554.518138638683,9176.147445630324,2154.7960562298003,7399.722082408882,-445.481861361317,946,49,100
2026-02-05T15:05:41.464799,2203,9502.486536501066,9120.369376876606,2154.7960562298003,7347.690480271267,-497.51346349893356,946,49,100
2026-02-05T15:06:55.816348,2204,9494.888342913815,9116.328112533778,2154.7960562298003,7340.092286684014,-505.111657086185,946,49,100
2026-02-05T15:08:08.649211,2205,9483.499150518848,9096.097941278285,2154.7960562298003,7328.703094289048,-516.5008494811518,946,49,100
2026-02-05T15:09:22.216620,2206,9489.731326545052,9102.849102696735,2154.7960562298003,7334.935270315252,-510.26867345494793,946,49,100
2026-02-05T15:10:36.537601,2207,9504.679254352139,9124.74928600547,2154.7960562298003,7349.883198122338,-495.32074564786126,946,49,100
2026-02-05T15:11:50.232001,2208,9440.058156697496,9050.145306030947,2154.7960562298003,7285.262100467696,-559.9418433025039,946,49,100
2026-02-05T15:13:03.520612,2209,9389.55631979311,8994.620558477876,2144.740341300728,7244.815978492382,-610.4436802068903,947,49,100
2026-02-05T15:14:16.439704,2210,9407.461611437844,9013.657825573855,2144.740341300728,7262.721270137115,-592.5383885621559,947,49,100
2026-02-05T15:15:35.099810,2211,9411.84392266551,9024.70558748119,2144.740341300728,7267.103581364781,-588.15607733449,947,49,100
2026-02-05T15:16:47.267633,2212,9460.722695739245,9070.170531641148,2144.740341300728,7315.982354438517,-539.277304260755,947,49,100
2026-02-05T15:18:00.780046,2213,9459.464365069634,9073.386309837728,2133.9604290571347,7325.5039360125,-540.5356349303656,949,49,100
2026-02-05T15:19:13.530752,2214,9412.67047570894,9016.705462787417,2133.9604290571347,7278.710046651804,-587.3295242910608,949,49,100
2026-02-05T15:20:27.264099,2215,9414.040383495485,8999.702907141022,2133.9604290571347,7280.079954438351,-585.959616504515,949,49,100
2026-02-05T15:21:39.868308,2216,9350.866575285334,8936.395949320739,2133.9604290571347,7216.906146228199,-649.133424714666,949,49,100
2026-02-05T15:22:52.100395,2217,9325.562455365955,8923.054538884073,2133.9604290571347,7191.602026308819,-674.4375446340455,949,49,100
2026-02-05T15:24:04.963341,2218,9253.486637515654,8824.677899941616,2133.9604290571347,7119.52620845852,-746.5133624843456,949,49,100
2026-02-05T15:25:17.872386,2219,9336.27607503102,8926.473674040817,2133.9604290571347,7202.315645973886,-663.7239249689792,949,49,100
2026-02-05T15:26:31.699432,2220,9325.294457734008,8894.681388679111,2133.9604290571347,7191.3340286768735,-674.7055422659923,949,49,100
2026-02-05T15:27:49.546115,2221,9309.579524962464,8889.423847479613,2133.9604290571347,7175.619095905329,-690.4204750375357,949,49,100
2026-02-05T15:29:03.660024,2222,9266.647006188747,8839.650818267533,2133.9604290571347,7132.6865771316125,-733.3529938112533,949,49,100
2026-02-05T15:30:16.968328,2223,9280.659365924233,8853.272649384347,2133.9604290571347,7146.698936867099,-719.3406340757665,949,49,100
2026-02-05T15:31:29.692128,2224,9290.298963385701,8860.008308237118,2133.9604290571347,7156.338534328567,-709.7010366142986,949,49,100
2026-02-05T15:32:42.274688,2225,9260.92847003074,8824.595128024837,2133.9604290571347,7126.968040973605,-739.0715299692602,949,49,100
2026-02-05T15:33:56.611121,2226,9223.036657443181,8780.206629823007,2133.9604290571347,7089.076228386046,-776.963342556819,949,49,100
2026-02-05T15:35:09.706766,2227,9213.806143786094,8794.76043938932,2133.9604290571347,7079.845714728959,-786.1938562139057,949,49,100
2026-02-05T15:36:22.659124,2228,9230.05284525228,8801.762430271621,2133.9604290571347,7096.092416195145,-769.9471547477206,949,49,100
2026-02-05T15:37:35.738805,2229,9221.169587066903,8794.958507521487,2133.9604290571347,7087.209158009768,-778.8304129330973,949,49,100
2026-02-05T15:38:50.449354,2230,9233.877517383959,8802.539775674943,2133.9604290571347,7099.917088326824,-766.1224826160415,949,49,100
2026-02-05T15:40:08.452485,2231,9290.822950356298,8871.929881551589,2133.9604290571347,7156.862521299163,-709.177049643702,949,49,100
2026-02-05T15:41:22.604215,2232,9315.402676249387,8896.455879661102,2133.9604290571347,7181.442247192253,-684.5973237506132,949,49,100
2026-02-05T15:42:35.520146,2233,9359.91419832889,8946.989915118906,2133.9604290571347,7225.953769271756,-640.08580167111,949,49,100
2026-02-05T15:43:48.068180,2234,9349.751510925827,8923.236231487948,2133.9604290571347,7215.791081868692,-650.2484890741725,949,49,100
2026-02-05T15:45:04.281328,2235,9355.608400430798,8930.47829255572,2133.9604290571347,7221.647971373663,-644.3915995692023,949,49,100
2026-02-05T15:46:16.670840,2236,9323.265098455477,8879.763904269821,2133.9604290571347,7189.304669398342,-676.7349015445234,949,49,100
2026-02-05T15:47:30.629911,2237,9309.730352301462,8872.85655560626,2133.9604290571347,7175.7699232443265,-690.2696476985384,949,49,100
2026-02-05T15:48:42.937433,2238,9333.490470742567,8895.035845323646,2133.9604290571347,7199.5300416854325,-666.5095292574333,949,49,100
2026-02-05T15:49:55.171006,2239,9339.21685068971,8901.073606715943,2133.9604290571347,7205.256421632575,-660.7831493102894,949,49,100
2026-02-05T15:51:07.587730,2240,9421.60219655105,9004.606379946455,2133.9604290571347,7287.641767493916,-578.3978034489501,949,49,100
2026-02-05T15:52:25.103942,2241,9433.195674238355,9017.408948032655,2133.9604290571347,7299.23524518122,-566.8043257616446,949,49,100
2026-02-05T15:53:38.249082,2242,9441.264887520494,9014.674090264505,2133.9604290571347,7307.304458463359,-558.7351124795059,949,49,100
2026-02-05T15:54:50.671493,2243,9391.194602632799,8958.356484974873,2133.9604290571347,7257.234173575664,-608.8053973672013,949,49,100
2026-02-05T15:56:03.866743,2244,9383.985344393699,8942.91718345191,2133.9604290571347,7250.024915336565,-616.014655606301,949,49,100
2026-02-05T15:57:16.798590,2245,9328.783326907494,8894.744220982633,2133.9604290571347,7194.82289785036,-671.2166730925055,949,49,100
2026-02-05T15:58:30.088285,2246,9315.613466041506,8886.201006121995,2133.9604290571347,7181.653036984372,-684.3865339584936,949,49,100
2026-02-05T15:59:43.854791,2247,9322.67296926511,8898.568544319547,2133.9604290571347,7188.7125402079755,-677.3270307348903,949,49,100
2026-02-05T16:00:57.557210,2248,9304.877966593764,8886.021824186353,2133.9604290571347,7170.917537536629,-695.1220334062364,949,49,100
2026-02-05T16:02:11.275842,2249,9309.988305950023,8892.092347673437,2133.9604290571347,7176.027876892888,-690.0116940499775,949,49,100
2026-02-05T16:03:24.036145,2250,9288.682269499956,8855.995100429765,2133.1985633755353,7155.48370612442,-711.3177305000445,950,49,100
2026-02-05T16:04:42.307489,2251,9273.21826605096,8851.002937293611,2133.1985633755353,7140.019702675426,-726.7817339490393,950,49,100
2026-02-05T16:05:55.610808,2252,9274.94621555408,8849.678755797719,2133.1985633755353,7141.747652178545,-725.0537844459195,950,49,100
2026-02-05T16:07:08.077760,2253,9312.53294259467,8888.452659788509,2133.1985633755353,7179.3343792191345,-687.4670574053307,950,49,100
2026-02-05T16:08:20.774726,2254,9292.669169650755,8863.951385331142,2133.1985633755353,7159.470606275219,-707.3308303492449,950,49,100
2026-02-05T16:09:33.794847,2255,9278.598249685096,8845.808406242628,2133.1985633755353,7145.399686309561,-721.4017503149043,950,49,100
2026-02-05T16:10:46.406638,2256,9313.536644489675,8908.27619812862,2064.9362093475183,7248.600435142156,-686.4633555103246,951,49,100
2026-02-05T16:11:58.683934,2257,9286.63397217065,8870.361515930475,2064.9362093475183,7221.6977628231325,-713.3660278293501,951,49,100
2026-02-05T16:13:11.573396,2258,9280.440073571426,8857.177517329,2064.9362093475183,7215.503864223908,-719.5599264285738,951,49,100
2026-02-05T16:14:25.527100,2259,9267.480011654265,8836.330460942798,2064.9362093475183,7202.543802306746,-732.5199883457353,951,49,100
2026-02-05T16:15:38.896921,2260,9256.771558174907,8840.865876074964,2064.9362093475183,7191.835348827388,-743.2284418250929,951,49,100
2026-02-05T16:16:57.175275,2261,9288.55619026382,8879.1877050859,2064.9362093475183,7223.619980916302,-711.4438097361799,951,49,100
2026-02-05T16:18:09.814433,2262,9310.859306859253,8904.75969156112,2064.9362093475183,7245.923097511734,-689.1406931407473,951,49,100
2026-02-05T16:19:23.011682,2263,9311.46856093056,8903.4675482312,2051.1892406898223,7260.279320240737,-688.5314390694402,953,49,100
2026-02-05T16:20:36.871329,2264,9307.759556657202,8905.40444906026,2051.1892406898223,7256.57031596738,-692.2404433427982,953,49,100
2026-02-05T16:22:12.731845,2265,9320.518097339318,8909.205685868086,2051.1892406898223,7269.328856649497,-679.481902660682,953,49,100
2026-02-05T16:23:25.857457,2266,9335.436648337512,8933.865820716244,2051.1892406898223,7284.247407647689,-664.5633516624875,953,49,100
2026-02-05T16:24:39.240305,2267,9326.115297482418,8923.881533331132,2051.1892406898223,7274.926056792595,-673.8847025175819,953,49,100
2026-02-05T16:25:52.543347,2268,9403.206219857548,8999.016616775334,2051.1892406898223,7352.016979167726,-596.7937801424523,953,49,100
2026-02-05T16:27:32.661366,2269,9389.898801165002,8991.600456541866,2051.1892406898223,7338.709560475179,-610.1011988349983,953,49,100
2026-02-05T16:28:47.462744,2270,9396.785252379515,9002.999198550599,2051.1892406898223,7345.596011689694,-603.2147476204846,953,49,100
2026-02-05T16:30:06.718902,2271,9394.318133707044,8995.11976955225,2051.1892406898223,7343.128893017221,-605.6818662929563,953,49,100
2026-02-05T16:31:23.564303,2272,9402.52331568195,9003.738687003392,2051.1892406898223,7351.334074992128,-597.4766843180496,953,49,100
2026-02-05T16:32:37.718398,2273,9366.46826054616,8965.92343860532,2051.1892406898223,7315.279019856338,-633.5317394538397,953,49,100
2026-02-05T16:33:51.237280,2274,9363.656485318545,8962.626055092678,2051.1892406898223,7312.467244628723,-636.3435146814554,953,49,100
2026-02-05T16:35:04.130984,2275,9392.594032769826,8994.020790422861,2051.1892406898223,7341.404792080004,-607.4059672301737,953,49,100
2026-02-05T16:36:17.598917,2276,9394.34850400365,9007.581198213269,2051.1892406898223,7343.159263313827,-605.6514959963497,953,49,100
2026-02-05T16:37:46.107746,2277,9377.037805270642,8977.642330000072,2051.1892406898223,7325.84856458082,-622.9621947293581,953,49,100
2026-02-05T16:38:59.507275,2278,9365.754087854342,8970.94621707165,2051.1892406898223,7314.56484716452,-634.2459121456577,953,49,100
2026-02-05T16:40:20.281280,2279,9370.910695553423,8960.97255989437,2051.1892406898223,7319.721454863601,-629.0893044465774,953,49,100
2026-02-05T16:42:05.326074,2280,9338.462807904136,8934.225418556263,2051.1892406898223,7287.273567214314,-661.5371920958642,953,49,100
2026-02-05T16:43:23.303645,2281,9343.470257295794,8937.242995380286,2051.1892406898223,7292.281016605973,-656.529742704206,953,49,100
2026-02-05T16:44:35.935815,2282,9321.35923048166,8914.697674389978,2051.1892406898223,7270.169989791836,-678.6407695183407,953,49,100
2026-02-05T16:45:48.903561,2283,9309.691626365851,8907.15933333637,2051.1892406898223,7258.502385676029,-690.3083736341487,953,49,100
2026-02-05T16:47:02.181514,2284,9295.265362484559,8885.336948986367,2051.1892406898223,7244.076121794736,-704.7346375154411,953,49,100
2026-02-05T16:48:15.153735,2285,9285.230014557581,8870.762486182017,2051.1892406898223,7234.040773867759,-714.769985442419,953,49,100
2026-02-05T16:49:27.606808,2286,9294.128343825136,8892.2812710592,2049.5959108577304,7244.532432967406,-705.8716561748643,954,49,100
2026-02-05T16:50:40.536841,2287,9329.492299679374,8932.22903422516,2049.5959108577304,7279.896388821644,-670.5077003206261,954,49,100
2026-02-05T16:51:54.232129,2288,9366.475212655856,8972.464973961278,2049.5959108577304,7316.879301798125,-633.524787344144,954,49,100
2026-02-05T16:53:07.128038,2289,9390.704886623766,9017.012137912792,2049.5959108577304,7341.108975766036,-609.2951133762344,954,49,100
2026-02-05T16:54:19.216072,2290,9419.530123250513,9040.4424699574,2049.5959108577304,7369.934212392783,-580.4698767494865,954,49,100
2026-02-05T16:55:37.809795,2291,9394.708190418694,9013.605496243,2049.5959108577304,7345.1122795609635,-605.2918095813056,954,49,100
2026-02-05T16:56:50.144746,2292,9376.338558050327,8987.384748906425,2049.5959108577304,7326.742647192597,-623.6614419496727,954,49,100
2026-02-05T16:58:03.229599,2293,9364.136470860338,8979.525404284586,2049.5959108577304,7314.540560002608,-635.8635291396622,954,49,100
2026-02-05T16:59:16.283374,2294,9348.93233016156,8954.359660762908,2049.5959108577304,7299.33641930383,-651.0676698384395,954,49,100
2026-02-05T17:00:28.796162,2295,9388.121229579752,8978.565645529497,2049.5959108577304,7338.525318722021,-611.8787704202477,954,49,100
2026-02-05T17:01:42.329765,2296,9361.968420314486,8944.521918795357,1939.7605207439158,7422.20789957057,-638.0315796855139,959,49,100
2026-02-05T17:02:54.959205,2297,9317.176297393655,8915.92857314123,1930.0668354309275,7387.1094619627265,-682.8237026063453,961,49,100
2026-02-05T17:04:09.253223,2298,9299.229315136785,8904.014262062392,1926.7694071522694,7372.459907984515,-700.7706848632151,962,49,100
2026-02-05T17:05:22.376928,2299,9296.64961585309,8893.897194119401,1926.7694071522694,7369.880208700821,-703.3503841469101,962,49,100
2026-02-05T17:06:35.294694,2300,9302.797420845804,8904.92804607316,1926.7694071522694,7376.028013693534,-697.2025791541964,962,49,100
2026-02-05T17:08:12.279856,2301,9256.964990574956,8856.191374786944,1926.7694071522694,7330.1955834226865,-743.0350094250443,962,49,100
2026-02-05T17:09:26.034763,2302,9257.21643606024,8848.80429073594,1926.7694071522694,7330.447028907971,-742.7835639397599,962,49,100
2026-02-05T17:10:38.037621,2303,9218.813258852748,8806.042998447256,1926.7694071522694,7292.043851700478,-781.1867411472522,962,49,100
2026-02-05T17:11:50.774107,2304,9223.91141810993,8809.619187465241,1926.7694071522694,7297.142010957661,-776.0885818900697,962,49,100
2026-02-05T17:13:04.908348,2305,9204.786215217518,8790.334241031915,1926.7694071522694,7278.016808065249,-795.2137847824815,962,49,100
2026-02-05T17:14:17.388500,2306,9211.943264336025,8803.644385196769,1926.7694071522694,7285.173857183755,-788.0567356639749,962,49,100
2026-02-05T17:15:30.432737,2307,9211.408548296042,8793.504025924005,1926.7694071522694,7284.639141143773,-788.5914517039582,962,49,100
2026-02-05T17:16:44.243284,2308,9208.334881397548,8791.561523084683,1926.7694071522694,7281.565474245279,-791.6651186024519,962,49,100
2026-02-05T17:17:56.940936,2309,9196.576158486945,8779.000220188567,1926.7694071522694,7269.806751334676,-803.4238415130549,962,49,100
2026-02-05T17:19:09.222171,2310,9197.015029339638,8778.265538161872,1926.7694071522694,7270.245622187369,-802.9849706603618,962,49,100
2026-02-05T17:20:27.416557,2311,9178.840932060384,8759.298962726141,1926.7694071522694,7252.071524908114,-821.1590679396159,962,49,100
2026-02-05T17:21:56.274738,2312,9132.965656310715,8713.256484732245,1926.7694071522694,7206.196249158445,-867.0343436892854,962,49,100
2026-02-05T17:23:09.270643,2313,9189.022680715574,8764.41066489206,1926.7694071522694,7262.253273563304,-810.9773192844259,962,49,100
2026-02-05T17:24:22.372705,2314,9280.118400334473,8863.635622250513,1926.7694071522694,7353.348993182204,-719.8815996655267,962,49,100
2026-02-05T17:25:35.604700,2315,9302.941608478424,8908.093529562375,1783.831170904139,7519.110437574286,-697.0583915215757,965,49,100
2026-02-05T17:26:48.975554,2316,9314.160151298378,8915.525418742409,1783.831170904139,7530.328980394239,-685.839848701622,965,49,100
2026-02-05T17:28:02.726827,2317,9296.039812213488,8898.062979150858,1783.831170904139,7512.208641309349,-703.9601877865116,965,49,100
2026-02-05T17:29:30.120933,2318,9283.023294825125,8886.076097260306,1783.831170904139,7499.192123920986,-716.976705174875,965,49,100
2026-02-05T17:30:42.710638,2319,9300.203027706957,8899.74910915381,1783.831170904139,7516.371856802817,-699.7969722930429,965,49,100
2026-02-05T17:32:26.936627,2320,9206.790537736924,8800.737991447906,1783.831170904139,7422.959366832786,-793.2094622630757,965,49,100
2026-02-05T17:33:45.912353,2321,9215.175705161131,8804.04499213683,1783.831170904139,7431.344534256991,-784.8242948388688,965,49,100
2026-02-05T17:34:58.558090,2322,9220.924047223778,8815.814348654054,1726.7485734352067,7494.175473788571,-779.075952776222,966,49,100
2026-02-05T17:36:11.183572,2323,9211.336482675248,8816.052429212066,1726.7485734352067,7484.58790924004,-788.6635173247523,966,49,100
2026-02-05T17:37:24.969291,2324,9227.598688880602,8829.022776905935,1726.7485734352067,7500.850115445395,-772.4013111193981,966,49,100
2026-02-05T17:38:38.091106,2325,9224.608524424912,8830.935963343774,1671.49261908528,7553.115905339631,-775.3914755750884,967,49,100
2026-02-05T17:39:51.844819,2326,9231.187649907572,8828.775590526953,1671.49261908528,7559.695030822291,-768.8123500924285,967,49,100
2026-02-05T17:41:03.974745,2327,9282.428096861619,8883.686388215661,1671.49261908528,7610.935477776339,-717.5719031383815,967,49,100
2026-02-05T17:42:16.730089,2328,9263.462926390304,8859.159646254599,1671.49261908528,7591.970307305025,-736.5370736096957,967,49,100
2026-02-05T17:43:28.887085,2329,9236.374557571458,8834.871866986236,1671.49261908528,7564.881938486179,-763.6254424285416,967,49,100
2026-02-05T17:44:41.130237,2330,9224.29552525812,8825.340716177632,1671.49261908528,7552.802906172839,-775.7044747418804,967,49,100
2026-02-05T17:46:00.615832,2331,9237.233727333629,8853.276493661728,1671.49261908528,7565.741108248349,-762.7662726663712,967,49,100
2026-02-05T17:47:13.153085,2332,9247.291945000237,8865.863364073186,1671.49261908528,7575.799325914958,-752.7080549997627,967,49,100
2026-02-05T17:48:25.772237,2333,9242.347120538156,8839.976589157894,1671.49261908528,7570.854501452876,-757.6528794618443,967,49,100
2026-02-05T17:49:39.307241,2334,9196.19054362192,8798.709497693038,1616.4481974583678,7579.7423461635535,-803.8094563780796,969,49,100
2026-02-05T17:50:52.370865,2335,9206.194868948027,8816.226081095807,1615.0286787155696,7591.166190232457,-793.8051310519731,970,49,100
2026-02-05T17:52:05.306621,2336,9225.237885113911,8826.849618486174,1615.0286787155696,7610.209206398341,-774.762114886089,970,49,100
2026-02-05T17:53:18.083374,2337,9205.244653508293,8802.798668368217,1615.0286787155696,7590.215974792723,-794.7553464917073,970,49,100
2026-02-05T17:54:30.802416,2338,9191.615582282244,8797.908383026914,1615.0286787155696,7576.586903566674,-808.3844177177562,970,49,100
2026-02-05T17:55:44.198854,2339,9174.001471936615,8773.53902806417,1615.0286787155696,7558.972793221046,-825.9985280633846,970,49,100
2026-02-05T17:57:26.238052,2340,9166.805001860563,8770.221993723735,1615.0771589312653,7551.727842929297,-833.1949981394373,971,49,101
2026-02-05T17:58:45.766774,2341,9153.398010483364,8763.411322494214,1615.0771589312653,7538.3208515521,-846.6019895166355,971,49,101
2026-02-05T17:59:58.302525,2342,9155.061417624438,8752.920421447714,1615.0771589312653,7539.984258693173,-844.938582375562,971,49,101
2026-02-05T18:01:11.489280,2343,9159.807126547948,8759.132205617372,1615.0771589312653,7544.729967616682,-840.1928734520516,971,49,101
2026-02-05T18:02:26.212270,2344,9191.987343997875,8792.045581287526,1615.0771589312653,7576.910185066609,-808.0126560021254,971,49,101
2026-02-05T18:03:40.831427,2345,9133.510628510248,8729.635643498033,1615.0771589312653,7518.433469578982,-866.4893714897516,971,49,101
2026-02-05T18:04:53.906907,2346,9172.632090787984,8783.229555368203,1615.0771589312653,7557.554931856718,-827.3679092120165,971,49,101
2026-02-05T18:06:08.543778,2347,9159.8327109649,8757.883389484388,1615.0771589312653,7544.755552033635,-840.1672890351001,971,49,101
2026-02-05T18:07:23.273416,2348,9176.746945073013,8781.51146034565,1615.0771589312653,7561.669786141748,-823.2530549269868,971,49,101
2026-02-05T18:08:36.040577,2349,9172.189888609058,8768.947779460368,1615.0771589312653,7557.112729677793,-827.8101113909415,971,49,101
2026-02-05T18:09:49.184725,2350,9169.530185928917,8761.95502327433,1615.0771589312653,7554.453026997653,-830.4698140710825,971,49,101
2026-02-05T18:11:10.298061,2351,9169.692219522876,8767.03979418918,1615.0771589312653,7554.615060591611,-830.3077804771237,971,49,101
2026-02-05T18:12:23.480537,2352,9170.475905370906,8770.35584757946,1615.0771589312653,7555.39874643964,-829.5240946290942,971,49,101
2026-02-05T18:13:38.180280,2353,9173.097553201384,8773.728213784747,1615.0771589312653,7558.020394270118,-826.9024467986164,971,49,101
2026-02-05T18:14:51.276485,2354,9173.41794711939,8773.957126777708,1615.0771589312653,7558.340788188125,-826.5820528806107,971,49,101
2026-02-05T18:16:03.837835,2355,9180.013137856004,8785.383913037578,1615.0771589312653,7564.935978924737,-819.9868621439964,971,49,101
2026-02-05T18:17:19.638173,2356,9124.564991165873,8723.190734129143,1615.0771589312653,7509.4878322346085,-875.4350088341271,971,49,101
2026-02-05T18:18:33.506589,2357,9115.384451195681,8705.48561472206,1615.0771589312653,7500.307292264416,-884.6155488043187,971,49,101
2026-02-05T18:19:46.951963,2358,9120.891037556084,8715.480532453294,1556.913121471591,7563.977916084493,-879.1089624439155,973,49,101
2026-02-05T18:21:02.955448,2359,9092.263460760174,8683.448977450676,1556.913121471591,7535.350339288582,-907.736539239826,973,49,101
2026-02-05T18:22:38.447315,2360,9064.128616931906,8658.01316708424,1553.799295228648,7510.329321703258,-935.8713830680936,974,49,101
2026-02-05T18:23:58.072541,2361,9059.997368987619,8649.7459226479,1553.799295228648,7506.198073758971,-940.0026310123812,974,49,101
2026-02-05T18:25:11.965434,2362,9135.144115782208,8726.629806440644,1553.799295228648,7581.34482055356,-864.8558842177918,974,49,101
2026-02-05T18:26:25.673180,2363,9093.497743820206,8675.04559486548,1553.799295228648,7539.698448591557,-906.5022561797941,974,49,101
2026-02-05T18:27:38.596050,2364,9098.98165216161,8682.503561439325,1553.799295228648,7545.182356932963,-901.0183478383897,974,49,101
2026-02-05T18:28:53.026180,2365,9079.020603493034,8661.701486074353,1476.0998667936412,7602.920736699392,-920.9793965069657,977,49,101
2026-02-05T18:30:06.955198,2366,9095.683786268675,8684.517546870198,1476.0998667936412,7619.583919475034,-904.3162137313248,977,49,101
2026-02-05T18:31:22.902737,2367,9105.765114328144,8699.464612463607,1476.0998667936412,7629.665247534503,-894.2348856718563,977,49,101
2026-02-05T18:32:35.511536,2368,9085.452697194623,8674.972752225722,1476.0998667936412,7609.352830400982,-914.5473028053766,977,49,101
2026-02-05T18:33:50.139400,2369,9048.488645427475,8627.193152292914,1476.0998667936412,7572.388778633833,-951.5113545725253,977,49,101
2026-02-05T18:35:04.456728,2370,9052.292034947934,8633.069246036934,1476.0998667936412,7576.192168154293,-947.7079650520664,977,49,101
2026-02-05T18:36:22.795137,2371,9084.68231308243,8667.563148195415,1476.0998667936412,7608.582446288789,-915.3176869175695,977,49,101
2026-02-05T18:37:36.399830,2372,9084.294405759747,8650.84521379896,1476.0998667936412,7608.194538966106,-915.705594240253,977,49,101
2026-02-05T18:38:49.193186,2373,9050.427157111137,8621.113776204389,1476.0998667936412,7574.327290317495,-949.5728428888633,977,49,101
2026-02-05T18:40:03.294083,2374,9053.832673313796,8634.934817330626,1428.8646710562448,7624.968002257551,-946.1673266862035,978,49,101
2026-02-05T18:41:16.219114,2375,9076.716979049093,8657.888862870457,1428.8646710562448,7647.852307992849,-923.2830209509066,978,49,101
2026-02-05T18:42:30.020990,2376,9086.966401701253,8670.394430697595,1428.8646710562448,7658.101730645008,-913.0335982987472,978,49,101
2026-02-05T18:43:43.090715,2377,9083.858545482122,8645.653124874538,1428.8646710562448,7654.993874425878,-916.1414545178777,978,49,101
2026-02-05T18:44:56.397013,2378,9067.037444833817,8641.396256504702,1428.8833962749272,7638.154048558889,-932.9625551661829,979,49,102
2026-02-05T18:46:12.569964,2379,9094.006875235398,8663.683107215156,1428.890644605843,7665.1162306295555,-905.9931247646018,980,50,102
2026-02-05T18:47:34.205703,2380,9062.53009592519,8627.410993469155,1428.8934595326089,7633.636636392582,-937.4699040748092,981,50,103
2026-02-05T18:48:55.292330,2381,9069.837157684313,8640.72257624715,1428.8945479709585,7640.942609713355,-930.1628423156872,982,51,103
2026-02-05T18:50:09.177084,2382,9089.346485548609,8658.937262965135,1428.8945479709585,7660.451937577651,-910.653514451391,982,51,103
2026-02-05T18:51:38.245895,2383,9092.962079273,8658.923075773291,1428.8945479709585,7664.067531302041,-907.0379207269998,982,51,103
2026-02-05T18:52:51.880356,2384,9097.061273523514,8666.599880419322,1428.8945479709585,7668.166725552554,-902.9387264764864,982,51,103
2026-02-05T18:54:05.703083,2385,9143.326511265677,8715.298126384125,1428.8945479709585,7714.431963294718,-856.6734887343227,982,51,103
2026-02-05T18:55:18.611857,2386,9138.977059623812,8710.007424656098,1428.8945479709585,7710.082511652853,-861.0229403761878,982,51,103
2026-02-05T18:57:01.071693,2387,9198.392745047076,8780.055505393137,1428.8945479709585,7769.498197076118,-801.6072549529235,982,51,103
2026-02-05T18:58:15.715505,2388,9205.044730678888,8793.396258497387,1428.8945479709585,7776.15018270793,-794.9552693211117,982,51,103
2026-02-05T18:59:29.518584,2389,9209.472049203978,8802.173009302905,1428.8945479709585,7780.577501233019,-790.5279507960222,982,51,103
2026-02-05T19:00:42.091741,2390,9203.40417150459,8781.636147043446,1428.8945479709585,7774.509623533631,-796.5958284954104,982,51,103
2026-02-05T19:02:15.441080,2391,9190.860390021497,8764.272055917017,1428.8945479709585,7761.965842050538,-809.1396099785034,982,51,103
2026-02-05T19:03:29.804637,2392,9196.024550290927,8790.353033899062,1428.8945479709585,7767.130002319969,-803.9754497090726,982,51,103
2026-02-05T19:04:42.767983,2393,9179.827981000282,8753.500706812469,1428.8945479709585,7750.933433029324,-820.1720189997177,982,51,103
2026-02-05T19:05:55.751475,2394,9182.558649048855,8759.45593661358,1428.8945479709585,7753.664101077896,-817.4413509511451,982,51,103
2026-02-05T19:07:22.746138,2395,9165.045453521383,8752.611730491173,1428.8945479709585,7736.150905550425,-834.954546478617,982,51,103
2026-02-05T19:08:35.376398,2396,9144.721442604652,8726.937940214735,1428.8945479709585,7715.826894633694,-855.2785573953479,982,51,103
2026-02-05T19:09:47.875263,2397,9144.769053017248,8723.04593808624,1428.8945479709585,7715.874505046289,-855.2309469827524,982,51,103
2026-02-05T19:11:09.208561,2398,9137.595140829872,8715.768503393356,1428.8945479709585,7708.700592858913,-862.4048591701285,982,51,103
2026-02-05T19:12:23.978217,2399,9167.571071436341,8746.267651091852,1428.8945479709585,7738.676523465383,-832.4289285636587,982,51,103
2026-02-05T19:13:37.945586,2400,9167.354937514052,8743.194590486164,1428.8945479709585,7738.460389543094,-832.6450624859481,982,51,103
2026-02-05T19:14:57.029796,2401,9156.773269038622,8738.885145255032,1428.8945479709585,7727.878721067663,-843.226730961378,982,51,103
2026-02-05T19:16:10.090594,2402,9179.198101709158,8763.407493163128,1428.8945479709585,7750.303553738199,-820.8018982908416,982,51,103
2026-02-05T19:17:23.032079,2403,9184.497847674986,8777.6643366786,1428.8945479709585,7755.603299704027,-815.5021523250143,982,51,103
2026-02-05T19:18:37.099389,2404,9166.766932936951,8746.994662030284,1428.8945479709585,7737.872384965992,-833.233067063049,982,51,103
2026-02-05T19:19:49.935208,2405,9161.3443199871,8747.915442093115,1428.8945479709585,7732.449772016141,-838.6556800129001,982,51,103
2026-02-05T19:21:02.694176,2406,9154.633535770583,8730.16710160551,1428.8945479709585,7725.738987799624,-845.366464229417,982,51,103
2026-02-05T19:22:17.212583,2407,9126.788099681015,8713.856504683357,1386.0277115318297,7740.760388149184,-873.2119003189855,983,51,103
2026-02-05T19:23:43.010018,2408,9124.808986760823,8716.370826199283,1386.0277115318297,7738.781275228994,-875.1910132391768,983,51,103
2026-02-05T19:24:56.090805,2409,9097.487949175564,8690.429904983257,1344.4468801858748,7753.041068989689,-902.5120508244363,984,51,103
2026-02-05T19:26:08.333238,2410,9084.019890336005,8666.842331688009,1344.4468801858748,7739.57301015013,-915.9801096639949,984,51,103
2026-02-05T19:27:32.892957,2411,9095.164545873675,8689.004682776771,1344.4468801858748,7750.7176656878,-904.8354541263252,984,51,103
2026-02-05T19:28:45.547860,2412,9102.26466273583,8689.251694522654,1344.4468801858748,7757.817782549954,-897.7353372641701,984,51,103
2026-02-05T19:29:59.307245,2413,9094.179125604787,8689.64734679089,1344.4468801858748,7749.732245418912,-905.8208743952127,984,51,103
2026-02-05T19:31:16.402954,2414,9104.899576035865,8696.412147414307,1344.4468801858748,7760.45269584999,-895.1004239641352,984,51,103
2026-02-05T19:32:29.811686,2415,9134.661453869445,8723.595621989163,1344.4468801858748,7790.214573683569,-865.3385461305552,984,51,103
2026-02-05T19:33:42.340901,2416,9124.088170575465,8710.198931596105,1344.4468801858748,7779.64129038959,-875.9118294245345,984,51,103
2026-02-05T19:34:55.770644,2417,9125.219616974886,8714.038181793007,1344.4468801858748,7780.772736789012,-874.7803830251141,984,51,103
2026-02-05T19:36:08.572943,2418,9132.952947217798,8724.069834879881,1344.4468801858748,7788.5060670319235,-867.0470527822017,984,51,103
2026-02-05T19:37:24.714981,2419,9129.455692918636,8713.799144059976,1344.4468801858748,7785.008812732761,-870.5443070813635,984,51,103
2026-02-05T19:38:37.661254,2420,9123.864949167619,8719.511782245321,1285.8558851473745,7838.009064020244,-876.1350508323812,986,51,103
2026-02-05T19:39:56.620442,2421,9107.808202720007,8710.758465352876,1184.9086013953151,7922.8996013246915,-892.1917972799929,990,51,103
2026-02-05T19:41:14.063163,2422,9071.807863906311,8684.862012080443,1089.7025032573433,7982.105360648969,-928.1921360936885,995,51,103
2026-02-05T19:42:31.961133,2423,9061.17394433367,8686.87938662102,1023.1870624585151,8037.986881875155,-938.8260556663299,997,51,103
2026-02-05T19:43:45.283008,2424,9056.1183089739,8681.504290254716,990.4450764598427,8065.673232514058,-943.8816910260994,998,51,103
2026-02-05T19:44:57.961430,2425,9057.613014911969,8680.375555129005,990.4450764598427,8067.167938452127,-942.386985088031,998,51,103
2026-02-05T19:46:11.345222,2426,9044.969509855897,8670.917017607477,990.4450764598427,8054.5244333960545,-955.0304901441032,998,51,103
2026-02-05T19:47:24.589737,2427,9023.318188962876,8646.136452278402,990.4450764598427,8032.873112503034,-976.6818110371241,998,51,103
2026-02-05T19:48:38.127775,2428,9019.278518956706,8641.560861568634,990.4450764598427,8028.833442496863,-980.7214810432943,998,51,103
2026-02-05T19:49:51.580940,2429,9023.5980189605,8642.927536595489,990.4450764598427,8033.152942500657,-976.4019810395002,998,51,103
2026-02-05T19:51:04.475438,2430,9027.265114755459,8650.96562627419,990.4450764598427,8036.8200382956165,-972.7348852445411,998,51,103
2026-02-05T19:52:23.508936,2431,8991.443750871294,8604.585315319891,990.4450764598427,8000.998674411451,-1008.5562491287055,998,51,103
2026-02-05T19:53:36.480841,2432,8988.249122118817,8611.37893591142,990.4450764598427,7997.804045658975,-1011.7508778811825,998,51,103
2026-02-05T19:54:49.319562,2433,9017.056641793059,8629.543976395797,990.4450764598427,8026.611565333216,-982.9433582069414,998,51,103
2026-02-05T19:56:10.090346,2434,9006.224566014738,8628.780093814974,956.1991284917186,8050.025437523019,-993.7754339852618,1000,51,103
2026-02-05T19:57:24.468710,2435,8993.473498967036,8620.972520315318,924.7910140026289,8068.682484964407,-1006.526501032964,1002,51,103
2026-02-05T19:58:44.872863,2436,8979.205470673534,8611.823474210072,868.3417705079084,8110.863700165626,-1020.7945293264656,1004,51,103
2026-02-05T19:59:57.771128,2437,8977.648779814866,8619.643576534216,803.9234541924002,8173.725325622467,-1022.3512201851336,1007,51,103
2026-02-05T20:01:13.248597,2438,8981.385977744927,8631.987091959283,740.8107135014053,8240.575264243522,-1018.614022255073,1011,51,103
2026-02-05T20:02:35.645311,2439,9030.537883668729,8677.15959236885,684.4816380740625,8346.056245594666,-969.4621163312713,1015,51,103
2026-02-05T20:03:49.615122,2440,9002.288736673823,8651.099019539295,629.484294033028,8372.804442640796,-997.7112633261768,1020,51,103
2026-02-05T20:05:10.145284,2441,8983.542784706111,8636.807634536353,578.9059258758151,8404.636858830296,-1016.457215293889,1025,51,103
2026-02-05T20:06:38.273126,2442,8941.613281373195,8605.682278818182,532.3914737681301,8409.221807605065,-1058.3867186268053,1030,51,103
2026-02-05T20:07:51.662707,2443,8958.302508678773,8625.142584581226,489.6144065414254,8468.688102137348,-1041.697491321227,1035,51,103
2026-02-05T20:09:04.716762,2444,9003.174964930584,8675.198052150577,457.5829442313615,8545.592020699223,-996.8250350694161,1038,51,103
2026-02-05T20:10:18.167242,2445,8993.917400730596,8665.270919790539,457.5829442313615,8536.334456499235,-1006.0825992694045,1038,51,103
2026-02-05T20:11:38.752034,2446,8963.356291729393,8641.789501279765,457.5829442313615,8505.773347498032,-1036.643708270607,1038,51,103
2026-02-05T20:12:54.983517,2447,8954.199204270022,8623.848082113473,457.5829442313615,8496.616260038661,-1045.8007957299778,1038,51,103
2026-02-05T20:14:08.213069,2448,8933.737178955153,8605.21804762553,457.5829442313615,8476.154234723792,-1066.2628210448474,1038,51,103
2026-02-05T20:15:20.969315,2449,8901.251899869001,8580.786949081867,457.5829442313615,8443.66895563764,-1098.7481001309989,1038,51,103
2026-02-05T20:17:18.658535,2450,8830.959297455636,8506.19533657814,456.6677783428988,8374.291519112738,-1169.0407025443637,1039,51,103
2026-02-05T20:18:37.324684,2451,8829.439277099931,8504.212255983537,450.2744294460982,8379.164847653832,-1170.5607229000689,1040,51,103
2026-02-05T20:19:50.523030,2452,8814.92305068478,8487.707706179976,448.1731487753498,8366.74990190943,-1185.0769493152202,1041,51,103
2026-02-05T20:21:04.139227,2453,8784.765464717771,8470.363701781405,448.1731487753498,8336.592315942422,-1215.2345352822285,1041,51,103
2026-02-05T20:22:19.106514,2454,8730.548757145358,8424.364714317975,447.2768024777991,8283.271954667558,-1269.4512428546423,1042,51,103
2026-02-05T20:23:31.663768,2455,8687.957219843247,8397.387370746235,438.07894386747677,8249.87827597577,-1312.042780156753,1045,51,103
2026-02-05T20:24:44.568720,2456,8691.25445447771,8396.94272584659,437.2027859797418,8254.051668497968,-1308.7455455222898,1046,51,103
2026-02-05T20:25:58.937874,2457,8576.478908609028,8278.758286597078,436.32838040778233,8140.150528201245,-1423.5210913909723,1047,51,103
2026-02-05T20:27:15.471652,2458,8695.298957640432,8405.960699147507,436.32838040778233,8258.97057723265,-1304.7010423595675,1047,51,103
2026-02-05T20:28:36.300535,2459,8702.018362342233,8401.034582513017,436.32838040778233,8265.68998193445,-1297.9816376577674,1047,51,103
2026-02-05T20:29:49.429916,2460,8668.988197961604,8371.951233759562,436.32838040778233,8232.659817553822,-1331.0118020383961,1047,51,103
2026-02-05T20:31:08.226984,2461,8664.492591070053,8366.798326433644,436.32838040778233,8228.164210662271,-1335.507408929947,1047,51,103
2026-02-05T20:32:21.939714,2462,8633.324782462265,8337.1638564393,436.32838040778233,8196.996402054483,-1366.675217537735,1047,51,103
2026-02-05T20:33:34.733076,2463,8689.008835043302,8385.833032301585,436.32879212141887,8252.680042921882,-1310.9911649566984,1048,52,103
2026-02-05T20:34:49.316419,2464,8685.440932772464,8376.11581208339,436.32895149424274,8249.111981278222,-1314.5590672275357,1049,52,104
2026-02-05T20:36:03.169908,2465,8703.6723455254,8384.967964365329,436.32895149424274,8267.343394031157,-1296.3276544746004,1049,52,104
2026-02-05T20:37:20.164677,2466,8757.20260021226,8432.87904752154,436.32895149424274,8320.873648718018,-1242.7973997877398,1049,52,104
2026-02-05T20:38:35.119305,2467,8710.402989591277,8379.841736817078,436.32895149424274,8274.074038097035,-1289.5970104087228,1049,52,104
2026-02-05T20:39:57.106010,2468,8744.566209156883,8411.871814902994,436.32895149424274,8308.23725766264,-1255.433790843117,1049,52,104
2026-02-05T20:41:09.569887,2469,8834.90766084921,8492.723662728966,436.32895149424274,8398.578709354968,-1165.0923391507895,1049,52,104
2026-02-05T20:42:24.855978,2470,8811.436651223115,8473.249353507978,436.32895149424274,8375.107699728873,-1188.5633487768846,1049,52,104
2026-02-05T20:43:43.502327,2471,8806.862630626469,8468.418350968175,436.32895149424274,8370.533679132226,-1193.1373693735313,1049,52,104
2026-02-05T20:44:57.135237,2472,8779.163870607554,8450.009042996448,436.32895149424274,8342.834919113311,-1220.8361293924463,1049,52,104
2026-02-05T20:46:21.181440,2473,8767.521243804467,8446.047165183845,436.32895149424274,8331.192292310225,-1232.4787561955327,1049,52,104
2026-02-05T20:47:33.846120,2474,8723.767125893952,8390.31338919388,436.32895149424274,8287.43817439971,-1276.2328741060483,1049,52,104
2026-02-05T20:48:46.752670,2475,8729.348785831298,8390.134488626401,436.32895149424274,8293.019834337056,-1270.6512141687017,1049,52,104
2026-02-05T20:49:59.016780,2476,8685.609464017387,8367.261121875645,436.32895149424274,8249.280512523144,-1314.390535982613,1049,52,104
2026-02-05T20:51:11.953725,2477,8659.537722192917,8329.500835298237,436.32895149424274,8223.208770698675,-1340.4622778070825,1049,52,104
2026-02-05T20:52:26.598219,2478,8654.653677487579,8326.541430577052,434.29274972060296,8220.360927766975,-1345.3463225124215,1050,52,104
2026-02-05T20:53:39.551343,2479,8623.434018470332,8293.200408855817,433.42416422116173,8190.009854249171,-1376.5659815296676,1051,52,104
2026-02-05T20:54:52.589847,2480,8634.047922204307,8300.125155017718,430.53871508522,8203.509207119087,-1365.9520777956932,1053,52,104
2026-02-05T20:56:11.604565,2481,8649.611450340723,8316.737561590993,430.53871508522,8219.072735255502,-1350.3885496592775,1053,52,104
2026-02-05T20:57:24.160576,2482,8677.231400927965,8351.03179963559,429.6776376550496,8247.553763272916,-1322.7685990720347,1054,52,104
2026-02-05T20:58:40.304727,2483,8714.30819840629,8387.31588286979,429.6776376550496,8284.63056075124,-1285.69180159371,1054,52,104
2026-02-05T20:59:53.200882,2484,8702.859237299526,8382.691800587572,429.6776376550496,8273.181599644477,-1297.1407627004737,1054,52,104
2026-02-05T21:01:12.754561,2485,8753.408348160032,8439.465130959166,429.6776376550496,8323.730710504982,-1246.591651839968,1054,52,104
2026-02-05T21:02:27.492723,2486,8705.91356334906,8400.735119467286,429.6776376550496,8276.23592569401,-1294.0864366509395,1054,52,104
2026-02-05T21:03:39.862738,2487,8786.532834993957,8461.436158354454,429.6776376550496,8356.855197338908,-1213.4671650060427,1054,52,104
2026-02-05T21:04:53.591291,2488,8870.648586481975,8552.083009780392,429.6776376550496,8440.970948826925,-1129.3514135180249,1054,52,104
2026-02-05T21:06:09.952672,2489,8841.881982745268,8513.51611004066,429.6776376550496,8412.204345090218,-1158.118017254732,1054,52,104
2026-02-05T21:07:23.368889,2490,8793.712868799792,8463.161559300497,429.6776376550496,8364.035231144742,-1206.287131200208,1054,52,104
2026-02-05T21:08:42.663319,2491,8810.417684458445,8495.870341357557,429.6776376550496,8380.740046803396,-1189.5823155415546,1054,52,104
2026-02-05T21:09:56.115097,2492,8770.103387240839,8451.329860623318,429.6776376550496,8340.42574958579,-1229.8966127591611,1054,52,104
2026-02-05T21:11:10.251503,2493,8736.333455777452,8418.333700169824,429.6776376550496,8306.655818122403,-1263.6665442225476,1054,52,104
2026-02-05T21:12:24.585887,2494,8707.230639430541,8389.95496267893,429.6776376550496,8277.553001775492,-1292.7693605694585,1054,52,104
2026-02-05T21:13:38.999447,2495,8719.783386792558,8403.867413410684,429.6776376550496,8290.105749137509,-1280.2166132074417,1054,52,104
2026-02-05T21:14:51.968456,2496,8695.550387975607,8369.40719625777,429.6776376550496,8265.872750320557,-1304.449612024393,1054,52,104
2026-02-05T21:16:35.147797,2497,8673.477496952326,8357.384894005087,429.6776376550496,8243.799859297276,-1326.522503047674,1054,52,104
2026-02-05T21:17:47.587000,2498,8645.938871459062,8330.05299765313,429.6776376550496,8216.261233804013,-1354.0611285409377,1054,52,104
2026-02-05T21:19:16.536901,2499,8606.227515130866,8294.366819042303,429.6776376550496,8176.549877475817,-1393.7724848691341,1054,52,104
2026-02-05T21:20:36.200213,2500,8602.286845832876,8277.444219632343,429.6776376550496,8172.609208177827,-1397.7131541671242,1054,52,104
2026-02-05T21:22:18.239809,2501,8674.090075571894,8357.400470810602,429.6776376550496,8244.412437916844,-1325.909924428106,1054,52,104
2026-02-05T21:23:30.807361,2502,8719.854636027807,8387.684741870798,429.6776376550496,8290.176998372757,-1280.145363972193,1054,52,104
2026-02-05T21:24:43.622890,2503,8774.793473709384,8442.156340065103,429.6776376550496,8345.115836054334,-1225.2065262906162,1054,52,104
2026-02-05T21:26:13.468872,2504,8731.929176508444,8394.044923463453,429.6776376550496,8302.251538853394,-1268.0708234915564,1054,52,104
2026-02-05T21:27:26.327000,2505,8694.951200164514,8354.459488583085,429.6776376550496,8265.273562509465,-1305.0487998354856,1054,52,104
2026-02-05T21:28:40.795999,2506,8722.718646780639,8386.585864902761,429.6776376550496,8293.041009125589,-1277.2813532193613,1054,52,104
2026-02-05T21:29:52.880808,2507,8761.111780076077,8420.757022062056,429.6776376550496,8331.434142421027,-1238.8882199239233,1054,52,104
2026-02-05T21:31:31.931776,2508,8783.215329056562,8435.256979845733,429.6776376550496,8353.537691401512,-1216.784670943438,1054,52,104
2026-02-05T21:32:45.092409,2509,8793.459870738881,8450.362285547562,416.7873085253981,8376.672562213484,-1206.5401292611186,1055,52,104
2026-02-05T21:33:58.758616,2510,8763.102307894314,8415.871179934476,416.6408608147325,8346.461447079582,-1236.8976921056856,1056,52,104
2026-02-05T21:35:18.335466,2511,8733.590007291517,8387.407356488375,416.6408608147325,8316.949146476785,-1266.4099927084826,1056,52,104
2026-02-05T21:37:06.303546,2512,8696.337118891324,8355.410999327798,416.6408608147325,8279.696258076592,-1303.6628811086757,1056,52,104
2026-02-05T21:38:42.968759,2513,8707.624906513443,8364.781191023858,416.6408608147325,8290.984045698711,-1292.3750934865566,1056,52,104
2026-02-05T21:39:55.018156,2514,8719.680438459924,8382.839455325464,416.6408608147325,8303.039577645191,-1280.3195615400764,1056,52,104
2026-02-05T21:41:12.163946,2515,8742.186227524144,8394.453260032982,416.6408608147325,8325.545366709412,-1257.8137724758562,1056,52,104
2026-02-05T21:42:41.913304,2516,8758.247774798809,8416.635914790662,416.6408608147325,8341.606913984077,-1241.7522252011913,1056,52,104
2026-02-05T21:43:54.172907,2517,8731.845528604419,8383.078190186281,416.6408608147325,8315.204667789687,-1268.154471395581,1056,52,104
2026-02-05T21:45:08.187148,2518,8692.510824290095,8350.988323395792,416.6408608147325,8275.869963475363,-1307.4891757099049,1056,52,104
2026-02-05T21:46:20.947118,2519,8699.199599550055,8358.275825486111,416.6408608147325,8282.558738735323,-1300.8004004499453,1056,52,104
2026-02-05T21:47:34.782516,2520,8735.274560727441,8389.591890448419,416.6408608147325,8318.633699912709,-1264.725439272559,1056,52,104
2026-02-05T21:48:54.023322,2521,8730.643533442571,8385.61906717435,416.6408608147325,8314.00267262784,-1269.3564665574286,1056,52,104
2026-02-05T21:50:08.555704,2522,8685.818355333378,8340.37201578976,416.6408608147325,8269.177494518646,-1314.1816446666217,1056,52,104
2026-02-05T21:51:23.035615,2523,8678.437127512138,8334.084810310396,416.6408608147325,8261.796266697405,-1321.5628724878625,1056,52,104
2026-02-05T21:52:36.665096,2524,8672.16992446476,8323.721398332451,416.6408608147325,8255.529063650029,-1327.8300755352393,1056,52,104
2026-02-05T21:53:51.647929,2525,8646.237210824433,8299.676375273919,416.6408608147325,8229.5963500097,-1353.7627891755674,1056,52,104
2026-02-05T21:55:05.232038,2526,8656.839559191194,8315.269431441468,416.6408608147325,8240.198698376462,-1343.160440808806,1056,52,104
2026-02-05T21:56:24.729693,2527,8651.924370002416,8301.873976846204,416.6408608147325,8235.283509187684,-1348.0756299975837,1056,52,104
2026-02-05T21:57:37.348264,2528,8645.914498213671,8300.629595579652,416.6408608147325,8229.27363739894,-1354.0855017863287,1056,52,104
2026-02-05T21:58:57.274276,2529,8669.025209987736,8321.23243919761,416.6408608147325,8252.384349173004,-1330.9747900122638,1056,52,104
2026-02-05T22:00:12.091740,2530,8681.997251356706,8333.881087095317,416.6408608147325,8265.356390541974,-1318.0027486432937,1056,52,104
2026-02-05T22:01:29.985757,2531,8706.937345460305,8347.144554928072,416.6408608147325,8290.296484645572,-1293.0626545396954,1056,52,104
2026-02-05T22:02:42.602590,2532,8689.45677601421,8337.086086168607,416.6408608147325,8272.815915199479,-1310.5432239857892,1056,52,104
2026-02-05T22:03:55.004178,2533,8724.234940376458,8362.121543952937,416.6408608147325,8307.594079561726,-1275.7650596235417,1056,52,104
2026-02-05T22:05:09.791519,2534,8701.82000516289,8353.60492582375,416.6408608147325,8285.179144348158,-1298.17999483711,1056,52,104
2026-02-05T22:06:23.032532,2535,8688.213595499474,8334.471945139343,416.6408608147325,8271.572734684742,-1311.7864045005263,1056,52,104
2026-02-05T22:07:35.480461,2536,8675.608232207684,8320.707604352656,416.6408608147325,8258.967371392951,-1324.3917677923164,1056,52,104
2026-02-05T22:08:47.897720,2537,8668.078401942357,8322.281000468141,416.6408608147325,8251.437541127625,-1331.9215980576428,1056,52,104
2026-02-05T22:10:00.347450,2538,8768.891411566969,8412.596715015743,416.6408608147325,8352.250550752236,-1231.1085884330314,1056,52,104
2026-02-05T22:11:14.695243,2539,8741.765331510373,8380.679287906842,416.6408608147325,8325.12447069564,-1258.2346684896274,1056,52,104
2026-02-05T22:12:29.015076,2540,8826.782817541307,8382.510309741821,1245.0215322855506,7581.761285255756,-1173.217182458693,1057,52,105
2026-02-05T22:13:48.822524,2541,8840.695192109815,8379.417847755212,1421.8066485332035,7418.888543576612,-1159.3048078901847,1059,52,107
2026-02-05T22:15:02.627911,2542,8840.001484672819,8380.768311837268,1421.8066485332035,7418.194836139615,-1159.998515327181,1059,52,107
2026-02-05T22:16:15.437023,2543,8807.539027673929,8349.812109200304,1421.8066485332035,7385.732379140725,-1192.460972326071,1059,52,107
2026-02-05T22:17:27.559298,2544,8775.529778820557,8304.862176730017,1421.8066485332035,7353.723130287354,-1224.470221179443,1059,52,107
2026-02-05T22:18:41.265180,2545,8734.688981374207,8258.42363369692,1421.8066485332035,7312.882332841004,-1265.3110186257927,1059,52,107
2026-02-05T22:19:53.486767,2546,8750.562915763643,8279.008527523602,1421.8066485332035,7328.75626723044,-1249.437084236357,1059,52,107
2026-02-05T22:21:07.071932,2547,8739.34064240152,8265.60084886393,1421.8066485332035,7317.533993868316,-1260.6593575984807,1059,52,107
2026-02-05T22:22:21.332120,2548,8740.260801959106,8261.769414257675,1421.8066485332035,7318.454153425903,-1259.7391980408938,1059,52,107
2026-02-05T22:23:33.854329,2549,8729.737376869616,8257.313517853663,1350.7913779051305,7378.9459989644865,-1270.2626231303839,1063,52,107
2026-02-05T22:24:46.445180,2550,8707.869374072678,8256.700182352613,1292.6666961588605,7415.202677913818,-1292.1306259273224,1066,52,107
2026-02-05T22:26:09.560499,2551,8714.570024796672,8273.189607450826,1226.4558813874644,7488.114143409209,-1285.4299752033276,1071,52,107
2026-02-05T22:27:23.224173,2552,8725.572411605226,8286.710958975424,1198.9167619428956,7526.65564966233,-1274.427588394774,1075,52,107
2026-02-05T22:28:35.869310,2553,8789.536021605149,8387.23490098546,1096.7784355305153,7692.757586074633,-1210.4639783948514,1081,52,107
2026-02-05T22:29:52.370696,2554,8865.369231969604,8463.115563647205,1011.2904967648665,7854.078735204737,-1134.6307680303962,1086,52,107
2026-02-05T22:31:15.202944,2555,8862.116702460205,8458.298952631249,847.8217462421627,8014.294956218042,-1137.8832975397945,1092,52,107
2026-02-05T22:32:31.997990,2556,8813.614153925824,8416.15786670836,715.4395644354901,8098.174589490334,-1186.3858460741758,1097,52,107
2026-02-05T22:33:45.580601,2557,8803.904241836726,8405.157602614412,715.4395644354901,8088.464677401236,-1196.0957581632738,1097,52,107
2026-02-05T22:34:58.846445,2558,8807.676918385358,8417.028971540534,715.4395644354901,8092.237353949867,-1192.3230816146424,1097,52,107
2026-02-05T22:36:11.492947,2559,8811.340009813192,8424.049488360837,715.4395644354901,8095.9004453777015,-1188.6599901868085,1097,52,107
2026-02-05T22:37:24.182629,2560,8807.4997994002,8428.340928587688,623.6377071674217,8183.862092232778,-1192.5002005997994,1101,52,107
2026-02-05T22:38:44.508775,2561,8814.31641388093,8423.747636235405,623.6377071674217,8190.678706713507,-1185.6835861190702,1101,52,107
2026-02-05T22:39:57.295095,2562,8812.781967697769,8421.863458122158,623.6377071674217,8189.144260530346,-1187.2180323022312,1101,52,107
2026-02-05T22:41:10.401196,2563,8806.580081467411,8418.966830903995,623.6377071674217,8182.94237429999,-1193.4199185325888,1101,52,107
2026-02-05T22:42:24.219143,2564,8820.161040372484,8440.66540054557,623.6377071674217,8196.523333205063,-1179.8389596275156,1101,52,107
2026-02-05T22:43:37.436017,2565,8811.343786024336,8433.591989510664,623.6377071674217,8187.706078856913,-1188.6562139756643,1101,52,107
2026-02-05T22:44:50.151902,2566,8833.812755170242,8449.118857541129,623.6377071674217,8210.17504800282,-1166.1872448297581,1101,52,107
2026-02-05T22:46:03.729067,2567,8851.022761285427,8467.280534459427,623.6377071674217,8227.385054118005,-1148.977238714573,1101,52,107
2026-02-05T22:47:20.116039,2568,8851.705914467582,8444.867271380957,623.6377071674217,8228.06820730016,-1148.2940855324177,1101,52,107
2026-02-05T22:48:33.696371,2569,8854.690427980358,8447.252288483995,623.6377071674217,8231.052720812937,-1145.3095720196416,1101,52,107
2026-02-05T22:49:47.957918,2570,8850.337204906218,8459.565394214467,623.6377071674217,8226.699497738797,-1149.6627950937818,1101,52,107
2026-02-05T22:51:09.896445,2571,8861.741878833174,8464.44246177031,623.6377071674217,8238.104171665753,-1138.2581211668257,1101,52,107
2026-02-05T22:52:22.561107,2572,8887.728034231039,8494.373331503668,623.6377071674217,8264.090327063617,-1112.2719657689613,1101,52,107
2026-02-05T22:53:36.781153,2573,8887.966832940914,8503.288046313555,623.6377071674217,8264.329125773493,-1112.0331670590858,1101,52,107
2026-02-05T22:54:50.628383,2574,8887.01802521033,8503.597669230494,623.6377071674217,8263.380318042908,-1112.9819747896709,1101,52,107
2026-02-05T22:56:04.471589,2575,8863.725533496461,8466.145567755784,623.6377071674217,8240.08782632904,-1136.2744665035389,1101,52,107
2026-02-05T22:57:18.922019,2576,8863.416175038059,8484.673345469182,623.6377071674217,8239.778467870638,-1136.583824961941,1101,52,107
2026-02-05T22:58:34.435359,2577,8860.273075942734,8473.773503315726,623.6377071674217,8236.635368775313,-1139.726924057266,1101,52,107
2026-02-05T22:59:48.536850,2578,8852.137622605025,8462.49994163944,623.6377071674217,8228.499915437604,-1147.8623773949748,1101,52,107
2026-02-05T23:01:01.553240,2579,8849.475581898438,8456.878584639511,623.6377071674217,8225.837874731016,-1150.5244181015623,1101,52,107
2026-02-05T23:02:14.387404,2580,8829.572270985442,8448.240171203439,623.6377071674217,8205.93456381802,-1170.4277290145583,1101,52,107
2026-02-05T23:03:33.209593,2581,8883.221404846528,8503.399559705511,623.6377071674217,8259.583697679107,-1116.7785951534715,1101,52,107
2026-02-05T23:04:45.996472,2582,8925.351661991439,8557.539893514777,623.6377071674217,8301.713954824017,-1074.648338008561,1101,52,107
2026-02-05T23:05:58.085172,2583,8975.547991189025,8576.585676107477,623.6377071674217,8351.910284021604,-1024.4520088109748,1101,52,107
2026-02-05T23:07:11.827190,2584,8975.762436273912,8580.30978520953,623.6377071674217,8352.12472910649,-1024.2375637260884,1101,52,107
2026-02-05T23:08:24.561973,2585,8954.42208501078,8561.30064942309,623.6377071674217,8330.784377843358,-1045.5779149892205,1101,52,107
2026-02-05T23:09:36.998022,2586,8951.920525030664,8569.820622606048,623.6377071674217,8328.282817863243,-1048.079474969336,1101,52,107
2026-02-05T23:10:48.927709,2587,8981.9919345166,8604.72480871954,623.6377071674217,8358.354227349178,-1018.0080654834001,1101,52,107
2026-02-05T23:12:01.696949,2588,8983.127987954258,8598.680351209341,623.6377071674217,8359.490280786837,-1016.8720120457419,1101,52,107
2026-02-05T23:13:14.359258,2589,8985.704872037903,8601.591135664903,623.6377071674217,8362.067164870481,-1014.2951279620975,1101,52,107
2026-02-05T23:14:27.305287,2590,8976.915304440643,8590.671235463551,623.6377071674217,8353.277597273222,-1023.084695559357,1101,52,107
2026-02-05T23:15:45.447228,2591,8969.866331108282,8595.585675172562,623.6377071674217,8346.22862394086,-1030.1336688917181,1101,52,107
2026-02-05T23:16:57.947303,2592,8934.195966552017,8556.30029401955,623.6377071674217,8310.558259384596,-1065.8040334479829,1101,52,107
2026-02-05T23:18:11.881036,2593,8947.875412878459,8569.096640614222,623.6377071674217,8324.237705711037,-1052.1245871215415,1101,52,107
2026-02-05T23:19:24.961750,2594,8933.517774974627,8551.898370640349,623.6377071674217,8309.880067807206,-1066.4822250253728,1101,52,107
2026-02-05T23:20:39.179573,2595,8894.340793072577,8511.793918568914,623.6377071674217,8270.703085905156,-1105.659206927423,1101,52,107
2026-02-05T23:21:53.028236,2596,8875.805146425366,8492.057703230948,623.6377071674217,8252.167439257944,-1124.1948535746342,1101,52,107
2026-02-05T23:23:05.314860,2597,8864.555499708458,8479.624102370028,623.6377071674217,8240.917792541037,-1135.4445002915418,1101,52,107
2026-02-05T23:24:19.283801,2598,8865.314028431152,8483.7272443447,623.6377071674217,8241.67632126373,-1134.685971568848,1101,52,107
2026-02-05T23:25:32.845502,2599,8865.300374716464,8483.345326333589,623.6377071674217,8241.662667549042,-1134.699625283536,1101,52,107
2026-02-05T23:27:22.658114,2600,8879.49564711251,8497.047012331574,623.6377071674217,8255.857939945088,-1120.5043528874903,1101,52,107
2026-02-05T23:28:41.164333,2601,8880.429402358184,8503.187517346534,623.6377071674217,8256.791695190763,-1119.5705976418158,1101,52,107
2026-02-05T23:29:54.141165,2602,8899.823181945769,8519.804469771305,623.6377071674217,8276.185474778347,-1100.1768180542313,1101,52,107
2026-02-05T23:31:07.786311,2603,8897.370027867624,8515.176033720425,623.6377071674217,8273.732320700203,-1102.6299721323758,1101,52,107
2026-02-05T23:32:21.096914,2604,8910.958838852695,8533.137920805853,623.6377071674217,8287.321131685274,-1089.0411611473046,1101,52,107
2026-02-05T23:33:33.712847,2605,8886.5964201081,8499.965500885071,623.6377071674217,8262.95871294068,-1113.4035798918994,1101,52,107
2026-02-05T23:34:47.329627,2606,8873.554753221331,8476.01018029056,604.928575952399,8268.626177268932,-1126.4452467786687,1102,52,107
2026-02-05T23:36:00.129103,2607,8813.428121638854,8424.476503963084,586.780718673827,8226.647402965027,-1186.5718783611464,1103,52,107
2026-02-05T23:37:25.079885,2608,8802.282990343288,8410.836778322086,586.780718673827,8215.502271669462,-1197.7170096567115,1103,52,107
2026-02-05T23:38:40.108108,2609,8820.299204523952,8426.00161853972,586.780718673827,8233.518485850125,-1179.7007954760484,1103,52,107
2026-02-05T23:39:53.613529,2610,8816.956145108075,8422.600556621694,586.780718673827,8230.175426434249,-1183.0438548919246,1103,52,107
2026-02-05T23:41:17.503865,2611,8798.634681514559,8408.551751392979,586.780718673827,8211.853962840732,-1201.365318485441,1103,52,107
2026-02-05T23:42:31.944950,2612,8769.660079838024,8380.313737657165,586.780718673827,8182.879361164197,-1230.339920161976,1103,52,107
2026-02-05T23:43:45.128804,2613,8782.844431724447,8394.082314844181,586.780718673827,8196.06371305062,-1217.1555682755534,1103,52,107
2026-02-05T23:44:57.603733,2614,8770.57772609143,8381.807786111376,586.780718673827,8183.797007417602,-1229.4222739085708,1103,52,107
2026-02-05T23:46:10.412256,2615,8777.1653556222,8385.40036002934,586.780718673827,8190.384636948374,-1222.8346443777991,1103,52,107
2026-02-05T23:47:24.392526,2616,8789.7972992411,8399.34348661276,586.780718673827,8203.016580567273,-1210.2027007589004,1103,52,107
2026-02-05T23:48:37.095632,2617,8770.669424277998,8384.053504387452,586.780718673827,8183.88870560417,-1229.3305757220023,1103,52,107
2026-02-05T23:49:49.826583,2618,8782.356902428213,8394.17278232411,586.780718673827,8195.576183754387,-1217.6430975717867,1103,52,107
2026-02-05T23:51:03.194944,2619,8772.814860205772,8380.92689236488,586.780718673827,8186.034141531944,-1227.1851397942282,1103,52,107
2026-02-05T23:52:16.931434,2620,8749.1538186112,8357.215077709649,586.780718673827,8162.373099937372,-1250.8461813888007,1103,52,107
2026-02-05T23:53:34.146235,2621,8690.521529472906,8299.679261479461,586.780718673827,8103.74081079908,-1309.478470527094,1103,52,107
2026-02-05T23:54:48.832562,2622,8692.740542895126,8304.186740849469,586.780718673827,8105.959824221299,-1307.259457104874,1103,52,107
2026-02-05T23:56:02.110574,2623,8706.392208703232,8318.454565043457,586.780718673827,8119.611490029404,-1293.6077912967685,1103,52,107
2026-02-05T23:57:15.334075,2624,8721.51087542219,8331.259244624915,586.780718673827,8134.730156748362,-1278.4891245778108,1103,52,107
2026-02-05T23:58:27.786256,2625,8713.099832590144,8313.74785816507,586.780718673827,8126.319113916317,-1286.9001674098563,1103,52,107
2026-02-05T23:59:40.604327,2626,8701.402552996327,8308.869660225126,586.780718673827,8114.6218343225,-1298.5974470036726,1103,52,107
2026-02-06T00:00:53.217204,2627,8717.40887554624,8333.076509332357,586.780718673827,8130.6281568724135,-1282.5911244537601,1103,52,107
2026-02-06T00:02:05.683232,2628,8703.67774504776,8306.365863761794,586.780718673827,8116.897026373934,-1296.3222549522397,1103,52,107
2026-02-06T00:03:17.723769,2629,8635.579180223529,8237.916227397509,586.780718673827,8048.798461549703,-1364.420819776471,1103,52,107
2026-02-06T00:04:31.698200,2630,8676.86390954514,8269.937039099234,586.780718673827,8090.0831908713135,-1323.13609045486,1103,52,107
2026-02-06T00:05:49.243030,2631,8588.554793652622,8189.158818210317,586.780718673827,8001.774074978795,-1411.4452063473782,1103,52,107
2026-02-06T00:07:21.464566,2632,8615.215772379517,8211.546742894227,586.780718673827,8028.43505370569,-1384.7842276204829,1103,52,107
2026-02-06T00:08:34.386281,2633,8594.416390359813,8192.571656009415,586.780718673827,8007.635671685986,-1405.5836096401872,1103,52,107
2026-02-06T00:09:47.750585,2634,8538.462252917088,8159.55054638282,586.780718673827,7951.681534243262,-1461.5377470829117,1103,52,107
2026-02-06T00:11:14.796886,2635,8521.037294275926,8117.821830417789,586.780718673827,7934.2565756020995,-1478.962705724074,1103,52,107
2026-02-06T00:12:29.189167,2636,8485.28010579882,8100.97127091199,586.780718673827,7898.4993871249935,-1514.71989420118,1103,52,107
2026-02-06T00:13:42.225623,2637,8331.082189863348,7976.627149897002,586.780718673827,7744.30147118952,-1668.9178101366524,1103,52,107
2026-02-06T00:14:57.933133,2638,8139.797754962237,7838.038978880758,586.780718673827,7553.01703628841,-1860.2022450377626,1103,52,107
2026-02-06T00:16:11.953681,2639,8195.434873579963,7882.666397371746,586.780718673827,7608.654154906137,-1804.565126420037,1103,52,107
2026-02-06T00:17:26.281026,2640,8269.16258117829,7950.862164774707,586.780718673827,7682.381862504463,-1730.8374188217094,1103,52,107
2026-02-06T00:18:44.877539,2641,8158.680868913283,7830.69831386984,586.780718673827,7571.900150239456,-1841.3191310867169,1103,52,107
2026-02-06T00:19:58.361918,2642,7929.330090492296,7668.9774730563795,586.780718673827,7342.549371818469,-2070.669909507704,1103,52,107
2026-02-06T00:21:11.225431,2643,7951.563722593861,7718.7085312945155,586.780718673827,7364.7830039200335,-2048.436277406139,1103,52,107
2026-02-06T00:22:24.136564,2644,8096.539699192569,7811.738072246548,586.780718673827,7509.758980518742,-1903.460300807431,1103,52,107
2026-02-06T00:23:37.305192,2645,8120.442327469577,7829.100712507425,586.780718673827,7533.66160879575,-1879.5576725304227,1103,52,107
2026-02-06T00:24:50.446811,2646,8130.155064564702,7847.6751248715545,586.780718673827,7543.374345890875,-1869.8449354352979,1103,52,107
2026-02-06T00:26:02.796383,2647,8140.650984961025,7873.61870422308,586.780718673827,7553.870266287197,-1859.3490150389753,1103,52,107
2026-02-06T00:27:31.531286,2648,8205.75049253597,7937.997754413229,586.780718673827,7618.969773862143,-1794.24950746403,1103,52,107
2026-02-06T00:28:43.730835,2649,8153.77530709188,7897.535545940174,586.780718673827,7566.994588418052,-1846.2246929081202,1103,52,107
2026-02-06T00:29:56.684377,2650,8211.92658107665,7928.521510330645,586.780718673827,7625.145862402823,-1788.07341892335,1103,52,107
2026-02-06T00:31:17.311662,2651,8272.529081463537,7992.304811178187,586.780718673827,7685.74836278971,-1727.4709185364627,1103,52,107
2026-02-06T00:32:30.248300,2652,8247.214569914058,7966.759276354924,586.780718673827,7660.433851240232,-1752.7854300859417,1103,52,107
2026-02-06T00:33:43.197097,2653,8331.284375608078,8033.285395520972,586.780718673827,7744.503656934252,-1668.7156243919217,1103,52,107
2026-02-06T00:34:56.805652,2654,8406.05372280992,8121.857003381138,586.780718673827,7819.273004136093,-1593.9462771900799,1103,52,107
2026-02-06T00:36:10.909526,2655,8457.969067137297,8155.806167397179,586.780718673827,7871.18834846347,-1542.0309328627027,1103,52,107
2026-02-06T00:37:23.859632,2656,8480.866354458154,8182.017976334784,586.780718673827,7894.085635784327,-1519.133645541846,1103,52,107
2026-02-06T00:38:37.340510,2657,8525.757028785863,8226.587060744361,586.780718673827,7938.976310112037,-1474.2429712141366,1103,52,107
2026-02-06T00:39:52.103767,2658,8599.25918224913,8292.310957551595,586.780718673827,8012.478463575304,-1400.7408177508696,1103,52,107
2026-02-06T00:41:05.240394,2659,8567.835216228827,8255.487318944288,586.780718673827,7981.054497554999,-1432.1647837711735,1103,52,107
2026-02-06T00:42:35.924189,2660,8552.382783246161,8245.480163143695,586.780718673827,7965.602064572334,-1447.6172167538389,1103,52,107
2026-02-06T00:43:56.082870,2661,8557.78075071622,8248.026333019394,586.780718673827,7971.000032042393,-1442.2192492837803,1103,52,107
2026-02-06T00:45:10.168737,2662,8604.697714021371,8297.809043255844,586.780718673827,8017.916995347545,-1395.3022859786288,1103,52,107
2026-02-06T00:46:53.728123,2663,8638.828301968006,8328.802013777184,586.780718673827,8052.047583294178,-1361.1716980319943,1103,52,107
2026-02-06T00:48:07.920926,2664,8615.305262708664,8287.500954946767,586.780718673827,8028.524544034836,-1384.6947372913364,1103,52,107
2026-02-06T00:49:22.274363,2665,8552.927515484793,8238.128969799562,586.780718673827,7966.1467968109655,-1447.0724845152072,1103,52,107
2026-02-06T00:50:35.103378,2666,8626.605779910109,8316.233781297356,586.780718673827,8039.825061236282,-1373.394220089891,1103,52,107
2026-02-06T00:52:20.301977,2667,8652.44267070844,8343.563613678854,586.780718673827,8065.661952034613,-1347.5573292915597,1103,52,107
2026-02-06T00:53:50.517475,2668,8653.569073547416,8365.36074011368,586.780718673827,8066.78835487359,-1346.4309264525837,1103,52,107
2026-02-06T00:55:03.270204,2669,8687.759249099316,8388.927407385081,586.780718673827,8100.978530425488,-1312.2407509006844,1103,52,107
2026-02-06T00:56:16.814704,2670,8645.953318119848,8328.003470180643,586.780718673827,8059.17259944602,-1354.0466818801524,1103,52,107
2026-02-06T00:57:35.756705,2671,8623.543443510902,8306.086882865908,586.780718673827,8036.762724837075,-1376.4565564890981,1103,52,107
2026-02-06T00:58:49.030540,2672,8599.785229852883,8302.734789867598,586.780718673827,8013.004511179056,-1400.2147701471167,1103,52,107
2026-02-06T01:00:04.013073,2673,8612.574347544996,8315.31543691056,586.780718673827,8025.793628871169,-1387.4256524550037,1103,52,107
2026-02-06T01:01:22.189498,2674,8661.343945724266,8355.711696947297,586.780718673827,8074.563227050439,-1338.6560542757343,1103,52,107
2026-02-06T01:02:47.167223,2675,8639.17452545206,8346.466327113856,586.780718673827,8052.393806778232,-1360.8254745479408,1103,52,107
2026-02-06T01:03:59.985981,2676,8618.270510114651,8341.237487569204,586.780718673827,8031.489791440825,-1381.7294898853488,1103,52,107
2026-02-06T01:05:13.513914,2677,8700.161514666155,8411.527005990829,586.780718673827,8113.380795992328,-1299.8384853338448,1103,52,107
2026-02-06T01:06:49.217396,2678,8644.4142818144,8353.603122340537,586.780718673827,8057.633563140572,-1355.5857181856009,1103,52,107
2026-02-06T01:08:02.982556,2679,8695.226378666992,8402.222547114698,586.780718673827,8108.445659993165,-1304.7736213330081,1103,52,107
2026-02-06T01:09:16.326217,2680,8716.45761786925,8432.298873760836,586.780718673827,8129.676899195423,-1283.5423821307504,1103,52,107
2026-02-06T01:10:41.100784,2681,8740.638092793071,8456.451411232083,586.780718673827,8153.857374119245,-1259.3619072069287,1103,52,107
2026-02-06T01:12:19.096264,2682,8746.416391677792,8467.440685464539,586.780718673827,8159.635673003966,-1253.5836083222075,1103,52,107
2026-02-06T01:13:32.886395,2683,8691.085556799442,8399.604028242982,586.780718673827,8104.304838125616,-1308.9144432005578,1103,52,107
2026-02-06T01:14:46.917347,2684,8694.194823949389,8397.714204051461,586.780718673827,8107.414105275561,-1305.8051760506114,1103,52,107
2026-02-06T01:16:00.286907,2685,8727.331206649185,8435.586169651402,586.780718673827,8140.550487975358,-1272.6687933508147,1103,52,107
2026-02-06T01:17:13.549606,2686,8719.344654589446,8415.53711023763,586.780718673827,8132.5639359156185,-1280.6553454105542,1103,52,107
2026-02-06T01:18:26.148519,2687,8771.909762648056,8458.694504728688,586.780718673827,8185.129043974229,-1228.0902373519439,1103,52,107
2026-02-06T01:19:39.423249,2688,8744.005276186102,8419.242333347196,586.780718673827,8157.224557512275,-1255.9947238138975,1103,52,107
2026-02-06T01:20:52.146959,2689,8743.819229631943,8429.291938007646,586.780718673827,8157.038510958116,-1256.180770368057,1103,52,107
2026-02-06T01:22:13.493048,2690,8734.335892620578,8414.337208104647,586.780718673827,8147.555173946752,-1265.6641073794217,1103,52,107
2026-02-06T01:23:47.232824,2691,8734.408343138428,8427.090563327682,586.780718673827,8147.6276244646015,-1265.5916568615721,1103,52,107
2026-02-06T01:25:01.522211,2692,8737.089926118906,8433.762897645334,586.780718673827,8150.30920744508,-1262.910073881094,1103,52,107
2026-02-06T01:26:14.337351,2693,8731.084469364165,8419.134917308733,586.780718673827,8144.303750690337,-1268.9155306358352,1103,52,107
2026-02-06T01:27:27.768381,2694,8750.294909750612,8443.115889464854,586.780718673827,8163.514191076784,-1249.7050902493884,1103,52,107
2026-02-06T01:28:42.837238,2695,8742.05838461598,8427.667704021313,586.780718673827,8155.277665942153,-1257.9416153840193,1103,52,107
2026-02-06T01:29:55.872713,2696,8715.651011919519,8408.801387657017,586.780718673827,8128.870293245693,-1284.348988080481,1103,52,107
2026-02-06T01:31:08.558235,2697,8729.504736877561,8422.662550398407,586.780718673827,8142.724018203735,-1270.4952631224387,1103,52,107
2026-02-06T01:32:21.566669,2698,8722.319933038956,8420.183874318747,586.780718673827,8135.539214365129,-1277.6800669610438,1103,52,107
2026-02-06T01:33:35.948526,2699,8718.86991967214,8419.27726098199,586.780718673827,8132.0892009983145,-1281.130080327859,1103,52,107
2026-02-06T01:34:48.486481,2700,8756.220249544802,8463.55018290711,586.780718673827,8169.4395308709745,-1243.7797504551982,1103,52,107
2026-02-06T01:36:14.666842,2701,8764.045788032596,8481.872543460657,586.780718673827,8177.265069358769,-1235.9542119674043,1103,52,107
2026-02-06T01:37:29.900026,2702,8757.933129725314,8458.740993283744,586.780718673827,8171.1524110514865,-1242.0668702746862,1103,52,107
2026-02-06T01:38:42.814814,2703,8741.102984521123,8443.904012462226,586.780718673827,8154.322265847297,-1258.8970154788767,1103,52,107
2026-02-06T01:39:58.278050,2704,8746.604428100942,8456.947188656271,586.780718673827,8159.823709427115,-1253.3955718990583,1103,52,107
2026-02-06T01:41:12.288156,2705,8739.202436336298,8449.69460854577,586.780718673827,8152.421717662472,-1260.797563663702,1103,52,107
2026-02-06T01:42:25.098278,2706,8737.103130687403,8451.21082315349,586.780718673827,8150.3224120135765,-1262.8968693125971,1103,52,107
2026-02-06T01:43:37.463938,2707,8748.04892602775,8463.924423046217,586.780718673827,8161.268207353924,-1251.95107397225,1103,52,107
2026-02-06T01:44:50.446639,2708,8761.912516283537,8483.059132550236,586.780718673827,8175.13179760971,-1238.0874837164629,1103,52,107
2026-02-06T01:46:04.830289,2709,8763.646813952684,8487.208263445631,586.780718673827,8176.866095278858,-1236.3531860473158,1103,52,107
2026-02-06T01:47:20.817494,2710,8807.779227364757,8528.956605690317,586.780718673827,8220.998508690931,-1192.2207726352426,1103,52,107
2026-02-06T01:48:43.232207,2711,8856.149289009772,8575.118235100907,586.780718673827,8269.368570335946,-1143.8507109902275,1103,52,107
2026-02-06T01:49:55.344426,2712,8856.348954680856,8575.257145606283,586.780718673827,8269.56823600703,-1143.651045319144,1103,52,107
2026-02-06T01:51:08.921356,2713,8852.740567928573,8566.857657627348,586.780718673827,8265.959849254747,-1147.259432071427,1103,52,107
2026-02-06T01:52:21.874800,2714,8858.162001186938,8585.494477571689,586.780718673827,8271.381282513112,-1141.8379988130619,1103,52,107
2026-02-06T01:53:34.754508,2715,8844.211568409644,8554.158803496248,586.780718673827,8257.430849735818,-1155.7884315903557,1103,52,107
2026-02-06T01:54:48.579141,2716,8856.279759356401,8570.362997310569,586.780718673827,8269.499040682575,-1143.720240643599,1103,52,107
2026-02-06T01:56:01.107017,2717,8881.478952521853,8597.216440196971,586.780718673827,8294.698233848027,-1118.521047478147,1103,52,107
2026-02-06T01:57:20.002290,2718,8872.006593739121,8584.201612338058,586.780718673827,8285.225875065295,-1127.993406260879,1103,52,107
2026-02-06T01:58:34.098972,2719,8865.06086376874,8581.554809579193,586.780718673827,8278.280145094914,-1134.93913623126,1103,52,107
2026-02-06T02:00:13.643611,2720,8869.950076613966,8587.9607305241,586.780718673827,8283.16935794014,-1130.0499233860337,1103,52,107
2026-02-06T02:01:33.049139,2721,8882.94523027429,8596.360465315556,586.780718673827,8296.164511600464,-1117.0547697257098,1103,52,107
2026-02-06T02:02:45.334838,2722,8912.820942100325,8629.277369472047,586.780718673827,8326.040223426498,-1087.1790578996752,1103,52,107
2026-02-06T02:03:58.983044,2723,8871.19567144828,8575.161594051664,586.780718673827,8284.414952774454,-1128.8043285517197,1103,52,107
2026-02-06T02:05:13.510284,2724,8894.36897225803,8602.638779405534,586.780718673827,8307.588253584203,-1105.6310277419707,1103,52,107
2026-02-06T02:07:05.584075,2725,8870.14461156389,8571.327971396848,586.780718673827,8283.363892890064,-1129.85538843611,1103,52,107
2026-02-06T02:08:18.361528,2726,8859.313149316436,8560.475007920471,586.780718673827,8272.53243064261,-1140.6868506835635,1103,52,107
2026-02-06T02:09:31.612344,2727,8866.855130545315,8571.23611580821,586.780718673827,8280.074411871488,-1133.1448694546852,1103,52,107
2026-02-06T02:10:46.266182,2728,8852.6069943256,8557.581129108155,586.780718673827,8265.826275651774,-1147.3930056743993,1103,52,107
2026-02-06T02:12:13.691523,2729,8838.725386718483,8536.92429827126,586.780718673827,8251.944668044656,-1161.2746132815173,1103,52,107
2026-02-06T02:13:27.210434,2730,8814.112374884184,8502.268669657318,586.780718673827,8227.331656210357,-1185.8876251158163,1103,52,107
2026-02-06T02:14:45.307188,2731,8776.888419637566,8483.550926705311,586.780718673827,8190.107700963739,-1223.1115803624343,1103,52,107
2026-02-06T02:15:57.654099,2732,8762.816177305154,8467.404613870054,586.780718673827,8176.035458631328,-1237.1838226948457,1103,52,107
2026-02-06T02:17:13.942940,2733,8761.62317895918,8489.222939947545,586.780718673827,8174.842460285353,-1238.3768210408198,1103,52,107
2026-02-06T02:18:28.039573,2734,8789.767956583793,8506.495833485105,586.780718673827,8202.987237909967,-1210.2320434162066,1103,52,107
2026-02-06T02:19:41.298431,2735,8782.117488035528,8501.757454069935,586.780718673827,8195.336769361702,-1217.8825119644716,1103,52,107
2026-02-06T02:20:58.383974,2736,8715.73348497625,8440.431007633306,586.780718673827,8128.952766302423,-1284.26651502375,1103,52,107
2026-02-06T02:22:27.615097,2737,8706.439743334933,8430.82660059302,586.780718673827,8119.659024661106,-1293.5602566650668,1103,52,107
2026-02-06T02:23:40.079986,2738,8675.952875298832,8403.313248897965,586.780718673827,8089.172156625004,-1324.0471247011683,1103,52,107
2026-02-06T02:24:53.345045,2739,8674.011228173751,8401.976760615966,586.780718673827,8087.230509499925,-1325.988771826249,1103,52,107
2026-02-06T02:26:07.911026,2740,8674.226711108886,8409.35194025988,586.780718673827,8087.445992435059,-1325.7732888911141,1103,52,107
2026-02-06T02:27:31.629945,2741,8679.285007551352,8413.53253309818,586.780718673827,8092.504288877525,-1320.7149924486475,1103,52,107
2026-02-06T02:28:44.766060,2742,8681.49649153779,8417.747982107076,586.780718673827,8094.715772863963,-1318.5035084622104,1103,52,107
2026-02-06T02:29:58.740783,2743,8699.068365918401,8429.502740517477,586.780718673827,8112.287647244575,-1300.9316340815985,1103,52,107
2026-02-06T02:31:11.357158,2744,8726.696036402638,8449.257026896217,586.780718673827,8139.915317728812,-1273.3039635973619,1103,52,107
2026-02-06T02:32:23.788864,2745,8725.380797931719,8444.400982872343,586.780718673827,8138.600079257892,-1274.619202068281,1103,52,107
2026-02-06T02:33:37.664336,2746,8734.543579113912,8464.057403825578,586.780718673827,8147.762860440085,-1265.4564208860884,1103,52,107
2026-02-06T02:34:51.038019,2747,8763.194092325853,8490.500715049151,586.780718673827,8176.413373652026,-1236.8059076741465,1103,52,107
2026-02-06T02:36:03.836089,2748,8759.839328387052,8484.255104263775,586.780718673827,8173.058609713225,-1240.1606716129481,1103,52,107
2026-02-06T02:37:25.385298,2749,8773.753123817987,8499.85316439042,586.780718673827,8186.97240514416,-1226.2468761820128,1103,52,107
2026-02-06T02:38:40.497422,2750,8743.921811194361,8473.233343637286,586.780718673827,8157.141092520534,-1256.078188805639,1103,52,107
2026-02-06T02:40:04.015273,2751,8768.453360408794,8506.469097931506,586.780718673827,8181.672641734966,-1231.5466395912063,1103,52,107
2026-02-06T02:41:17.567449,2752,8782.463793851082,8508.211203899427,586.780718673827,8195.683075177256,-1217.5362061489177,1103,52,107
2026-02-06T02:42:30.064558,2753,8782.709449372373,8510.81702459852,586.780718673827,8195.928730698546,-1217.2905506276275,1103,52,107
2026-02-06T02:43:43.110114,2754,8788.266806269583,8517.944224901388,586.780718673827,8201.486087595757,-1211.733193730417,1103,52,107
2026-02-06T02:45:05.169539,2755,8803.550161464926,8518.064909354216,586.780718673827,8216.7694427911,-1196.4498385350744,1103,52,107
2026-02-06T02:46:33.107647,2756,8763.106074097268,8490.772507837253,586.780718673827,8176.325355423441,-1236.893925902732,1103,52,107
2026-02-06T02:47:47.058493,2757,8716.968730770232,8450.384904967077,586.780718673827,8130.188012096404,-1283.0312692297684,1103,52,107
2026-02-06T02:49:26.692371,2758,8713.827795237432,8450.519468778197,586.780718673827,8127.047076563605,-1286.172204762568,1103,52,107
2026-02-06T02:50:39.757541,2759,8732.01212605972,8478.29348822598,586.780718673827,8145.231407385894,-1267.9878739402793,1103,52,107
2026-02-06T02:51:57.452954,2760,8731.739683790838,8466.522017195332,586.780718673827,8144.958965117012,-1268.2603162091618,1103,52,107
2026-02-06T02:53:23.619035,2761,8712.771855368765,8446.604690183334,586.780718673827,8125.991136694938,-1287.2281446312354,1103,52,107
2026-02-06T02:54:38.268196,2762,8703.496275060324,8435.324821848772,586.780718673827,8116.715556386497,-1296.5037249396755,1103,52,107
2026-02-06T02:55:50.947071,2763,8711.063251990967,8444.236768255956,586.780718673827,8124.2825333171395,-1288.9367480090332,1103,52,107
2026-02-06T02:57:28.111735,2764,8690.22143716027,8423.757331730942,586.780718673827,8103.440718486442,-1309.7785628397305,1103,52,107
2026-02-06T02:58:41.248294,2765,8703.515525650399,8438.905454223504,586.780718673827,8116.734806976571,-1296.4844743496014,1103,52,107
2026-02-06T03:00:08.384465,2766,8706.713295423266,8442.526727783494,586.780718673827,8119.932576749438,-1293.2867045767343,1103,52,107
2026-02-06T03:01:40.343266,2767,8712.567904825699,8450.182510556107,586.780718673827,8125.787186151872,-1287.4320951743011,1103,52,107
2026-02-06T03:02:59.823609,2768,8719.9889238623,8458.212327596755,586.780718673827,8133.208205188474,-1280.0110761377,1103,52,107
2026-02-06T03:04:20.073500,2769,8759.248648575625,8497.109480930101,586.780718673827,8172.467929901799,-1240.7513514243747,1103,52,107
2026-02-06T03:05:40.048461,2770,8886.790009773798,8470.69476392181,8886.790009773798,0.0,-1113.2099902262016,1111,52,115
2026-02-06T03:07:02.423673,2771,8886.790009773798,8458.692198058805,8886.790009773798,0.0,-1113.2099902262016,1111,52,115
2026-02-06T03:08:14.478826,2772,8886.790009773798,8435.364053839581,8886.790009773798,0.0,-1113.2099902262016,1111,52,115
2026-02-06T03:09:26.807852,2773,8886.790009773798,8454.966675174075,8886.790009773798,0.0,-1113.2099902262016,1111,52,115
2026-02-06T03:10:40.644434,2774,8886.790009773798,8428.591423865075,8886.790009773798,0.0,-1113.2099902262016,1111,52,115
2026-02-06T03:12:09.852155,2775,8886.790009773798,8419.23363252952,8886.790009773798,0.0,-1113.2099902262016,1111,52,115
2026-02-06T03:13:22.197307,2776,8886.790009773798,8420.669027100324,8886.790009773798,0.0,-1113.2099902262016,1111,52,115
2026-02-06T03:14:34.955120,2777,8886.790009773798,8416.313139343505,8886.790009773798,0.0,-1113.2099902262016,1111,52,115
2026-02-06T03:15:48.462328,2778,8886.790009773798,8422.154241115826,8886.790009773798,0.0,-1113.2099902262016,1111,52,115
2026-02-06T03:17:01.332562,2779,8886.790009773798,8421.409848967018,8886.790009773798,0.0,-1113.2099902262016,1111,52,115
2026-02-06T03:18:15.706029,2780,8886.790009773798,8433.443906910363,8886.790009773798,0.0,-1113.2099902262016,1111,52,115
2026-02-06T03:19:34.345167,2781,8886.790009773798,8423.27380922177,8886.790009773798,0.0,-1113.2099902262016,1111,52,115
2026-02-06T03:20:47.866314,2782,8886.790009773798,8445.069094518349,8886.790009773798,0.0,-1113.2099902262016,1111,52,115
2026-02-06T03:22:31.611339,2783,8886.790009773798,8468.802936902823,8886.790009773798,0.0,-1113.2099902262016,1111,52,115
2026-02-06T03:23:44.083208,2784,8886.790009773798,8427.858358339792,8886.790009773798,0.0,-1113.2099902262016,1111,52,115
2026-02-06T03:24:56.258286,2785,8886.790009773798,8417.570435127802,8886.790009773798,0.0,-1113.2099902262016,1111,52,115
2026-02-06T03:27:14.298697,2786,8886.790009773798,8417.945417708605,8886.790009773798,0.0,-1113.2099902262016,1111,52,115
2026-02-06T03:28:59.989552,2787,8886.790009773798,8447.40961198828,8886.790009773798,0.0,-1113.2099902262016,1111,52,115
2026-02-06T03:30:13.468623,2788,8886.790009773798,8458.75963025784,8886.790009773798,0.0,-1113.2099902262016,1111,52,115
2026-02-06T03:32:29.909643,2789,8886.790009773798,8493.001847291995,8886.790009773798,0.0,-1113.2099902262016,1111,52,115
2026-02-06T03:33:42.989592,2790,8886.790009773798,8481.195675497594,8886.790009773798,0.0,-1113.2099902262016,1111,52,115
2026-02-06T03:35:02.084620,2791,8886.790009773798,8471.30238702486,8886.790009773798,0.0,-1113.2099902262016,1111,52,115
2026-02-06T03:36:15.540401,2792,8886.790009773798,8481.524246043971,8886.790009773798,0.0,-1113.2099902262016,1111,52,115
2026-02-06T03:37:28.634847,2793,8886.790009773798,8474.871630725556,8886.790009773798,0.0,-1113.2099902262016,1111,52,115
2026-02-06T03:38:41.353253,2794,8886.790009773798,8456.98926250966,8886.790009773798,0.0,-1113.2099902262016,1111,52,115
2026-02-06T03:39:54.531508,2795,8886.790009773798,8454.029391793107,8886.790009773798,0.0,-1113.2099902262016,1111,52,115
2026-02-06T03:41:06.796465,2796,8886.790009773798,8450.862619863747,8886.790009773798,0.0,-1113.2099902262016,1111,52,115
2026-02-06T03:42:23.048162,2797,8886.790009773798,8446.332435196351,8886.790009773798,0.0,-1113.2099902262016,1111,52,115
2026-02-06T03:43:35.595529,2798,8886.790009773798,8443.025685391462,8886.790009773798,0.0,-1113.2099902262016,1111,52,115
2026-02-06T03:44:48.529037,2799,8886.790009773798,8435.841210859966,8886.790009773798,0.0,-1113.2099902262016,1111,52,115
2026-02-06T03:46:10.075471,2800,8886.790009773798,8442.719819323383,8886.790009773798,0.0,-1113.2099902262016,1111,52,115
2026-02-06T03:47:28.972500,2801,8886.790009773798,8417.997230778545,8886.790009773798,0.0,-1113.2099902262016,1111,52,115
2026-02-06T03:48:44.385536,2802,8886.790009773798,8401.576628410761,8886.790009773798,0.0,-1113.2099902262016,1111,52,115
2026-02-06T03:49:57.368610,2803,8886.790009773798,8417.766709400563,8886.790009773798,0.0,-1113.2099902262016,1111,52,115
2026-02-06T03:51:10.752489,2804,8886.790009773798,8421.195249355624,8886.790009773798,0.0,-1113.2099902262016,1111,52,115
2026-02-06T03:52:23.508245,2805,8886.790009773798,8401.335429720712,8886.790009773798,0.0,-1113.2099902262016,1111,52,115
2026-02-06T03:53:38.089165,2806,8886.790009773798,8410.253987302869,8886.790009773798,0.0,-1113.2099902262016,1111,52,115
2026-02-06T03:54:52.163785,2807,8886.790009773798,8409.232004633966,8886.790009773798,0.0,-1113.2099902262016,1111,52,115
2026-02-06T03:56:31.893271,2808,8886.790009773798,8417.223999972502,8886.790009773798,0.0,-1113.2099902262016,1111,52,115
2026-02-06T03:58:03.650274,2809,8886.790009773798,8442.543920038062,8886.790009773798,0.0,-1113.2099902262016,1111,52,115
2026-02-06T03:59:31.169531,2810,8886.790009773798,8429.285224899302,8886.790009773798,0.0,-1113.2099902262016,1111,52,115
2026-02-06T04:00:49.547561,2811,8886.790009773798,8437.019061071822,8886.790009773798,0.0,-1113.2099902262016,1111,52,115
2026-02-06T04:02:18.721030,2812,8886.790009773798,8427.419052781926,8886.790009773798,0.0,-1113.2099902262016,1111,52,115
2026-02-06T04:03:32.872512,2813,8886.790009773798,8436.412679882307,8886.790009773798,0.0,-1113.2099902262016,1111,52,115
2026-02-06T04:04:46.059243,2814,8886.790009773798,8441.559416283977,8886.790009773798,0.0,-1113.2099902262016,1111,52,115
2026-02-06T04:05:58.890455,2815,8886.790009773798,8437.534351136155,8886.790009773798,0.0,-1113.2099902262016,1111,52,115
2026-02-06T04:07:27.209029,2816,8886.790009773798,8461.458550926782,8886.790009773798,0.0,-1113.2099902262016,1111,52,115
2026-02-06T04:08:40.083273,2817,8886.790009773798,8427.338727564531,8886.790009773798,0.0,-1113.2099902262016,1111,52,115
2026-02-06T04:09:52.872813,2818,8886.790009773798,8423.812506759372,8886.790009773798,0.0,-1113.2099902262016,1111,52,115
2026-02-06T04:11:10.123121,2819,8886.790009773798,8430.211113452187,8886.790009773798,0.0,-1113.2099902262016,1111,52,115
2026-02-06T04:12:29.095532,2820,8886.790009773798,8437.241813541063,8886.790009773798,0.0,-1113.2099902262016,1111,52,115
2026-02-06T04:14:45.218594,2821,8886.790009773798,8458.55138732536,8886.790009773798,0.0,-1113.2099902262016,1111,52,115
2026-02-06T04:15:58.945535,2822,8886.790009773798,8469.036501226708,8886.790009773798,0.0,-1113.2099902262016,1111,52,115
2026-02-06T04:17:25.516434,2823,8886.790009773798,8484.69042740171,8886.790009773798,0.0,-1113.2099902262016,1111,52,115
2026-02-06T04:18:40.258404,2824,8886.790009773798,8497.927507491633,8886.790009773798,0.0,-1113.2099902262016,1111,52,115
2026-02-06T04:19:53.660109,2825,8886.790009773798,8513.739138979927,8886.790009773798,0.0,-1113.2099902262016,1111,52,115
2026-02-06T04:21:12.664186,2826,8886.790009773798,8499.320333269872,8886.790009773798,0.0,-1113.2099902262016,1111,52,115
2026-02-06T04:22:25.448262,2827,8886.790009773798,8519.992087770066,8886.790009773798,0.0,-1113.2099902262016,1111,52,115
2026-02-06T04:23:38.898021,2828,8886.790009773798,8507.739640193675,8886.790009773798,0.0,-1113.2099902262016,1111,52,115
2026-02-06T04:24:51.873732,2829,8886.790009773798,8528.10525724724,8886.790009773798,0.0,-1113.2099902262016,1111,52,115
2026-02-06T04:26:04.748748,2830,8886.790009773798,8531.768409363656,8886.790009773798,0.0,-1113.2099902262016,1111,52,115
2026-02-06T04:27:23.053675,2831,8886.790009773798,8559.44916902619,8886.790009773798,0.0,-1113.2099902262016,1111,52,115
2026-02-06T04:28:35.929530,2832,8886.790009773798,8562.471329215356,8886.790009773798,0.0,-1113.2099902262016,1111,52,115
2026-02-06T04:29:48.559451,2833,8886.790009773798,8547.55411065838,8886.790009773798,0.0,-1113.2099902262016,1111,52,115
2026-02-06T04:32:26.596686,2834,8886.790009773798,8521.496569318158,8886.790009773798,0.0,-1113.2099902262016,1111,52,115
2026-02-06T04:33:38.726068,2835,8886.790009773798,8535.535139798942,8886.790009773798,0.0,-1113.2099902262016,1111,52,115
2026-02-06T04:34:52.001985,2836,8886.790009773798,8540.038441544457,8886.790009773798,0.0,-1113.2099902262016,1111,52,115
2026-02-06T04:36:04.694748,2837,8886.790009773798,8502.125359486638,8886.790009773798,0.0,-1113.2099902262016,1111,52,115
2026-02-06T04:37:17.971107,2838,8886.790009773798,8502.683100946255,8886.790009773798,0.0,-1113.2099902262016,1111,52,115
2026-02-06T04:38:30.170474,2839,8886.790009773798,8502.489820733146,8886.790009773798,0.0,-1113.2099902262016,1111,52,115
2026-02-06T04:39:43.922582,2840,8886.790009773798,8490.808403478088,8886.790009773798,0.0,-1113.2099902262016,1111,52,115
2026-02-06T04:41:02.464570,2841,8886.790009773798,8488.29065307457,8886.790009773798,0.0,-1113.2099902262016,1111,52,115
2026-02-06T04:42:14.835919,2842,8886.790009773798,8480.413082166553,8886.790009773798,0.0,-1113.2099902262016,1111,52,115
2026-02-06T04:43:28.202611,2843,8886.790009773798,8487.321054573715,8886.790009773798,0.0,-1113.2099902262016,1111,52,115
2026-02-06T04:44:40.978743,2844,8886.790009773798,8494.306635754328,8886.790009773798,0.0,-1113.2099902262016,1111,52,115
2026-02-06T04:45:53.502596,2845,8886.790009773798,8516.390018415901,8886.790009773798,0.0,-1113.2099902262016,1111,52,115
2026-02-06T04:47:06.211624,2846,8886.790009773798,8514.38202285053,8886.790009773798,0.0,-1113.2099902262016,1111,52,115
2026-02-06T04:48:19.432080,2847,8886.790009773798,8521.659074183444,8886.790009773798,0.0,-1113.2099902262016,1111,52,115
2026-02-06T04:49:32.475387,2848,8886.790009773798,8527.346448047247,8886.790009773798,0.0,-1113.2099902262016,1111,52,115
2026-02-06T04:50:45.075269,2849,8886.790009773798,8532.693921515573,8886.790009773798,0.0,-1113.2099902262016,1111,52,115
2026-02-06T04:51:58.799214,2850,8886.790009773798,8540.000119489094,8886.790009773798,0.0,-1113.2099902262016,1111,52,115
2026-02-06T04:53:17.287571,2851,8886.790009773798,8532.85268327715,8886.790009773798,0.0,-1113.2099902262016,1111,52,115
2026-02-06T04:54:30.555021,2852,8886.790009773798,8527.649553895102,8886.790009773798,0.0,-1113.2099902262016,1111,52,115
2026-02-06T04:55:43.524544,2853,8886.790009773798,8531.028704330238,8886.790009773798,0.0,-1113.2099902262016,1111,52,115
2026-02-06T04:56:57.556876,2854,8886.790009773798,8523.658411622955,8886.790009773798,0.0,-1113.2099902262016,1111,52,115
2026-02-06T04:58:11.170189,2855,8886.790009773798,8527.312316080797,8886.790009773798,0.0,-1113.2099902262016,1111,52,115
2026-02-06T04:59:24.653124,2856,8886.790009773798,8529.556179367024,8886.790009773798,0.0,-1113.2099902262016,1111,52,115
2026-02-06T05:00:38.024101,2857,8886.790009773798,8528.866656028329,8886.790009773798,0.0,-1113.2099902262016,1111,52,115
2026-02-06T05:01:52.705031,2858,8886.790009773798,8538.904432595013,8886.790009773798,0.0,-1113.2099902262016,1111,52,115
2026-02-06T05:03:05.463032,2859,8886.790009773798,8551.582676437924,8886.790009773798,0.0,-1113.2099902262016,1111,52,115
2026-02-06T05:04:17.737267,2860,8886.790009773798,8567.879361999409,8886.790009773798,0.0,-1113.2099902262016,1111,52,115
2026-02-06T05:05:36.959726,2861,8886.790009773798,8577.06539173822,8886.790009773798,0.0,-1113.2099902262016,1111,52,115
2026-02-06T05:06:50.158617,2862,8886.790009773798,8606.623856182623,8886.790009773798,0.0,-1113.2099902262016,1111,52,115
2026-02-06T05:08:02.624241,2863,8886.790009773798,8622.980524681378,8886.790009773798,0.0,-1113.2099902262016,1111,52,115
2026-02-06T05:09:15.646540,2864,8886.790009773798,8576.612976758403,8886.790009773798,0.0,-1113.2099902262016,1111,52,115
2026-02-06T05:10:28.413817,2865,8886.790009773798,8570.279581783285,8886.790009773798,0.0,-1113.2099902262016,1111,52,115
2026-02-06T05:11:42.398626,2866,8886.790009773798,8580.693776638482,8886.790009773798,0.0,-1113.2099902262016,1111,52,115
2026-02-06T05:12:54.796321,2867,8886.790009773798,8633.958020622891,8886.790009773798,0.0,-1113.2099902262016,1111,52,115
2026-02-06T05:14:07.597838,2868,8886.790009773798,8630.854046970833,8886.790009773798,0.0,-1113.2099902262016,1111,52,115
2026-02-06T05:15:21.959943,2869,8886.790009773798,8629.22549380115,8886.790009773798,0.0,-1113.2099902262016,1111,52,115
2026-02-06T05:16:34.316826,2870,8886.790009773798,8610.96012460921,8886.790009773798,0.0,-1113.2099902262016,1111,52,115
2026-02-06T05:17:52.205559,2871,8886.790009773798,8595.779915145344,8886.790009773798,0.0,-1113.2099902262016,1111,52,115
2026-02-06T05:19:06.049388,2872,8886.790009773798,8599.351540040125,8886.790009773798,0.0,-1113.2099902262016,1111,52,115
2026-02-06T05:20:18.168964,2873,8886.790009773798,8605.50521330029,8886.790009773798,0.0,-1113.2099902262016,1111,52,115
2026-02-06T05:21:30.653595,2874,8886.790009773798,8621.429796688897,8886.790009773798,0.0,-1113.2099902262016,1111,52,115
2026-02-06T05:22:43.213823,2875,8886.790009773798,8612.09959213203,8886.790009773798,0.0,-1113.2099902262016,1111,52,115
2026-02-06T05:23:56.688909,2876,8886.790009773798,8603.187831055251,8886.790009773798,0.0,-1113.2099902262016,1111,52,115
2026-02-06T05:25:09.634153,2877,8886.790009773798,8600.57450543296,8886.790009773798,0.0,-1113.2099902262016,1111,52,115
2026-02-06T05:26:22.154689,2878,8886.790009773798,8590.915961498797,8886.790009773798,0.0,-1113.2099902262016,1111,52,115
2026-02-06T05:27:34.492460,2879,8886.790009773798,8590.413551137457,8886.790009773798,0.0,-1113.2099902262016,1111,52,115
2026-02-06T05:28:48.262449,2880,8886.790009773798,8603.218811499126,8886.790009773798,0.0,-1113.2099902262016,1111,52,115
2026-02-06T05:30:06.565279,2881,8886.790009773798,8607.415378716394,8886.790009773798,0.0,-1113.2099902262016,1111,52,115
2026-02-06T05:31:20.131383,2882,8886.790009773798,8631.193198728255,8886.790009773798,0.0,-1113.2099902262016,1111,52,115
2026-02-06T05:32:33.876105,2883,8886.790009773798,8645.531934795092,8886.790009773798,0.0,-1113.2099902262016,1111,52,115
2026-02-06T05:33:47.252863,2884,8886.790009773798,8658.212562646215,8886.790009773798,0.0,-1113.2099902262016,1111,52,115
2026-02-06T05:35:03.341606,2885,8886.790009773798,8657.596365730695,8886.790009773798,0.0,-1113.2099902262016,1111,52,115
2026-02-06T05:36:17.125456,2886,8886.790009773798,8666.048719034077,8886.790009773798,0.0,-1113.2099902262016,1111,52,115
2026-02-06T05:37:30.239032,2887,8886.790009773798,8659.36642597986,8886.790009773798,0.0,-1113.2099902262016,1111,52,115
2026-02-06T05:38:43.250249,2888,8886.790009773798,8667.553159904723,8886.790009773798,0.0,-1113.2099902262016,1111,52,115
2026-02-06T05:39:56.126487,2889,8886.790009773798,8675.907538338146,8886.790009773798,0.0,-1113.2099902262016,1111,52,115
2026-02-06T05:41:08.846672,2890,8886.790009773798,8675.347077094626,8886.790009773798,0.0,-1113.2099902262016,1111,52,115
2026-02-06T05:42:26.382411,2891,8886.790009773798,8687.037542483633,8886.790009773798,0.0,-1113.2099902262016,1111,52,115
2026-02-06T05:43:39.244602,2892,8886.790009773798,8686.726800871813,8886.790009773798,0.0,-1113.2099902262016,1111,52,115
2026-02-06T05:44:52.240100,2893,8886.790009773798,8693.651608331966,8886.790009773798,0.0,-1113.2099902262016,1111,52,115
2026-02-06T05:46:05.136540,2894,8886.790009773798,8685.841863526639,8886.790009773798,0.0,-1113.2099902262016,1111,52,115
2026-02-06T05:47:18.209028,2895,8886.790009773798,8682.563996006105,8886.790009773798,0.0,-1113.2099902262016,1111,52,115
2026-02-06T05:48:30.338183,2896,8886.790009773798,8679.890715582113,8886.790009773798,0.0,-1113.2099902262016,1111,52,115
2026-02-06T05:49:45.516047,2897,8886.790009773798,8684.293311397581,8886.790009773798,0.0,-1113.2099902262016,1111,52,115
2026-02-06T05:50:59.443930,2898,8886.790009773798,8717.712362724937,8886.790009773798,0.0,-1113.2099902262016,1111,52,115
2026-02-06T05:52:12.869754,2899,8886.790009773798,8769.273770331549,8886.790009773798,0.0,-1113.2099902262016,1111,52,115
2026-02-06T05:53:25.747847,2900,8886.790009773798,8766.09118145635,8886.790009773798,0.0,-1113.2099902262016,1111,52,115
2026-02-06T05:54:44.031897,2901,8886.790009773798,8796.444697342162,8886.790009773798,0.0,-1113.2099902262016,1111,52,115
2026-02-06T05:55:58.370932,2902,8886.790009773798,8742.447146481752,8886.790009773798,0.0,-1113.2099902262016,1111,52,115
2026-02-06T05:57:10.924941,2903,8886.790009773798,8760.215136047738,8886.790009773798,0.0,-1113.2099902262016,1111,52,115
2026-02-06T05:58:24.923463,2904,8886.790009773798,8760.17821161537,8886.790009773798,0.0,-1113.2099902262016,1111,52,115
2026-02-06T05:59:37.782745,2905,8886.790009773798,8762.344464144948,8886.790009773798,0.0,-1113.2099902262016,1111,52,115
2026-02-06T06:00:50.124048,2906,8886.790009773798,8777.954186936075,8886.790009773798,0.0,-1113.2099902262016,1111,52,115
2026-02-06T06:02:03.507889,2907,8886.790009773798,8785.494344403507,8886.790009773798,0.0,-1113.2099902262016,1111,52,115
2026-02-06T06:03:16.985432,2908,8886.790009773798,8796.866337937588,8886.790009773798,0.0,-1113.2099902262016,1111,52,115
2026-02-06T06:04:29.156639,2909,8886.790009773798,8797.421121762012,8886.790009773798,0.0,-1113.2099902262016,1111,52,115
2026-02-06T06:05:41.256660,2910,8886.790009773798,8792.18492317165,8886.790009773798,0.0,-1113.2099902262016,1111,52,115
2026-02-06T06:07:00.673631,2911,8886.790009773798,8775.3025422141,8886.790009773798,0.0,-1113.2099902262016,1111,52,115
2026-02-06T06:08:13.873742,2912,8886.790009773798,8788.944441332624,8886.790009773798,0.0,-1113.2099902262016,1111,52,115
2026-02-06T06:09:26.525074,2913,8886.790009773798,8764.389542006604,8886.790009773798,0.0,-1113.2099902262016,1111,52,115
2026-02-06T06:10:39.089342,2914,8886.790009773798,8772.425021565334,8886.790009773798,0.0,-1113.2099902262016,1111,52,115
2026-02-06T06:11:52.190411,2915,8886.790009773798,8746.340910533647,8886.790009773798,0.0,-1113.2099902262016,1111,52,115
2026-02-06T06:13:05.171852,2916,8886.790009773798,8741.821185594574,8886.790009773798,0.0,-1113.2099902262016,1111,52,115
2026-02-06T06:14:17.252475,2917,8886.790009773798,8751.404103122313,8886.790009773798,0.0,-1113.2099902262016,1111,52,115
2026-02-06T06:15:29.767999,2918,8886.790009773798,8746.1625691419,8886.790009773798,0.0,-1113.2099902262016,1111,52,115
2026-02-06T06:16:44.134721,2919,8886.790009773798,8733.764913630983,8886.790009773798,0.0,-1113.2099902262016,1111,52,115
2026-02-06T06:17:57.887886,2920,8886.790009773798,8723.68733823755,8886.790009773798,0.0,-1113.2099902262016,1111,52,115
2026-02-06T06:19:15.143655,2921,8886.790009773798,8731.565252703842,8886.790009773798,0.0,-1113.2099902262016,1111,52,115
2026-02-06T06:20:28.573321,2922,8886.790009773798,8718.157985250955,8886.790009773798,0.0,-1113.2099902262016,1111,52,115
2026-02-06T06:21:41.328993,2923,8886.790009773798,8717.609642658717,8886.790009773798,0.0,-1113.2099902262016,1111,52,115
2026-02-06T06:22:54.482556,2924,8886.790009773798,8736.303399313681,8886.790009773798,0.0,-1113.2099902262016,1111,52,115
2026-02-06T06:24:08.805608,2925,8886.790009773798,8728.17349865301,8886.790009773798,0.0,-1113.2099902262016,1111,52,115
2026-02-06T06:25:22.233753,2926,8886.790009773798,8694.577418243589,8886.790009773798,0.0,-1113.2099902262016,1111,52,115
2026-02-06T06:26:34.901159,2927,8886.790009773798,8693.787186660391,8886.790009773798,0.0,-1113.2099902262016,1111,52,115
2026-02-06T06:27:47.448551,2928,8886.790009773798,8680.02533920371,8886.790009773798,0.0,-1113.2099902262016,1111,52,115
2026-02-06T06:29:00.726637,2929,8886.790009773798,8688.481174335204,8886.790009773798,0.0,-1113.2099902262016,1111,52,115
2026-02-06T06:30:15.002917,2930,8886.790009773798,8696.122252490513,8886.790009773798,0.0,-1113.2099902262016,1111,52,115
2026-02-06T06:31:32.585137,2931,8886.790009773798,8688.519465083233,8886.790009773798,0.0,-1113.2099902262016,1111,52,115
2026-02-06T06:32:46.794983,2932,8886.790009773798,8681.084781868984,8886.790009773798,0.0,-1113.2099902262016,1111,52,115
2026-02-06T06:33:59.946986,2933,8886.790009773798,8670.716105199679,8886.790009773798,0.0,-1113.2099902262016,1111,52,115
2026-02-06T06:35:12.793803,2934,8886.790009773798,8660.611254961179,8886.790009773798,0.0,-1113.2099902262016,1111,52,115
2026-02-06T06:36:25.042601,2935,8886.790009773798,8655.091006786924,8886.790009773798,0.0,-1113.2099902262016,1111,52,115
2026-02-06T06:37:37.526984,2936,8886.790009773798,8648.42494161095,8886.790009773798,0.0,-1113.2099902262016,1111,52,115
2026-02-06T06:38:50.135889,2937,8886.790009773798,8640.789925615885,8886.790009773798,0.0,-1113.2099902262016,1111,52,115
2026-02-06T06:40:03.166215,2938,8886.790009773798,8645.264268630583,8886.790009773798,0.0,-1113.2099902262016,1111,52,115
2026-02-06T06:41:16.091476,2939,8886.790009773798,8650.96764862557,8886.790009773798,0.0,-1113.2099902262016,1111,52,115
2026-02-06T06:42:29.579516,2940,8886.790009773798,8660.458483415236,8886.790009773798,0.0,-1113.2099902262016,1111,52,115
2026-02-06T06:43:47.338805,2941,8886.790009773798,8652.534205891396,8886.790009773798,0.0,-1113.2099902262016,1111,52,115
2026-02-06T06:45:00.329328,2942,8886.790009773798,8623.139907433284,8886.790009773798,0.0,-1113.2099902262016,1111,52,115
2026-02-06T06:46:14.267829,2943,8886.790009773798,8628.334410850282,8886.790009773798,0.0,-1113.2099902262016,1111,52,115
2026-02-06T06:47:27.018225,2944,8886.790009773798,8606.722611573849,8886.790009773798,0.0,-1113.2099902262016,1111,52,115
2026-02-06T06:48:40.419724,2945,8886.790009773798,8609.970667544274,8886.790009773798,0.0,-1113.2099902262016,1111,52,115
2026-02-06T06:49:55.251959,2946,8886.790009773798,8612.081647269084,8886.790009773798,0.0,-1113.2099902262016,1111,52,115
2026-02-06T06:51:08.065516,2947,8886.790009773798,8615.239767621586,8886.790009773798,0.0,-1113.2099902262016,1111,52,115
2026-02-06T06:52:21.248645,2948,8886.790009773798,8627.382794935229,8886.790009773798,0.0,-1113.2099902262016,1111,52,115
2026-02-06T06:53:33.907263,2949,8886.790009773798,8612.065146946537,8886.790009773798,0.0,-1113.2099902262016,1111,52,115
2026-02-06T06:54:47.123804,2950,8886.790009773798,8617.991974474804,8886.790009773798,0.0,-1113.2099902262016,1111,52,115
2026-02-06T06:56:05.150526,2951,8886.790009773798,8610.182013911986,8886.790009773798,0.0,-1113.2099902262016,1111,52,115
2026-02-06T06:57:17.854980,2952,8886.790009773798,8607.549863843284,8886.790009773798,0.0,-1113.2099902262016,1111,52,115
2026-02-06T06:58:30.686191,2953,8886.790009773798,8614.773160461296,8886.790009773798,0.0,-1113.2099902262016,1111,52,115
2026-02-06T06:59:43.884503,2954,8886.790009773798,8587.098256802241,8886.790009773798,0.0,-1113.2099902262016,1111,52,115
2026-02-06T07:00:56.260964,2955,8886.790009773798,8584.02219645041,8886.790009773798,0.0,-1113.2099902262016,1111,52,115
2026-02-06T07:02:09.367159,2956,8886.790009773798,8564.160577748893,8886.790009773798,0.0,-1113.2099902262016,1111,52,115
2026-02-06T07:03:22.779865,2957,8886.790009773798,8566.403976391855,8886.790009773798,0.0,-1113.2099902262016,1111,52,115
2026-02-06T07:04:35.536845,2958,8886.790009773798,8561.361381451812,8886.790009773798,0.0,-1113.2099902262016,1111,52,115
2026-02-06T07:05:48.313509,2959,8886.790009773798,8575.156737985288,8886.790009773798,0.0,-1113.2099902262016,1111,52,115
2026-02-06T07:07:02.151760,2960,8886.790009773798,8579.433447102854,8886.790009773798,0.0,-1113.2099902262016,1111,52,115
2026-02-06T07:08:19.894310,2961,8886.790009773798,8525.411714145965,8886.790009773798,0.0,-1113.2099902262016,1111,52,115
2026-02-06T07:09:32.760408,2962,8886.790009773798,8523.872686226096,8886.790009773798,0.0,-1113.2099902262016,1111,52,115
2026-02-06T07:10:45.715170,2963,8886.790009773798,8520.938537998098,8886.790009773798,0.0,-1113.2099902262016,1111,52,115
2026-02-06T07:11:59.808911,2964,8886.790009773798,8523.166308829435,8886.790009773798,0.0,-1113.2099902262016,1111,52,115
2026-02-06T07:13:13.651696,2965,8886.790009773798,8530.270190914165,8886.790009773798,0.0,-1113.2099902262016,1111,52,115
2026-02-06T07:14:26.303863,2966,8886.790009773798,8532.075699733263,8886.790009773798,0.0,-1113.2099902262016,1111,52,115
2026-02-06T07:15:39.773658,2967,8886.790009773798,8543.78082142045,8886.790009773798,0.0,-1113.2099902262016,1111,52,115
2026-02-06T07:16:54.448238,2968,8886.790009773798,8525.83057134517,8886.790009773798,0.0,-1113.2099902262016,1111,52,115
2026-02-06T07:18:08.316635,2969,8886.790009773798,8527.792416669763,8886.790009773798,0.0,-1113.2099902262016,1111,52,115
2026-02-06T07:19:21.323626,2970,8886.790009773798,8528.547993616412,8886.790009773798,0.0,-1113.2099902262016,1111,52,115
2026-02-06T07:20:39.700860,2971,8886.790009773798,8550.205310501646,8886.790009773798,0.0,-1113.2099902262016,1111,52,115
2026-02-06T07:21:52.634337,2972,8886.790009773798,8570.951226034398,8886.790009773798,0.0,-1113.2099902262016,1111,52,115
2026-02-06T07:23:05.532435,2973,8886.790009773798,8560.729564349116,8886.790009773798,0.0,-1113.2099902262016,1111,52,115
2026-02-06T07:24:18.273123,2974,8886.790009773798,8553.122076113976,8886.790009773798,0.0,-1113.2099902262016,1111,52,115
2026-02-06T07:25:32.345522,2975,8886.790009773798,8557.237277671098,8886.790009773798,0.0,-1113.2099902262016,1111,52,115
2026-02-06T07:26:45.240563,2976,8886.790009773798,8551.312216354807,8886.790009773798,0.0,-1113.2099902262016,1111,52,115
2026-02-06T07:27:57.915574,2977,8886.790009773798,8536.73692215243,8886.790009773798,0.0,-1113.2099902262016,1111,52,115
2026-02-06T07:29:11.236739,2978,8886.790009773798,8563.994757766462,8886.790009773798,0.0,-1113.2099902262016,1111,52,115
2026-02-06T07:30:24.564877,2979,8886.790009773798,8558.503515478787,8886.790009773798,0.0,-1113.2099902262016,1111,52,115
2026-02-06T07:31:37.168185,2980,8886.790009773798,8586.539148048749,8886.790009773798,0.0,-1113.2099902262016,1111,52,115
2026-02-06T07:32:54.756981,2981,8886.790009773798,8588.084836479635,8886.790009773798,0.0,-1113.2099902262016,1111,52,115
2026-02-06T07:34:08.387337,2982,8886.790009773798,8590.437460297719,8886.790009773798,0.0,-1113.2099902262016,1111,52,115
2026-02-06T07:35:21.619432,2983,8886.790009773798,8594.853276960523,8886.790009773798,0.0,-1113.2099902262016,1111,52,115
2026-02-06T07:36:34.818367,2984,8886.790009773798,8607.98557734696,8886.790009773798,0.0,-1113.2099902262016,1111,52,115
2026-02-06T07:37:47.583410,2985,8886.790009773798,8599.5279361638,8886.790009773798,0.0,-1113.2099902262016,1111,52,115
2026-02-06T07:39:00.524751,2986,8886.790009773798,8596.96847239747,8886.790009773798,0.0,-1113.2099902262016,1111,52,115
2026-02-06T07:40:13.732887,2987,8886.790009773798,8599.800781896787,8886.790009773798,0.0,-1113.2099902262016,1111,52,115
2026-02-06T07:41:26.434087,2988,8886.790009773798,8596.961127877443,8886.790009773798,0.0,-1113.2099902262016,1111,52,115
2026-02-06T07:42:40.464869,2989,8886.790009773798,8617.02104029535,8886.790009773798,0.0,-1113.2099902262016,1111,52,115
2026-02-06T07:43:54.517403,2990,8886.790009773798,8603.94422933424,8886.790009773798,0.0,-1113.2099902262016,1111,52,115
2026-02-06T07:45:13.561065,2991,8886.790009773798,8592.697653030991,8886.790009773798,0.0,-1113.2099902262016,1111,52,115
2026-02-06T07:46:27.742675,2992,8886.790009773798,8601.05827126023,8886.790009773798,0.0,-1113.2099902262016,1111,52,115
2026-02-06T07:47:41.067463,2993,10000.0,8594.289271975946,10000.0,0.0,0.0,1111,52,115
2026-02-06T07:48:54.159988,2994,10000.0,8596.64944878218,10000.0,0.0,0.0,1111,52,115
2026-02-06T07:50:07.474058,2995,9961.682967363995,8557.617924847253,9072.714735245985,888.9682321180107,-38.317032636005024,1116,52,115
2026-02-06T07:51:21.588271,2996,9959.092562535148,8553.608435358452,9030.375399814837,928.7171627203122,-40.90743746485168,1117,52,115
2026-02-06T07:52:35.157204,2997,9971.974555867742,8547.62964575256,9281.81261340735,690.161942460392,-28.02544413225769,1118,52,116
2026-02-06T07:53:47.650996,2998,9973.276207313,8562.125441474724,9281.81261340735,691.46359390565,-26.72379268700024,1118,52,116
2026-02-06T07:55:01.193709,2999,9862.66791751963,8535.914910232425,7191.926056779012,2670.7418607406184,-137.33208248037045,1123,52,116
2026-02-06T07:56:13.524930,3000,9845.33278262478,8543.83567615758,6677.909828151469,3167.422954473312,-154.66721737521948,1128,52,116
2026-02-06T07:57:30.980902,3001,9846.259147012941,8548.369733399548,6677.909828151469,3168.349318861471,-153.74085298705904,1128,52,116
2026-02-06T07:58:43.182428,3002,9842.597352543387,8540.648460307035,6646.746248953429,3195.851103589959,-157.4026474566126,1129,52,116
2026-02-06T07:59:56.859626,3003,9842.849383385044,8542.818764550808,6615.728099791647,3227.121283593397,-157.15061661495565,1130,52,116
2026-02-06T08:01:09.793181,3004,9844.929950442423,8546.759682436104,6615.728099791647,3229.201850650776,-155.07004955757657,1130,52,116
2026-02-06T08:02:22.526314,3005,9844.557349860672,8543.571356391563,6615.728099791647,3228.8292500690254,-155.44265013932818,1130,52,116
2026-02-06T08:03:35.008851,3006,9841.742325061716,8535.266411224924,6615.728099791647,3226.014225270069,-158.25767493828425,1130,52,116
2026-02-06T08:04:47.264822,3007,9839.179519518999,8526.655865901083,6615.728099791647,3223.451419727352,-160.82048048100114,1130,52,116
2026-02-06T08:05:59.884810,3008,9853.63441640066,8567.506403522624,6615.728099791647,3237.906316609014,-146.36558359933952,1130,52,116
2026-02-06T08:07:12.418444,3009,9852.82014565691,8570.209299647433,6615.728099791647,3237.0920458652627,-147.17985434309048,1130,52,116
2026-02-06T08:08:26.153936,3010,9857.16891531232,8583.177352831635,6615.728099791647,3241.4408155206743,-142.83108468767932,1130,52,116
2026-02-06T08:09:45.761230,3011,9858.83405436226,8586.211740275372,6615.728099791647,3243.1059545706125,-141.16594563774015,1130,52,116
2026-02-06T08:10:59.797979,3012,9857.196456047319,8578.876219993059,6615.728099791647,3241.4683562556725,-142.80354395268114,1130,52,116
2026-02-06T08:12:13.061226,3013,9858.948541725076,8582.277951591795,6615.728099791647,3243.220441933429,-141.0514582749238,1130,52,116
2026-02-06T08:13:25.868578,3014,9857.88351523413,8577.267960281448,6615.728099791647,3242.1554154424834,-142.11648476586925,1130,52,116
2026-02-06T08:14:38.359894,3015,9858.15462671881,8578.788405498713,6615.728099791647,3242.426526927163,-141.8453732811904,1130,52,116
2026-02-06T08:15:50.486543,3016,9854.337813256234,8571.966710572868,6615.728099791647,3238.609713464587,-145.66218674376614,1130,52,116
2026-02-06T08:17:04.546749,3017,9845.31645973537,8544.272116776116,6615.728099791647,3229.588359943723,-154.6835402646302,1130,52,116
2026-02-06T08:18:18.296010,3018,9835.21652795653,8523.695868894014,6615.728099791647,3219.4884281648838,-164.78347204346937,1130,52,116
2026-02-06T08:19:30.768367,3019,9836.2472897906,8526.410236277306,6615.728099791647,3220.5191899989522,-163.7527102094009,1130,52,116
2026-02-06T08:20:43.554326,3020,9837.402803715726,8526.980592181035,6615.728099791647,3221.674703924078,-162.5971962842741,1130,52,116
2026-02-06T08:22:02.415501,3021,9846.590119928482,8550.250835624229,6615.728099791647,3230.8620201368344,-153.40988007151827,1130,52,116
2026-02-06T08:23:14.895554,3022,9846.540257821573,8547.797010479915,6615.728099791647,3230.812158029926,-153.4597421784274,1130,52,116
2026-02-06T08:24:27.386342,3023,9838.6568108095,8531.047053028407,6615.728099791647,3222.9287110178525,-161.3431891905002,1130,52,116
2026-02-06T08:25:40.089829,3024,9842.782559498437,8541.341930092796,6615.728099791647,3227.0544597067897,-157.21744050156303,1130,52,116
2026-02-06T08:26:54.148325,3025,9847.539314827432,8555.829848760808,6615.728099791647,3231.811215035785,-152.46068517256754,1130,52,116
2026-02-06T08:28:07.999557,3026,9842.32138525304,8535.146465886914,6615.728099791647,3226.593285461394,-157.67861474695928,1130,52,116
2026-02-06T08:29:21.077982,3027,9834.464756534993,8517.514240603752,6615.728099791647,3218.736656743346,-165.53524346500672,1130,52,116
2026-02-06T08:30:34.335550,3028,9830.128798572136,8503.404942697556,6615.728099791647,3214.400698780488,-169.87120142786443,1130,52,116
2026-02-06T08:31:47.458982,3029,9831.639191697353,8508.574366258414,6615.728099791647,3215.911091905707,-168.36080830264655,1130,52,116
2026-02-06T08:33:00.551572,3030,9832.175130906677,8511.412581577655,6615.728099791647,3216.44703111503,-167.8248690933233,1130,52,116
2026-02-06T08:34:20.051857,3031,9825.356544899016,8486.750621758943,6615.728099791647,3209.6284451073693,-174.64345510098428,1130,52,116
2026-02-06T08:35:32.407046,3032,9825.520695583953,8490.497247394376,6615.728099791647,3209.792595792306,-174.47930441604694,1130,52,116
2026-02-06T08:36:44.622067,3033,9831.112467003692,8509.053723578832,6615.728099791647,3215.3843672120447,-168.88753299630844,1130,52,116
2026-02-06T08:37:57.571323,3034,9838.267080032447,8527.375498708356,6615.728099791647,3222.5389802407994,-161.73291996755324,1130,52,116
2026-02-06T08:39:10.926777,3035,9837.640842034822,8524.899075045696,6615.728099791647,3221.9127422431748,-162.35915796517838,1130,52,116
2026-02-06T08:40:24.192422,3036,9837.901750177021,8523.086399959022,6615.728099791647,3222.173650385374,-162.0982498229787,1130,52,116
2026-02-06T08:41:36.479437,3037,9828.695705516875,8498.669954349887,6615.728099791647,3212.967605725229,-171.30429448312498,1130,52,116
2026-02-06T08:42:49.655053,3038,9827.796361554214,8498.5266140053,6615.728099791647,3212.068261762568,-172.20363844578605,1130,52,116
2026-02-06T08:44:02.760915,3039,9826.550322314357,8494.09916722424,6615.728099791647,3210.82222252271,-173.4496776856431,1130,52,116
2026-02-06T08:45:15.328450,3040,9829.70687319597,8499.525984247883,6615.728099791647,3213.9787734043234,-170.29312680403018,1130,52,116
2026-02-06T08:46:32.971508,3041,9828.508974231772,8500.800733369217,6615.728099791647,3212.780874440126,-171.4910257682277,1130,52,116
2026-02-06T08:47:46.479269,3042,9832.422593652798,8510.683564676538,6615.728099791647,3216.6944938611523,-167.57740634720176,1130,52,116
2026-02-06T08:48:59.003094,3043,9834.099822822825,8516.443524450233,6615.728099791647,3218.371723031178,-165.90017717717456,1130,52,116
2026-02-06T08:50:11.571631,3044,9836.040041157707,8521.151756473235,6615.728099791647,3220.3119413660606,-163.95995884229342,1130,52,116
2026-02-06T08:51:23.637698,3045,9839.546201265764,8530.186466076195,6615.728099791647,3223.8181014741176,-160.45379873423553,1130,52,116
2026-02-06T08:52:36.589088,3046,9842.468460114316,8521.622715588357,6417.256256797898,3425.2122033164183,-157.53153988568374,1131,52,116
2026-02-06T08:53:49.345278,3047,9860.006334525724,8544.681373660831,6224.738569093961,3635.2677654317636,-139.99366547427599,1132,52,116
2026-02-06T08:55:02.390692,3048,9855.952957982781,8538.447196942994,5775.193922395147,4080.759035587634,-144.0470420172187,1136,52,116
2026-02-06T08:56:16.143131,3049,9851.208366861578,8537.09465917471,5136.646207106176,4714.562159755402,-148.79163313842218,1141,52,116
2026-02-06T08:57:28.620975,3050,9847.381976526358,8528.418927412664,4843.035509907987,5004.34646661837,-152.6180234736421,1143,52,116
2026-02-06T08:58:46.877143,3051,9848.46522704753,8526.41162458328,4566.207600161646,5282.257626885884,-151.5347729524692,1145,52,116
2026-02-06T08:59:59.597667,3052,9843.48788543388,8526.993148322868,4438.35378735712,5405.13409807676,-156.51211456611964,1146,52,116
2026-02-06T09:01:13.743684,3053,9852.230179277643,8527.027341733938,9852.230179277643,0.0,-147.7698207223566,1154,55,121
2026-02-06T09:02:25.956036,3054,9852.230179277643,8536.212059688516,9852.230179277643,0.0,-147.7698207223566,1154,55,121
2026-02-06T09:03:39.982213,3055,9852.230179277643,8514.87107824559,9852.230179277643,0.0,-147.7698207223566,1154,55,121
2026-02-06T09:04:53.196621,3056,9852.230179277643,8518.507026043648,9852.230179277643,0.0,-147.7698207223566,1154,55,121
2026-02-06T09:06:06.565886,3057,9852.230179277643,8520.493903748564,9852.230179277643,0.0,-147.7698207223566,1154,55,121
2026-02-06T09:07:18.913899,3058,9852.230179277643,8516.86827079796,9852.230179277643,0.0,-147.7698207223566,1154,55,121
2026-02-06T09:08:31.702239,3059,9852.230179277643,8531.656771066322,9852.230179277643,0.0,-147.7698207223566,1154,55,121
2026-02-06T09:09:44.723184,3060,9852.230179277643,8517.992082759061,9852.230179277643,0.0,-147.7698207223566,1154,55,121
2026-02-06T09:11:03.674446,3061,9852.230179277643,8517.841755422589,9852.230179277643,0.0,-147.7698207223566,1154,55,121
2026-02-06T09:12:16.267610,3062,9852.230179277643,8520.03412657568,9852.230179277643,0.0,-147.7698207223566,1154,55,121
2026-02-06T09:13:28.621848,3063,9852.230179277643,8522.18047999221,9852.230179277643,0.0,-147.7698207223566,1154,55,121
2026-02-06T09:14:42.652579,3064,9852.230179277643,8540.572679043926,9852.230179277643,0.0,-147.7698207223566,1154,55,121
2026-02-06T09:15:56.082460,3065,9852.230179277643,8531.231881560247,9852.230179277643,0.0,-147.7698207223566,1154,55,121
2026-02-06T09:17:09.031122,3066,9852.230179277643,8548.123565476775,9852.230179277643,0.0,-147.7698207223566,1154,55,121
2026-02-06T09:18:22.036241,3067,9852.230179277643,8541.89470811433,9852.230179277643,0.0,-147.7698207223566,1154,55,121
2026-02-06T09:19:35.619368,3068,9852.230179277643,8561.260711812218,9852.230179277643,0.0,-147.7698207223566,1154,55,121
2026-02-06T09:20:47.974768,3069,9852.230179277643,8563.70351886327,9852.230179277643,0.0,-147.7698207223566,1154,55,121
2026-02-06T09:22:00.770087,3070,9852.230179277643,8545.17838585067,9852.230179277643,0.0,-147.7698207223566,1154,55,121
2026-02-06T09:23:19.689509,3071,9852.230179277643,8563.268744484061,9852.230179277643,0.0,-147.7698207223566,1154,55,121
2026-02-06T09:24:33.011019,3072,9852.230179277643,8596.304445141785,9852.230179277643,0.0,-147.7698207223566,1154,55,121
2026-02-06T09:25:45.571568,3073,9852.230179277643,8592.473475349725,9852.230179277643,0.0,-147.7698207223566,1154,55,121
2026-02-06T09:27:00.033604,3074,9852.230179277643,8602.301971380464,9852.230179277643,0.0,-147.7698207223566,1154,55,121
2026-02-06T09:28:13.305239,3075,9852.230179277643,8608.232724026668,9852.230179277643,0.0,-147.7698207223566,1154,55,121
2026-02-06T09:29:25.797940,3076,9852.230179277643,8612.880890587674,9852.230179277643,0.0,-147.7698207223566,1154,55,121
2026-02-06T09:30:38.045208,3077,9852.230179277643,8620.66277054093,9852.230179277643,0.0,-147.7698207223566,1154,55,121
2026-02-06T09:31:53.289869,3078,9852.230179277643,8633.507614054808,9852.230179277643,0.0,-147.7698207223566,1154,55,121
2026-02-06T09:33:06.196541,3079,9852.230179277643,8662.914917769236,9852.230179277643,0.0,-147.7698207223566,1154,55,121
2026-02-06T09:34:18.491858,3080,9852.230179277643,8668.934604883703,9852.230179277643,0.0,-147.7698207223566,1154,55,121
2026-02-06T09:35:36.444640,3081,9852.230179277643,8680.995508762897,9852.230179277643,0.0,-147.7698207223566,1154,55,121
2026-02-06T09:36:50.005435,3082,9852.230179277643,8679.361584033806,9852.230179277643,0.0,-147.7698207223566,1154,55,121
2026-02-06T09:38:02.567826,3083,9852.230179277643,8658.005234303295,9852.230179277643,0.0,-147.7698207223566,1154,55,121
2026-02-06T09:39:14.810070,3084,9852.230179277643,8671.451528613381,9852.230179277643,0.0,-147.7698207223566,1154,55,121
2026-02-06T09:40:28.118238,3085,9852.230179277643,8649.444230356887,9852.230179277643,0.0,-147.7698207223566,1154,55,121
2026-02-06T09:41:41.984041,3086,9852.230179277643,8657.46142882302,9852.230179277643,0.0,-147.7698207223566,1154,55,121
2026-02-06T09:42:55.339504,3087,9852.230179277643,8648.439134794708,9852.230179277643,0.0,-147.7698207223566,1154,55,121
2026-02-06T09:44:08.978981,3088,9852.230179277643,8671.411520702544,9852.230179277643,0.0,-147.7698207223566,1154,55,121
2026-02-06T09:45:23.006262,3089,9852.230179277643,8674.036797666331,9852.230179277643,0.0,-147.7698207223566,1154,55,121
2026-02-06T09:46:35.560903,3090,9852.230179277643,8660.529647612673,9852.230179277643,0.0,-147.7698207223566,1154,55,121
2026-02-06T09:47:53.276757,3091,9852.230179277643,8652.856266039169,9852.230179277643,0.0,-147.7698207223566,1154,55,121
2026-02-06T09:49:07.375853,3092,9852.230179277643,8706.414613484007,9852.230179277643,0.0,-147.7698207223566,1154,55,121
2026-02-06T09:50:20.266073,3093,9852.230179277643,8707.489137276047,9852.230179277643,0.0,-147.7698207223566,1154,55,121
2026-02-06T09:51:32.909868,3094,9852.230179277643,8723.102953541611,9852.230179277643,0.0,-147.7698207223566,1154,55,121
2026-02-06T09:52:47.004464,3095,9852.230179277643,8718.620834127072,9852.230179277643,0.0,-147.7698207223566,1154,55,121
2026-02-06T09:54:00.405181,3096,9852.230179277643,8723.609654130138,9852.230179277643,0.0,-147.7698207223566,1154,55,121
2026-02-06T09:55:13.248070,3097,9852.230179277643,8712.816257375285,9852.230179277643,0.0,-147.7698207223566,1154,55,121
2026-02-06T09:56:25.568991,3098,9852.230179277643,8710.333574687156,9852.230179277643,0.0,-147.7698207223566,1154,55,121
2026-02-06T09:57:41.179548,3099,9852.230179277643,8709.51766460726,9852.230179277643,0.0,-147.7698207223566,1154,55,121
2026-02-06T09:58:53.359215,3100,9852.230179277643,8705.399705958956,9852.230179277643,0.0,-147.7698207223566,1154,55,121
2026-02-06T10:00:11.304748,3101,9852.230179277643,8704.606329712815,9852.230179277643,0.0,-147.7698207223566,1154,55,121
2026-02-06T10:01:24.604644,3102,9852.230179277643,8702.510789526994,9852.230179277643,0.0,-147.7698207223566,1154,55,121
2026-02-06T10:02:39.109920,3103,9852.230179277643,8698.918635509433,9852.230179277643,0.0,-147.7698207223566,1154,55,121
2026-02-06T10:03:51.828391,3104,9852.230179277643,8695.053459960394,9852.230179277643,0.0,-147.7698207223566,1154,55,121
2026-02-06T10:05:04.919522,3105,9852.230179277643,8694.201305721943,9852.230179277643,0.0,-147.7698207223566,1154,55,121
2026-02-06T10:06:18.304941,3106,9852.230179277643,8697.713543815136,9852.230179277643,0.0,-147.7698207223566,1154,55,121
2026-02-06T10:07:30.437021,3107,9852.230179277643,8703.07884111046,9852.230179277643,0.0,-147.7698207223566,1154,55,121
2026-02-06T10:08:43.573067,3108,9852.230179277643,8701.131539479638,9852.230179277643,0.0,-147.7698207223566,1154,55,121
2026-02-06T10:09:55.981384,3109,9852.230179277643,8711.708810013968,9852.230179277643,0.0,-147.7698207223566,1154,55,121
2026-02-06T10:11:08.552956,3110,9852.230179277643,8710.24257476322,9852.230179277643,0.0,-147.7698207223566,1154,55,121
2026-02-06T10:12:26.650052,3111,9852.230179277643,8694.968526252584,9852.230179277643,0.0,-147.7698207223566,1154,55,121
2026-02-06T10:13:39.295969,3112,9852.230179277643,8679.044405250019,9852.230179277643,0.0,-147.7698207223566,1154,55,121
2026-02-06T10:14:53.057636,3113,9852.230179277643,8693.649333170679,9852.230179277643,0.0,-147.7698207223566,1154,55,121
2026-02-06T10:16:05.152702,3114,9852.230179277643,8717.076936441683,9852.230179277643,0.0,-147.7698207223566,1154,55,121
2026-02-06T10:17:17.434683,3115,9852.230179277643,8745.744062878748,9852.230179277643,0.0,-147.7698207223566,1154,55,121
2026-02-06T10:18:32.127068,3116,9852.230179277643,8747.58499296019,9852.230179277643,0.0,-147.7698207223566,1154,55,121
2026-02-06T10:19:44.752866,3117,9852.230179277643,8753.241698966865,9852.230179277643,0.0,-147.7698207223566,1154,55,121
2026-02-06T10:20:56.897304,3118,9852.230179277643,8787.229799554734,9852.230179277643,0.0,-147.7698207223566,1154,55,121
2026-02-06T10:22:09.858821,3119,9852.230179277643,8751.92943596829,9852.230179277643,0.0,-147.7698207223566,1154,55,121
2026-02-06T10:23:24.128375,3120,9852.230179277643,8750.047695220024,9852.230179277643,0.0,-147.7698207223566,1154,55,121
2026-02-06T10:24:42.089770,3121,9852.230179277643,8747.687068386967,9852.230179277643,0.0,-147.7698207223566,1154,55,121
2026-02-06T10:25:55.412180,3122,9852.230179277643,8763.7155951319,9852.230179277643,0.0,-147.7698207223566,1154,55,121
2026-02-06T10:27:07.692438,3123,9852.230179277643,8776.928292743285,9852.230179277643,0.0,-147.7698207223566,1154,55,121
2026-02-06T10:28:21.319254,3124,9852.230179277643,8776.685903719086,9852.230179277643,0.0,-147.7698207223566,1154,55,121
2026-02-06T10:29:34.572798,3125,9852.230179277643,8778.802062330062,9852.230179277643,0.0,-147.7698207223566,1154,55,121
2026-02-06T10:30:47.101986,3126,9852.230179277643,8774.292920967937,9852.230179277643,0.0,-147.7698207223566,1154,55,121
2026-02-06T10:32:00.554914,3127,9852.230179277643,8779.897762592203,9852.230179277643,0.0,-147.7698207223566,1154,55,121
2026-02-06T10:33:13.525079,3128,9852.230179277643,8804.781029966134,9852.230179277643,0.0,-147.7698207223566,1154,55,121
2026-02-06T10:34:26.353815,3129,9852.230179277643,8800.618567293564,9852.230179277643,0.0,-147.7698207223566,1154,55,121
2026-02-06T10:35:39.163719,3130,9852.230179277643,8806.191856368763,9852.230179277643,0.0,-147.7698207223566,1154,55,121
2026-02-06T10:36:57.598605,3131,9852.230179277643,8809.26182823819,9852.230179277643,0.0,-147.7698207223566,1154,55,121
2026-02-06T10:38:10.406227,3132,9852.230179277643,8795.177183715023,9852.230179277643,0.0,-147.7698207223566,1154,55,121
2026-02-06T10:39:22.807364,3133,9852.230179277643,8801.695285939459,9852.230179277643,0.0,-147.7698207223566,1154,55,121
2026-02-06T10:40:36.589712,3134,9852.230179277643,8792.077550154787,9852.230179277643,0.0,-147.7698207223566,1154,55,121
2026-02-06T10:41:50.435482,3135,9852.230179277643,8790.90074534684,9852.230179277643,0.0,-147.7698207223566,1154,55,121
2026-02-06T10:43:02.972263,3136,9852.230179277643,8794.223403688677,9852.230179277643,0.0,-147.7698207223566,1154,55,121
2026-02-06T10:44:15.453100,3137,9852.230179277643,8805.995177823812,9852.230179277643,0.0,-147.7698207223566,1154,55,121
2026-02-06T10:45:27.959802,3138,9852.230179277643,8808.285342831114,9852.230179277643,0.0,-147.7698207223566,1154,55,121
2026-02-06T10:46:41.513131,3139,9852.230179277643,8804.967585041086,9852.230179277643,0.0,-147.7698207223566,1154,55,121
2026-02-06T10:47:54.401974,3140,9852.230179277643,8811.519260706094,9852.230179277643,0.0,-147.7698207223566,1154,55,121
2026-02-06T10:49:13.231293,3141,9852.230179277643,8808.728342635894,9852.230179277643,0.0,-147.7698207223566,1154,55,121
2026-02-06T10:50:25.726074,3142,9852.230179277643,8792.566365085237,9852.230179277643,0.0,-147.7698207223566,1154,55,121
2026-02-06T10:51:38.691422,3143,9852.230179277643,8779.455722240767,9852.230179277643,0.0,-147.7698207223566,1154,55,121
2026-02-06T10:52:51.153627,3144,9852.230179277643,8780.466184636605,9852.230179277643,0.0,-147.7698207223566,1154,55,121
2026-02-06T10:54:04.685878,3145,9852.230179277643,8776.681093245536,9852.230179277643,0.0,-147.7698207223566,1154,55,121
2026-02-06T10:55:18.999836,3146,9852.230179277643,8798.370111056276,9852.230179277643,0.0,-147.7698207223566,1154,55,121
2026-02-06T10:56:31.178462,3147,9852.230179277643,8797.893759787836,9852.230179277643,0.0,-147.7698207223566,1154,55,121
2026-02-06T10:57:45.298224,3148,9852.230179277643,8790.880617642397,9852.230179277643,0.0,-147.7698207223566,1154,55,121
2026-02-06T10:58:59.322523,3149,9852.230179277643,8791.28549588924,9852.230179277643,0.0,-147.7698207223566,1154,55,121
2026-02-06T11:00:13.259715,3150,9852.230179277643,8792.13589292578,9852.230179277643,0.0,-147.7698207223566,1154,55,121
2026-02-06T11:01:31.330073,3151,9852.230179277643,8779.266130887596,9852.230179277643,0.0,-147.7698207223566,1154,55,121
2026-02-06T11:02:44.896534,3152,9852.230179277643,8777.840802884684,9852.230179277643,0.0,-147.7698207223566,1154,55,121
2026-02-06T11:03:58.036676,3153,9852.230179277643,8784.28463991279,9852.230179277643,0.0,-147.7698207223566,1154,55,121
2026-02-06T11:05:10.588826,3154,9852.230179277643,8789.16770012487,9852.230179277643,0.0,-147.7698207223566,1154,55,121
2026-02-06T11:06:25.128184,3155,9852.230179277643,8790.394486996302,9852.230179277643,0.0,-147.7698207223566,1154,55,121
2026-02-06T11:07:38.634735,3156,9852.230179277643,8782.201677108262,9852.230179277643,0.0,-147.7698207223566,1154,55,121
2026-02-06T11:08:51.073635,3157,9852.230179277643,8780.002293429925,9852.230179277643,0.0,-147.7698207223566,1154,55,121
2026-02-06T11:10:03.980012,3158,9852.230179277643,8774.809397669957,9852.230179277643,0.0,-147.7698207223566,1154,55,121
2026-02-06T11:11:17.637485,3159,9852.230179277643,8788.175134200477,9852.230179277643,0.0,-147.7698207223566,1154,55,121
2026-02-06T11:12:30.938019,3160,9852.230179277643,8789.575611840994,9852.230179277643,0.0,-147.7698207223566,1154,55,121
2026-02-06T11:13:48.135097,3161,9852.230179277643,8799.274078240005,9852.230179277643,0.0,-147.7698207223566,1154,55,121
2026-02-06T11:15:01.245487,3162,9852.230179277643,8805.303925956818,9852.230179277643,0.0,-147.7698207223566,1154,55,121
2026-02-06T11:16:14.206243,3163,9852.230179277643,8806.085337812496,9852.230179277643,0.0,-147.7698207223566,1154,55,121
2026-02-06T11:17:27.799654,3164,9852.230179277643,8816.168477277428,9852.230179277643,0.0,-147.7698207223566,1154,55,121
2026-02-06T11:18:40.738131,3165,9852.230179277643,8793.774972773792,9852.230179277643,0.0,-147.7698207223566,1154,55,121
2026-02-06T11:19:53.439962,3166,9852.230179277643,8785.75499719645,9852.230179277643,0.0,-147.7698207223566,1154,55,121
2026-02-06T11:21:06.723025,3167,9852.230179277643,8784.452616433224,9852.230179277643,0.0,-147.7698207223566,1154,55,121
2026-02-06T11:22:19.577771,3168,9852.230179277643,8782.973853899255,9852.230179277643,0.0,-147.7698207223566,1154,55,121
2026-02-06T11:23:33.174352,3169,9852.230179277643,8792.658596859756,9852.230179277643,0.0,-147.7698207223566,1154,55,121
2026-02-06T11:24:45.892048,3170,9852.230179277643,8800.416689424012,9852.230179277643,0.0,-147.7698207223566,1154,55,121
2026-02-06T11:26:04.223212,3171,9852.230179277643,8780.807873959166,9852.230179277643,0.0,-147.7698207223566,1154,55,121
2026-02-06T11:27:16.837635,3172,9852.230179277643,8786.694463351025,9852.230179277643,0.0,-147.7698207223566,1154,55,121
2026-02-06T11:28:29.333508,3173,9852.230179277643,8788.16146552358,9852.230179277643,0.0,-147.7698207223566,1154,55,121
2026-02-06T11:29:41.949861,3174,9852.230179277643,8789.6457504243,9852.230179277643,0.0,-147.7698207223566,1154,55,121
2026-02-06T11:30:54.579141,3175,9852.230179277643,8790.340616439482,9852.230179277643,0.0,-147.7698207223566,1154,55,121
2026-02-06T11:32:08.070864,3176,9852.230179277643,8790.44914379478,9852.230179277643,0.0,-147.7698207223566,1154,55,121
2026-02-06T11:33:20.898555,3177,9852.230179277643,8808.837806824104,9852.230179277643,0.0,-147.7698207223566,1154,55,121
2026-02-06T11:34:34.334848,3178,9852.230179277643,8828.197781251885,9852.230179277643,0.0,-147.7698207223566,1154,55,121
2026-02-06T11:35:46.702063,3179,9852.230179277643,8825.119869122253,9852.230179277643,0.0,-147.7698207223566,1154,55,121
2026-02-06T11:37:00.623901,3180,9852.230179277643,8827.758120303488,9852.230179277643,0.0,-147.7698207223566,1154,55,121
2026-02-06T11:38:18.342630,3181,9852.230179277643,8806.09770827522,9852.230179277643,0.0,-147.7698207223566,1154,55,121
2026-02-06T11:39:32.154137,3182,9852.230179277643,8810.181740474412,9852.230179277643,0.0,-147.7698207223566,1154,55,121
2026-02-06T11:40:45.648090,3183,9852.230179277643,8815.094226962789,9852.230179277643,0.0,-147.7698207223566,1154,55,121
2026-02-06T11:41:58.570199,3184,9852.230179277643,8821.960793821674,9852.230179277643,0.0,-147.7698207223566,1154,55,121
2026-02-06T11:43:11.508060,3185,9852.230179277643,8819.05788511931,9852.230179277643,0.0,-147.7698207223566,1154,55,121
2026-02-06T11:44:23.465125,3186,9852.230179277643,8811.031675420028,9852.230179277643,0.0,-147.7698207223566,1154,55,121
2026-02-06T11:45:37.610556,3187,9852.230179277643,8802.4494091617,9852.230179277643,0.0,-147.7698207223566,1154,55,121
2026-02-06T11:46:50.433732,3188,9852.230179277643,8795.624034421204,9852.230179277643,0.0,-147.7698207223566,1154,55,121
2026-02-06T11:48:03.235184,3189,9852.230179277643,8796.661626094778,9852.230179277643,0.0,-147.7698207223566,1154,55,121
2026-02-06T11:49:15.466908,3190,9852.230179277643,8811.717103752211,9852.230179277643,0.0,-147.7698207223566,1154,55,121
2026-02-06T11:50:33.058778,3191,9852.230179277643,8811.13867642228,9852.230179277643,0.0,-147.7698207223566,1154,55,121
2026-02-06T11:51:46.881243,3192,9852.230179277643,8830.19103525412,9852.230179277643,0.0,-147.7698207223566,1154,55,121
2026-02-06T11:53:00.016262,3193,9852.230179277643,8838.6246510921,9852.230179277643,0.0,-147.7698207223566,1154,55,121
2026-02-06T11:54:14.673786,3194,9852.230179277643,8832.866969135426,9852.230179277643,0.0,-147.7698207223566,1154,55,121
2026-02-06T11:55:27.033666,3195,9852.230179277643,8827.675405860717,9852.230179277643,0.0,-147.7698207223566,1154,55,121
2026-02-06T11:56:39.704923,3196,9852.230179277643,8835.713119380323,9852.230179277643,0.0,-147.7698207223566,1154,55,121
2026-02-06T11:57:53.104438,3197,9852.230179277643,8825.868304510897,9852.230179277643,0.0,-147.7698207223566,1154,55,121
2026-02-06T11:59:06.242015,3198,9852.230179277643,8824.822877200055,9852.230179277643,0.0,-147.7698207223566,1154,55,121
2026-02-06T12:00:18.874980,3199,9852.230179277643,8817.306434416949,9852.230179277643,0.0,-147.7698207223566,1154,55,121
2026-02-06T12:01:31.065883,3200,9852.230179277643,8801.605173880373,9852.230179277643,0.0,-147.7698207223566,1154,55,121
2026-02-06T12:02:49.637233,3201,9852.230179277643,8811.531042307432,9852.230179277643,0.0,-147.7698207223566,1154,55,121
2026-02-06T12:04:02.436042,3202,9852.230179277643,8811.018929012733,9852.230179277643,0.0,-147.7698207223566,1154,55,121
2026-02-06T12:05:15.220859,3203,9852.230179277643,8794.310043171514,9852.230179277643,0.0,-147.7698207223566,1154,55,121
2026-02-06T12:06:27.347544,3204,9852.230179277643,8775.480347683428,9852.230179277643,0.0,-147.7698207223566,1154,55,121
2026-02-06T12:07:41.636276,3205,9852.230179277643,8783.048082158162,9852.230179277643,0.0,-147.7698207223566,1154,55,121
2026-02-06T12:08:54.575658,3206,9852.230179277643,8788.71489649411,9852.230179277643,0.0,-147.7698207223566,1154,55,121
2026-02-06T12:10:08.411406,3207,9852.230179277643,8779.685733139382,9852.230179277643,0.0,-147.7698207223566,1154,55,121
2026-02-06T12:11:21.451871,3208,9852.230179277643,8782.823658308545,9852.230179277643,0.0,-147.7698207223566,1154,55,121
2026-02-06T12:12:34.221378,3209,9852.230179277643,8778.986565504683,9852.230179277643,0.0,-147.7698207223566,1154,55,121
2026-02-06T12:13:46.884638,3210,9852.230179277643,8778.60725477209,9852.230179277643,0.0,-147.7698207223566,1154,55,121
2026-02-06T12:15:05.860882,3211,9852.230179277643,8787.882145051843,9852.230179277643,0.0,-147.7698207223566,1154,55,121
2026-02-06T12:16:19.217188,3212,9852.230179277643,8774.578818743004,9852.230179277643,0.0,-147.7698207223566,1154,55,121
2026-02-06T12:17:32.307205,3213,9852.230179277643,8773.495903402125,9852.230179277643,0.0,-147.7698207223566,1154,55,121
2026-02-06T12:18:44.819010,3214,9852.230179277643,8777.369492493306,9852.230179277643,0.0,-147.7698207223566,1154,55,121
2026-02-06T12:19:57.529021,3215,9852.230179277643,8781.592675114198,9852.230179277643,0.0,-147.7698207223566,1154,55,121
2026-02-06T12:21:10.176632,3216,9852.230179277643,8788.522447981473,9852.230179277643,0.0,-147.7698207223566,1154,55,121
2026-02-06T12:22:22.647155,3217,9852.230179277643,8797.651046237335,9852.230179277643,0.0,-147.7698207223566,1154,55,121
2026-02-06T12:23:35.389363,3218,9852.230179277643,8807.54725363242,9852.230179277643,0.0,-147.7698207223566,1154,55,121
2026-02-06T12:24:48.893993,3219,9852.230179277643,8806.443999866242,9852.230179277643,0.0,-147.7698207223566,1154,55,121
2026-02-06T12:26:01.383224,3220,9852.230179277643,8809.406518428445,9852.230179277643,0.0,-147.7698207223566,1154,55,121
2026-02-06T12:27:19.964351,3221,9889.188582870847,8808.561262499597,8886.767109468805,1002.4214734020427,-110.81141712915269,1157,55,121
2026-02-06T12:28:34.218812,3222,9925.439982249774,8814.832969767556,7978.5063844258275,1946.933597823947,-74.5600177502256,1161,55,121
2026-02-06T12:29:46.588060,3223,9940.219420747255,8805.589463294504,7613.034055973724,2327.1853647735306,-59.780579252745156,1163,55,121
2026-02-06T12:30:59.057339,3224,10011.03127831691,8804.14741146335,6030.831938450331,3980.1993398665786,11.031278316910175,1169,55,121
2026-02-06T12:32:13.211174,3225,10030.549833812762,8801.673506182111,5481.055316355916,4549.494517456847,30.54983381276179,1172,55,121
2026-02-06T12:33:26.621820,3226,10031.202981912167,8799.946454759012,5481.055316355916,4550.14766555625,31.20298191216716,1172,55,121
2026-02-06T12:34:39.987857,3227,10032.138951259236,8796.74476313419,5327.585767497951,4704.553183761286,32.13895125923591,1173,55,121
2026-02-06T12:35:53.794908,3228,10032.335570009436,8794.953834675041,5327.585767497951,4704.7498025114855,32.335570009436196,1173,55,121
2026-02-06T12:37:07.623739,3229,10112.562337729047,8800.489004815738,4085.5655154558767,6026.9968222731695,112.5623377290467,1181,55,121
2026-02-06T12:38:21.138141,3230,10130.610008790532,8800.937524646577,3749.2713090333564,6381.338699757177,130.61000879053245,1184,55,121
2026-02-06T12:39:39.343129,3231,10126.237384381971,8795.077380907866,3749.2713090333564,6376.966075348615,126.23738438197142,1184,55,121
2026-02-06T12:40:53.241420,3232,10134.37002948501,8807.973595389798,3749.2713090333564,6385.098720451652,134.37002948500958,1184,55,121
2026-02-06T12:42:06.441334,3233,10156.353837225024,8808.188478846276,3534.9629610090096,6621.3908762160145,156.3538372250241,1186,55,121
2026-02-06T12:43:18.918302,3234,10159.992884159154,8816.618235197642,3534.9629610090096,6625.029923150143,159.99288415915362,1186,55,121
2026-02-06T12:44:31.474426,3235,10152.691710605013,8803.525689695141,3534.9629610090096,6617.7287495960045,152.6917106050132,1186,55,121
2026-02-06T12:45:46.334235,3236,10157.613281563154,8813.191858265986,3534.9629610090096,6622.650320554144,157.61328156315358,1186,55,121
2026-02-06T12:46:58.903735,3237,10158.776303112048,8813.211248209973,3534.9629610090096,6623.81334210304,158.77630311204848,1186,55,121
2026-02-06T12:48:12.549914,3238,10156.816116581569,8809.71151347707,3534.9629610090096,6621.85315557256,156.81611658156908,1186,55,121
2026-02-06T12:49:25.857776,3239,10157.575619796167,8811.522319324056,3534.9629610090096,6622.612658787157,157.5756197961673,1186,55,121
2026-02-06T12:50:39.288538,3240,10159.156216960168,8814.253001151776,3534.9629610090096,6624.193255951157,159.1562169601675,1186,55,121
2026-02-06T12:51:57.449451,3241,9198.853328280118,8803.70197591496,9198.853328280118,0.0,-801.1466717198819,1194,55,129
2026-02-06T12:53:09.566243,3242,9198.853328280118,8804.256340661404,9198.853328280118,0.0,-801.1466717198819,1194,55,129
2026-02-06T12:54:23.429697,3243,9198.853328280118,8805.377450376902,9198.853328280118,0.0,-801.1466717198819,1194,55,129
2026-02-06T12:55:36.377433,3244,9198.853328280118,8808.550417424522,9198.853328280118,0.0,-801.1466717198819,1194,55,129
2026-02-06T12:56:48.800790,3245,9198.853328280118,8820.714287167499,9198.853328280118,0.0,-801.1466717198819,1194,55,129
2026-02-06T12:58:02.301148,3246,9198.853328280118,8825.458692287348,9198.853328280118,0.0,-801.1466717198819,1194,55,129
2026-02-06T12:59:16.358117,3247,9198.853328280118,8828.475834541523,9198.853328280118,0.0,-801.1466717198819,1194,55,129
2026-02-06T13:00:30.233205,3248,9198.853328280118,8831.390327051893,9198.853328280118,0.0,-801.1466717198819,1194,55,129
2026-02-06T13:01:43.688173,3249,9198.853328280118,8832.131336487915,9198.853328280118,0.0,-801.1466717198819,1194,55,129
2026-02-06T13:02:57.219534,3250,9198.853328280118,8822.47358675802,9198.853328280118,0.0,-801.1466717198819,1194,55,129
2026-02-06T13:04:16.178688,3251,9198.853328280118,8847.320502541774,9198.853328280118,0.0,-801.1466717198819,1194,55,129
2026-02-06T13:05:29.530229,3252,9198.853328280118,8863.600553508777,9198.853328280118,0.0,-801.1466717198819,1194,55,129
2026-02-06T13:06:41.854380,3253,9198.853328280118,8854.810219845003,9198.853328280118,0.0,-801.1466717198819,1194,55,129
2026-02-06T13:07:54.915893,3254,9198.853328280118,8852.833834575376,9198.853328280118,0.0,-801.1466717198819,1194,55,129
2026-02-06T13:09:07.701704,3255,9198.853328280118,8853.256459141692,9198.853328280118,0.0,-801.1466717198819,1194,55,129
2026-02-06T13:10:20.040197,3256,9198.853328280118,8859.541314568727,9198.853328280118,0.0,-801.1466717198819,1194,55,129
2026-02-06T13:11:34.132719,3257,9198.853328280118,8871.315511558421,9198.853328280118,0.0,-801.1466717198819,1194,55,129
2026-02-06T13:12:47.469968,3258,9198.853328280118,8902.076416511904,9198.853328280118,0.0,-801.1466717198819,1194,55,129
2026-02-06T13:14:00.271423,3259,9198.853328280118,8901.653544938146,9198.853328280118,0.0,-801.1466717198819,1194,55,129
2026-02-06T13:15:13.837521,3260,9198.853328280118,8905.679873173203,9198.853328280118,0.0,-801.1466717198819,1194,55,129
2026-02-06T13:16:31.830066,3261,9198.853328280118,8899.17498520077,9198.853328280118,0.0,-801.1466717198819,1194,55,129
2026-02-06T13:17:44.199707,3262,9198.853328280118,8877.539342337182,9198.853328280118,0.0,-801.1466717198819,1194,55,129
2026-02-06T13:18:56.679656,3263,9198.853328280118,8885.51461547007,9198.853328280118,0.0,-801.1466717198819,1194,55,129
2026-02-06T13:20:10.131940,3264,9198.853328280118,8929.720236865862,9198.853328280118,0.0,-801.1466717198819,1194,55,129
2026-02-06T13:21:23.071406,3265,9198.853328280118,8943.627780208391,9198.853328280118,0.0,-801.1466717198819,1194,55,129
2026-02-06T13:22:37.012973,3266,9198.853328280118,8944.91043705674,9198.853328280118,0.0,-801.1466717198819,1194,55,129
2026-02-06T13:23:50.039657,3267,9198.853328280118,8947.665090060325,9198.853328280118,0.0,-801.1466717198819,1194,55,129
2026-02-06T13:25:04.973590,3268,9198.853328280118,8955.423971894928,9198.853328280118,0.0,-801.1466717198819,1194,55,129
2026-02-06T13:26:17.638519,3269,9198.853328280118,8933.030298632477,9198.853328280118,0.0,-801.1466717198819,1194,55,129
2026-02-06T13:27:30.391072,3270,9198.853328280118,8913.517171961712,9198.853328280118,0.0,-801.1466717198819,1194,55,129
2026-02-06T13:28:48.500652,3271,9198.853328280118,8898.689848895365,9198.853328280118,0.0,-801.1466717198819,1194,55,129
2026-02-06T13:30:02.194656,3272,9198.853328280118,8897.16308474134,9198.853328280118,0.0,-801.1466717198819,1194,55,129
2026-02-06T13:31:14.886825,3273,9198.853328280118,8918.593126752889,9198.853328280118,0.0,-801.1466717198819,1194,55,129
2026-02-06T13:32:26.855341,3274,9198.853328280118,8908.90605281335,9198.853328280118,0.0,-801.1466717198819,1194,55,129
2026-02-06T13:33:40.447793,3275,9198.853328280118,8913.429988035023,9198.853328280118,0.0,-801.1466717198819,1194,55,129
2026-02-06T13:34:53.869715,3276,9198.853328280118,8922.992343541311,9198.853328280118,0.0,-801.1466717198819,1194,55,129
2026-02-06T13:36:06.224206,3277,9198.853328280118,8939.446828561775,9198.853328280118,0.0,-801.1466717198819,1194,55,129
2026-02-06T13:37:18.559866,3278,9198.853328280118,8957.190373470166,9198.853328280118,0.0,-801.1466717198819,1194,55,129
2026-02-06T13:38:31.200944,3279,9198.853328280118,8943.732964393203,9198.853328280118,0.0,-801.1466717198819,1194,55,129
2026-02-06T13:39:43.849809,3280,9198.853328280118,8950.550525058987,9198.853328280118,0.0,-801.1466717198819,1194,55,129
2026-02-06T13:41:02.805585,3281,9198.853328280118,8964.394472007012,9198.853328280118,0.0,-801.1466717198819,1194,55,129
2026-02-06T13:42:16.682181,3282,9198.853328280118,8982.758882021839,9198.853328280118,0.0,-801.1466717198819,1194,55,129
2026-02-06T13:43:29.194049,3283,9198.853328280118,8972.745579937386,9198.853328280118,0.0,-801.1466717198819,1194,55,129
2026-02-06T13:44:42.555678,3284,9198.853328280118,8974.279853948916,9198.853328280118,0.0,-801.1466717198819,1194,55,129
2026-02-06T13:45:55.974041,3285,9198.853328280118,8970.095716507005,9198.853328280118,0.0,-801.1466717198819,1194,55,129
2026-02-06T13:47:08.495123,3286,9198.853328280118,8973.004567666347,9198.853328280118,0.0,-801.1466717198819,1194,55,129
2026-02-06T13:48:21.280981,3287,9198.853328280118,8971.50756009291,9198.853328280118,0.0,-801.1466717198819,1194,55,129
2026-02-06T13:49:33.654849,3288,9198.853328280118,8973.534056443174,9198.853328280118,0.0,-801.1466717198819,1194,55,129
2026-02-06T13:50:46.681337,3289,9198.853328280118,8999.581626727242,9198.853328280118,0.0,-801.1466717198819,1194,55,129
2026-02-06T13:51:59.817107,3290,9198.853328280118,8986.248902134854,9198.853328280118,0.0,-801.1466717198819,1194,55,129
2026-02-06T13:53:18.183324,3291,9198.853328280118,8973.89954516045,9198.853328280118,0.0,-801.1466717198819,1194,55,129
2026-02-06T13:54:31.241576,3292,9198.853328280118,8975.879491941738,9198.853328280118,0.0,-801.1466717198819,1194,55,129
2026-02-06T13:55:44.256146,3293,9198.853328280118,8980.654066609979,9198.853328280118,0.0,-801.1466717198819,1194,55,129
2026-02-06T13:56:58.006586,3294,9198.853328280118,8971.36738734688,9198.853328280118,0.0,-801.1466717198819,1194,55,129
2026-02-06T13:58:11.797437,3295,9198.853328280118,8960.479736149546,9198.853328280118,0.0,-801.1466717198819,1194,55,129
2026-02-06T13:59:26.940149,3296,9198.853328280118,8956.291159675271,9198.853328280118,0.0,-801.1466717198819,1194,55,129
2026-02-06T14:00:39.398848,3297,9198.853328280118,8950.735229100075,9198.853328280118,0.0,-801.1466717198819,1194,55,129
2026-02-06T14:01:52.400640,3298,9245.643162426171,8954.675633682768,8571.712303771292,673.9308586548804,-754.3568375738287,1196,55,129
2026-02-06T14:03:04.965433,3299,9244.125808610319,8932.769792199539,8571.712303771292,672.4135048390276,-755.8741913896811,1196,55,129
2026-02-06T14:04:18.502136,3300,9243.779355194796,8933.058715408553,8571.712303771292,672.0670514235038,-756.2206448052038,1196,55,129
2026-02-06T14:05:35.989096,3301,9243.53188846942,8916.572909667373,8571.712303771292,671.8195846981297,-756.4681115305793,1196,55,129
2026-02-06T14:06:48.558594,3302,9243.82884853987,8918.048352455238,8571.712303771292,672.1165447685787,-756.1711514601302,1196,55,129
2026-02-06T14:08:01.782644,3303,9243.213226089902,8907.482957918859,8571.712303771292,671.5009223186089,-756.7867739100984,1196,55,129
2026-02-06T14:09:15.496877,3304,9242.311494724017,8905.008466346644,8571.712303771292,670.5991909527261,-757.6885052759826,1196,55,129
2026-02-06T14:10:28.221097,3305,9242.410481414168,8903.612383467167,8571.712303771292,670.6981776428756,-757.5895185858317,1196,55,129
2026-02-06T14:11:40.920291,3306,9242.11352134372,8897.561483257992,8571.712303771292,670.4012175724267,-757.8864786562808,1196,55,129
2026-02-06T14:12:54.263384,3307,9242.916266019452,8908.507318961578,8571.712303771292,671.2039622481599,-757.0837339805475,1196,55,129
2026-02-06T14:14:07.512097,3308,9243.31221278005,8918.59063398866,8571.712303771292,671.5999090087585,-756.6877872199493,1196,55,129
2026-02-06T14:15:20.279359,3309,9244.411917526233,8925.52992460503,8571.712303771292,672.6996137549409,-755.5880824737669,1196,55,129
2026-02-06T14:16:33.313796,3310,9243.6091728505,8926.620382829944,8571.712303771292,671.8968690792076,-756.3908271495002,1196,55,129
2026-02-06T14:17:51.888369,3311,9243.25186828044,8928.61445091438,8571.712303771292,671.5395645091478,-756.7481317195598,1196,55,129
2026-02-06T14:19:04.455683,3312,9243.103388245216,8917.970143955718,8571.712303771292,671.3910844739233,-756.8966117547843,1196,55,129
2026-02-06T14:20:16.426920,3313,9242.79557702023,8906.127347557991,8571.712303771292,671.0832732489384,-757.2044229797702,1196,55,129
2026-02-06T14:21:29.521317,3314,9242.399630259632,8894.76919874517,8571.712303771292,670.6873264883397,-757.6003697403685,1196,55,129
2026-02-06T14:22:42.598504,3315,9240.623958563869,8877.389881427216,8571.712303771292,668.9116547925771,-759.3760414361313,1196,55,129
2026-02-06T14:23:55.740331,3316,9240.722945254018,8872.417974617467,8571.712303771292,669.0106414827268,-759.2770547459822,1196,55,129
2026-02-06T14:25:08.691254,3317,9240.475478528644,8868.30946938688,8571.712303771292,668.7631747573525,-759.5245214713559,1196,55,129
2026-02-06T14:26:20.918122,3318,9240.574465218793,8874.731941263515,8571.712303771292,668.8621614475023,-759.4255347812068,1196,55,129
2026-02-06T14:27:33.969879,3319,9240.574465218793,8886.118856649036,8571.712303771292,668.8621614475023,-759.4255347812068,1196,55,129
2026-02-06T14:28:46.261663,3320,9241.49789889375,8899.022666630446,8571.712303771292,669.7855951224569,-758.5021011062508,1196,55,129
2026-02-06T14:30:05.218182,3321,9241.805710118733,8911.49182707316,8571.712303771292,670.0934063474417,-758.1942898812667,1196,55,129
2026-02-06T14:31:17.719752,3322,9246.148947031455,8959.597886765632,8571.712303771292,674.4366432601646,-753.8510529685445,1196,55,129
2026-02-06T14:32:30.370430,3323,9243.906132920949,8927.032701293087,8571.712303771292,672.1938291496565,-756.093867079051,1196,55,129
2026-02-06T14:33:43.657272,3324,9248.221578797667,8996.434875844046,8571.712303771292,676.5092750263761,-751.7784212023325,1196,55,129
2026-02-06T14:34:56.133672,3325,9252.168868949791,9039.403701876387,8571.712303771292,680.4565651785003,-747.8311310502086,1196,55,129
2026-02-06T14:36:08.643383,3326,9250.827786205167,9039.99332943547,8571.712303771292,679.1154824338753,-749.1722137948327,1196,55,129
2026-02-06T14:37:21.995940,3327,9253.455695921737,9072.209162303754,8571.712303771292,681.743392150446,-746.5443040782629,1196,55,129
2026-02-06T14:38:34.878744,3328,9253.823851646333,9087.900628678402,8571.712303771292,682.1115478750417,-746.1761483536666,1196,55,129
2026-02-06T14:39:47.445057,3329,9253.296364731978,9065.37232141215,8571.712303771292,681.5840609606856,-746.7036352680225,1196,55,129
2026-02-06T14:41:00.120500,3330,9252.433275556634,9060.990180471703,8571.712303771292,680.7209717853417,-747.5667244433662,1196,55,129
2026-02-06T14:42:20.755415,3331,9251.202030656694,9040.014405901,8571.712303771292,679.4897268854022,-748.7979693433062,1196,55,129
2026-02-06T14:43:34.791254,3332,9251.202030656694,9049.164126016654,8571.712303771292,679.4897268854022,-748.7979693433062,1196,55,129
2026-02-06T14:44:47.309271,3333,9253.851642682337,9077.24952742042,8571.712303771292,682.1393389110447,-746.1483573176629,1196,55,129
2026-02-06T14:46:00.155269,3334,9257.293148229177,9129.058799526505,8571.712303771292,685.5808444578845,-742.706851770823,1196,55,129
2026-02-06T14:47:13.153257,3335,9257.501972764012,9135.117152952518,8571.712303771292,685.7896689927197,-742.498027235988,1196,55,129
2026-02-06T14:48:25.579693,3336,9256.798214778428,9124.234940387298,8571.712303771292,685.0859110071362,-743.2017852215722,1196,55,129
2026-02-06T14:49:38.345912,3337,9254.318785097083,9102.635764506515,8571.712303771292,682.6064813257899,-745.6812149029174,1196,55,129
2026-02-06T14:50:51.673309,3338,9252.741086781618,9084.831382071667,8571.712303771292,681.0287830103266,-747.2589132183821,1196,55,129
2026-02-06T14:52:05.191730,3339,9254.109960562246,9105.555676350004,8571.712303771292,682.3976567909548,-745.8900394377542,1196,55,129
2026-02-06T14:53:18.056672,3340,9254.61574516753,9125.427706398521,8571.712303771292,682.9034413962389,-745.3842548324701,1196,55,129
2026-02-06T14:54:36.532997,3341,9254.637447476602,9089.623254771868,8571.712303771292,682.9251437053107,-745.3625525233983,1196,55,129
2026-02-06T14:55:49.995049,3342,9250.926772895316,9062.33521209483,8571.712303771292,679.214469124025,-749.0732271046836,1196,55,129
2026-02-06T14:57:02.886907,3343,9252.08682214111,9065.928487480125,8571.712303771292,680.3745183698179,-747.9131778588908,1196,55,129
2026-02-06T14:58:15.687344,3344,9253.664520456572,9095.60212441627,8571.712303771292,681.9522166852812,-746.3354795434279,1196,55,129
2026-02-06T14:59:28.497258,3345,9254.973049737591,9117.312679324012,8571.712303771292,683.2607459662987,-745.0269502624087,1196,55,129
2026-02-06T15:00:41.503517,3346,9253.823851646333,9092.057957931487,8571.712303771292,682.1115478750417,-746.1761483536666,1196,55,129
2026-02-06T15:01:54.249021,3347,9253.554682611888,9092.813284665572,8571.712303771292,681.8423788405956,-746.445317388112,1196,55,129
2026-02-06T15:03:06.274527,3348,9253.444844767202,9080.146164409021,8571.712303771292,681.7325409959101,-746.5551552327979,1196,55,129
2026-02-06T15:04:19.731191,3349,9252.14716664072,9081.264279168488,8571.712303771292,680.4348628694286,-747.8528333592803,1196,55,129
2026-02-06T15:05:33.688188,3350,9254.181156216393,9099.290243909492,8571.712303771292,682.4688524451013,-745.818843783607,1196,55,129
2026-02-06T15:06:51.404881,3351,9252.949911316453,9090.706211565792,8571.712303771292,681.2376075451618,-747.0500886835471,1196,55,129
2026-02-06T15:08:05.345515,3352,9251.383064155525,9091.433960589357,8571.712303771292,679.6707603842342,-748.6169358444749,1196,55,129
2026-02-06T15:09:18.672855,3353,9252.323437711948,9105.307743042122,8571.712303771292,680.6111339406561,-747.6765622880521,1196,55,129
2026-02-06T15:10:35.538187,3354,9253.692311492576,9109.233767014535,8571.712303771292,681.9800077212842,-746.3076885074242,1196,55,129
2026-02-06T15:11:47.925214,3355,9255.061185273204,9135.415566498483,8571.712303771292,683.3488815019125,-744.9388147267964,1196,55,129
2026-02-06T15:13:01.261914,3356,9255.061185273204,9108.243896295875,8571.712303771292,683.3488815019125,-744.9388147267964,1196,55,129
2026-02-06T15:14:13.485820,3357,9253.130944815286,9067.183856827367,8571.712303771292,681.418641043994,-746.869055184714,1196,55,129
2026-02-06T15:15:26.351110,3358,9249.667736959374,9058.246879710048,8571.712303771292,677.9554331880823,-750.3322630406255,1196,55,129
2026-02-06T15:16:39.849014,3359,9249.112459009015,9054.544182041564,8571.712303771292,677.4001552377232,-750.8875409909851,1196,55,129
2026-02-06T15:17:53.785097,3360,9251.690875380511,9082.19513647263,8571.712303771292,679.9785716092192,-748.309124619489,1196,55,129
2026-02-06T15:19:12.197770,3361,9251.641382035436,9091.230959063327,8571.712303771292,679.9290782641443,-748.3586179645645,1196,55,129
2026-02-06T15:20:25.248251,3362,9251.641382035436,9080.903308375531,8571.712303771292,679.9290782641443,-748.3586179645645,1196,55,129
2026-02-06T15:21:39.406240,3363,9253.048898006604,9097.559947073967,8571.712303771292,681.3365942353114,-746.9511019933962,1196,55,129
2026-02-06T15:22:52.326292,3364,9253.823851646333,9112.856997385234,8571.712303771292,682.1115478750417,-746.1761483536666,1196,55,129
2026-02-06T15:24:06.194690,3365,9253.229931505435,9094.223457935253,8571.712303771292,681.5176277341436,-746.7700684945648,1196,55,129
2026-02-06T15:25:21.892695,3366,9254.120811716783,9114.564284477627,8571.712303771292,682.4085079454906,-745.8791882832174,1196,55,129
2026-02-06T15:26:35.092519,3367,9253.565533766423,9095.323164480991,8571.712303771292,681.8532299951316,-746.434466233577,1196,55,129
2026-02-06T15:27:48.985422,3368,9252.8231335903,9072.873954693554,8571.712303771292,681.110829819009,-747.1768664096999,1196,55,129
2026-02-06T15:29:01.450696,3369,9252.427186829702,9083.754497273176,8571.712303771292,680.7148830584104,-747.5728131702981,1196,55,129
2026-02-06T15:30:14.645662,3370,9251.503753154748,9094.29545957296,8571.712303771292,679.7914493834558,-748.4962468452522,1196,55,129
2026-02-06T15:31:33.345621,3371,9251.503753154748,9097.790956571227,8571.712303771292,679.7914493834558,-748.4962468452522,1196,55,129
2026-02-06T15:32:50.142763,3372,9251.503753154748,9091.24312947164,8571.712303771292,679.7914493834558,-748.4962468452522,1196,55,129
2026-02-06T15:34:03.594688,3373,9252.734998054688,9122.818140189629,8571.712303771292,681.0226942833953,-747.2650019453122,1196,55,129
2026-02-06T15:35:17.521275,3374,9252.734998054688,9135.870555437405,8571.712303771292,681.0226942833953,-747.2650019453122,1196,55,129
2026-02-06T15:36:30.306191,3375,9252.734998054688,9135.236425309511,8571.712303771292,681.0226942833953,-747.2650019453122,1196,55,129
2026-02-06T15:37:43.800376,3376,9253.042809279672,9133.142377555541,8571.712303771292,681.3305055083802,-746.9571907203281,1196,55,129
2026-02-06T15:38:57.167635,3377,9253.042809279672,9151.18420223964,8571.712303771292,681.3305055083802,-746.9571907203281,1196,55,129
2026-02-06T15:40:11.111843,3378,9256.034112293233,9178.865115059752,8571.712303771292,684.3218085219419,-743.9658877067668,1196,55,129
2026-02-06T15:41:23.258386,3379,9254.802867393295,9157.250762203339,8571.712303771292,683.0905636220025,-745.197132606705,1196,55,129
2026-02-06T15:42:36.154389,3380,9254.802867393295,9171.371674042863,8571.712303771292,683.0905636220025,-745.197132606705,1196,55,129
2026-02-06T15:43:55.888944,3381,9255.418489843263,9199.178979514963,8571.712303771292,683.7061860719722,-744.5815101567368,1196,55,129
2026-02-06T15:45:09.076966,3382,9255.726301068249,9193.893509488718,8571.712303771292,684.0139972969571,-744.2736989317509,1196,55,129
2026-02-06T15:46:22.845609,3383,9256.023261138698,9205.227205693896,8571.712303771292,684.310957367406,-743.9767388613018,1196,55,129
2026-02-06T15:47:36.357638,3384,9256.440910208368,9189.24130798575,8571.712303771292,684.7286064370765,-743.5590897916318,1196,55,129
2026-02-06T15:48:50.412209,3385,9256.748721433352,9197.324297289026,8571.712303771292,685.0364176620614,-743.2512785666477,1196,55,129
2026-02-06T15:50:04.600433,3386,9257.155519348487,9199.038954240246,8571.712303771292,685.4432155771958,-742.8444806515126,1196,55,129
2026-02-06T15:51:18.033725,3387,9256.539896898517,9173.010165566884,8571.712303771292,684.8275931272261,-743.4601031014827,1196,55,129
2026-02-06T15:52:30.587969,3388,9257.155519348487,9179.245409627069,8571.712303771292,685.4432155771958,-742.8444806515126,1196,55,129
2026-02-06T15:53:43.275168,3389,9256.232085673533,9159.379983411343,8571.712303771292,684.5197819022412,-743.7679143264668,1196,55,129
2026-02-06T15:54:56.245315,3390,9255.616463223563,9145.748397006008,8571.712303771292,683.9041594522715,-744.3835367764368,1196,55,129
2026-02-06T15:56:15.379781,3391,9255.945976757619,9166.847528182272,8571.712303771292,684.2336729863282,-744.0540232423809,1196,55,129
2026-02-06T15:57:28.592730,3392,9256.501254707979,9168.100783494621,8571.712303771292,684.7889509366871,-743.4987452920213,1196,55,129
2026-02-06T15:58:41.099908,3393,9256.501254707979,9161.829430680958,8571.712303771292,684.7889509366871,-743.4987452920213,1196,55,129
2026-02-06T15:59:54.966371,3394,9255.68765887771,9162.970435754809,8571.712303771292,683.9753551064181,-744.3123411222896,1196,55,129
2026-02-06T16:01:07.561891,3395,9254.159453907321,9144.424373458423,8571.712303771292,682.4471501360296,-745.8405460926788,1196,55,129
2026-02-06T16:02:20.261496,3396,9255.6273143781,9174.88599307941,8571.712303771292,683.9150106068073,-744.3726856219,1196,55,129
2026-02-06T16:03:32.717638,3397,9255.885632258009,9168.036270750246,8571.712303771292,684.1733284867174,-744.1143677419914,1196,55,129
2026-02-06T16:04:46.554772,3398,9256.809065932965,9189.97544854183,8571.712303771292,685.096762161672,-743.1909340670354,1196,55,129
2026-02-06T16:05:59.996620,3399,9258.51354197458,9199.088664930634,8571.712303771292,686.8012382032882,-741.4864580254198,1196,55,129
2026-02-06T16:07:13.346730,3400,9258.205730749594,9215.900066092965,8571.712303771292,686.4934269783033,-741.7942692504057,1196,55,129
2026-02-06T16:08:32.138215,3401,9259.783429065059,9234.67578486542,8571.712303771292,688.0711252937667,-740.216570934941,1196,55,129
2026-02-06T16:09:45.200403,3402,9259.783429065059,9229.335610095522,8571.712303771292,688.0711252937667,-740.216570934941,1196,55,129
2026-02-06T16:10:59.646714,3403,9259.783429065059,9250.14229693799,8571.712303771292,688.0711252937667,-740.216570934941,1196,55,129
2026-02-06T16:12:12.882296,3404,9262.51032547178,9266.12291330525,8571.712303771292,690.7980217004871,-737.4896745282203,1196,55,129
2026-02-06T16:13:26.520033,3405,9276.709150997078,9266.592996083999,8331.704359265696,945.0047917313827,-723.2908490029222,1197,55,129
2026-02-06T16:14:39.663616,3406,9290.55810998305,9258.481737142203,8098.416637206256,1192.1414727767938,-709.4418900169494,1198,55,129
2026-02-06T16:15:52.766783,3407,9301.497555162121,9249.526541333713,7871.660971364481,1429.8365837976403,-698.502444837879,1199,55,129
2026-02-06T16:17:05.089771,3408,9318.55413416467,9263.839093538787,7651.254464166275,1667.2996699983944,-681.4458658353306,1200,55,129
2026-02-06T16:18:18.787179,3409,9324.015456229588,9239.526485678198,7437.019339169619,1886.996117059969,-675.9845437704116,1201,55,129
2026-02-06T16:19:32.321027,3410,9343.169934247579,9267.707016786691,7228.78279767287,2114.3871365747086,-656.8300657524214,1202,55,129
2026-02-06T16:20:50.033607,3411,9358.515338890727,9277.795263783753,7026.3768793380295,2332.138459552699,-641.4846611092726,1203,55,129
2026-02-06T16:22:03.820478,3412,9374.728144750254,9295.99542256114,6829.638326716565,2545.0898180336894,-625.2718552497463,1204,55,129
2026-02-06T16:23:16.374406,3413,9385.799465791464,9290.114500338925,6638.408453568501,2747.3910122229627,-614.2005342085358,1205,55,129
2026-02-06T16:24:29.529465,3414,9389.781521817642,9291.963511315482,6607.429214118514,2782.3523076991282,-610.218478182358,1206,55,129
2026-02-06T16:25:42.790720,3415,9389.782489132145,9280.160051656101,6607.429214118514,2782.3532750136314,-610.2175108678548,1206,55,129
2026-02-06T16:26:57.035773,3416,9390.940819012258,9305.731493903411,6607.429214118514,2783.511604893743,-609.0591809877424,1206,55,129
2026-02-06T16:28:11.401497,3417,9391.023363183183,9312.757962616666,6607.429214118514,2783.5941490646696,-608.9766368168166,1206,55,129
2026-02-06T16:29:24.034510,3418,9401.91416326438,9337.322579222497,6607.429214118514,2794.484949145866,-598.0858367356195,1206,55,129
2026-02-06T16:30:38.286595,3419,9395.144605363326,9309.235019474832,6607.429214118514,2787.715391244812,-604.8553946366737,1206,55,129
2026-02-06T16:31:51.538658,3420,9395.664141239327,9303.762873577356,6607.429214118514,2788.2349271208127,-604.3358587606726,1206,55,129
2026-02-06T16:33:10.946141,3421,9410.613715249478,9319.858519172069,6414.371879022796,2996.2418362266812,-589.3862847505225,1208,55,129
2026-02-06T16:34:24.682005,3422,9466.81131481191,9309.299380439537,5778.548130993339,3688.2631838185707,-533.18868518809,1212,55,129
2026-02-06T16:35:38.829698,3423,9470.390907284806,9321.225146476034,5778.548130993339,3691.8427762914666,-529.6090927151945,1212,55,129
2026-02-06T16:36:51.711487,3424,9487.993061544037,9345.79206897906,5636.010610428837,3851.9824511151996,-512.0069384559629,1213,55,129
2026-02-06T16:38:05.294528,3425,9532.489335387541,9337.755788799304,5172.09497660707,4360.3943587804715,-467.51066461245864,1216,55,129
2026-02-06T16:39:18.173711,3426,9562.384131593308,9336.704394605285,4883.092101567538,4679.29203002577,-437.61586840669224,1218,55,129
2026-02-06T16:40:30.280745,3427,9558.956538069051,9313.43702059448,4762.642496395539,4796.314041673511,-441.043461930949,1219,55,129
2026-02-06T16:41:43.304688,3428,9568.99617940899,9313.177981909817,4645.163981484448,4923.832197924541,-431.00382059100957,1220,55,129
2026-02-06T16:42:55.697241,3429,9584.000958188604,9312.441238769045,4530.583269941166,5053.4176882474385,-415.9990418113957,1221,55,129
2026-02-06T16:44:08.982114,3430,9585.999311238284,9322.84059043389,4530.583269941166,5055.416041297118,-414.00068876171645,1221,55,129
2026-02-06T16:45:28.228901,3431,9592.559971825256,9328.931555722786,4530.583269941166,5061.976701884091,-407.44002817474393,1221,55,129
2026-02-06T16:46:41.469820,3432,9599.30014275217,9337.418793680345,4530.583269941166,5068.716872811004,-400.69985724782964,1221,55,129
2026-02-06T16:47:55.548857,3433,9597.967533590072,9334.958211666395,4530.583269941166,5067.384263648905,-402.032466409928,1221,55,129
2026-02-06T16:49:07.982204,3434,9604.700427053842,9343.93593929859,4530.583269941166,5074.117157112676,-395.29957294615815,1221,55,129
2026-02-06T16:50:20.520504,3435,9601.898135763557,9331.387327201997,4530.583269941166,5071.314865822392,-398.10186423644336,1221,55,129
2026-02-06T16:51:33.470556,3436,9603.437202705603,9332.658576989432,4530.583269941166,5072.853932764438,-396.56279729439666,1221,55,129
2026-02-06T16:52:48.430150,3437,9602.251363798214,9332.184063271909,4530.583269941166,5071.668093857048,-397.7486362017862,1221,55,129
2026-02-06T16:54:01.532392,3438,9619.151971274494,9366.939374055211,4530.583269941166,5088.568701333328,-380.8480287255061,1221,55,129
2026-02-06T16:55:14.927347,3439,9617.362385342944,9364.312745858415,4530.583269941166,5086.779115401778,-382.6376146570565,1221,55,129
2026-02-06T16:56:27.342071,3440,9613.609051109343,9351.579710167229,4530.583269941166,5083.025781168177,-386.39094889065746,1221,55,129
2026-02-06T16:57:45.977601,3441,9582.283483757728,9292.059126136273,4530.583269941166,5051.700213816562,-417.7165162422716,1221,55,129
2026-02-06T16:59:00.274568,3442,9583.852625473079,9297.010906369233,4530.583269941166,5053.269355531912,-416.14737452692134,1221,55,129
2026-02-06T17:00:13.508991,3443,9586.634259436816,9309.349205394534,4530.583269941166,5056.05098949565,-413.36574056318386,1221,55,129
2026-02-06T17:01:26.325482,3444,9578.584000646348,9282.009960649419,4530.583269941166,5048.000730705183,-421.4159993536523,1221,55,129
2026-02-06T17:02:38.635167,3445,9581.290926167552,9286.464388957582,4530.583269941166,5050.707656226387,-418.70907383244776,1221,55,129
2026-02-06T17:03:51.145321,3446,9597.31865943142,9313.303650291113,4530.583269941166,5066.7353894902535,-402.6813405685807,1221,55,129
2026-02-06T17:05:04.403565,3447,9591.523041340597,9311.433007828084,4530.583269941166,5060.939771399431,-408.47695865940295,1221,55,129
2026-02-06T17:06:17.957000,3448,9589.810367495977,9303.40061292691,4530.583269941166,5059.227097554811,-410.1896325040234,1221,55,129
2026-02-06T17:07:30.837675,3449,9605.023390276969,9301.288096749362,4385.604605303049,5219.418784973919,-394.9766097230313,1222,55,129
2026-02-06T17:08:43.463901,3450,9606.215742815764,9301.951518482307,4385.604605303049,5220.611137512716,-393.7842571842357,1222,55,129
2026-02-06T17:10:03.534276,3451,9627.707605931435,9343.149371687407,4385.604605303049,5242.103000628387,-372.29239406856505,1222,55,129
2026-02-06T17:11:33.599965,3452,9628.857059606653,9344.903598364972,4385.604605303049,5243.252454303605,-371.1429403933471,1222,55,129
2026-02-06T17:12:45.954299,3453,9627.263421499887,9346.970481410037,4385.604605303049,5241.6588161968375,-372.73657850011296,1222,55,129
2026-02-06T17:13:58.307535,3454,9620.296829386314,9336.17125447956,4385.604605303049,5234.6922240832655,-379.70317061368587,1222,55,129
2026-02-06T17:15:11.922344,3455,9632.32881408845,9335.576882951225,4262.807676354563,5369.521137733888,-367.6711859115494,1223,55,129
2026-02-06T17:16:24.171649,3456,9656.048234321042,9355.844617365157,4143.449061416635,5512.599172904406,-343.9517656789576,1224,55,129
2026-02-06T17:17:37.065257,3457,9666.339432428718,9375.02724872974,4143.449061416635,5522.890371012082,-333.6605675712817,1224,55,129
2026-02-06T17:18:52.507229,3458,9677.164394716077,9401.613940765415,4143.449061416635,5533.715333299443,-322.83560528392263,1224,55,129
2026-02-06T17:20:05.015044,3459,9682.354770818329,9402.465956000362,4143.449061416635,5538.905709401693,-317.6452291816713,1224,55,129
2026-02-06T17:21:17.323403,3460,9676.816713944749,9402.061067746505,4143.449061416635,5533.3676525281135,-323.1832860552513,1224,55,129
2026-02-06T17:22:37.359334,3461,9699.181409569244,9410.588965799627,4027.4324876969695,5671.748921872275,-300.81859043075565,1225,55,129
2026-02-06T17:23:50.128557,3462,9702.047576007144,9411.875342511854,4027.4324876969695,5674.6150883101745,-297.952423992856,1225,55,129
2026-02-06T17:25:04.591927,3463,9702.63097017818,9409.149949345694,4027.4324876969695,5675.19848248121,-297.36902982182073,1225,55,129
2026-02-06T17:26:17.100624,3464,9698.42757184216,9402.459076283905,4027.4324876969695,5670.99508414519,-301.5724281578405,1225,55,129
2026-02-06T17:27:30.328129,3465,9704.826851447197,9420.680046924082,4027.4324876969695,5677.394363750227,-295.17314855280347,1225,55,129
2026-02-06T17:28:43.663363,3466,9717.467180355434,9448.257952832339,4027.4324876969695,5690.034692658465,-282.5328196445662,1225,55,129
2026-02-06T17:29:56.397793,3467,9720.591966843978,9444.267542829968,4027.4324876969695,5693.15947914701,-279.4080331560217,1225,55,129
2026-02-06T17:31:09.823564,3468,9725.586036090519,9454.254473201407,4027.4324876969695,5698.1535483935495,-274.413963909481,1225,55,129
2026-02-06T17:32:22.620978,3469,9741.940174280368,9482.596828104779,4027.4324876969695,5714.507686583397,-258.0598257196325,1225,55,129
2026-02-06T17:33:35.046305,3470,9747.368390476197,9501.093237051422,4027.4324876969695,5719.935902779227,-252.6316095238035,1225,55,129
2026-02-06T17:34:54.262800,3471,9743.974461017664,9488.164712399375,4027.4324876969695,5716.541973320695,-256.025538982336,1225,55,129
2026-02-06T17:36:07.844376,3472,9705.308854663912,9415.919076955475,4027.4324876969695,5677.876366966943,-294.6911453360881,1225,55,129
2026-02-06T17:37:20.221181,3473,9689.59239774462,9408.0225155058,4027.4324876969695,5662.159910047651,-310.40760225537997,1225,55,129
2026-02-06T17:38:32.656580,3474,9690.893396031084,9413.572403169404,4027.4324876969695,5663.460908334115,-309.1066039689158,1225,55,129
2026-02-06T17:39:45.815583,3475,9716.17454077713,9448.784111187404,4027.4324876969695,5688.74205308016,-283.82545922286954,1225,55,129
2026-02-06T17:41:16.849605,3476,9713.396470074795,9442.07936227884,4027.4324876969695,5685.963982377825,-286.6035299252053,1225,55,129
2026-02-06T17:43:14.651013,3477,9737.761862146555,9480.498273662246,4027.4324876969695,5710.329374449586,-262.23813785344464,1225,55,129
2026-02-06T17:44:27.385571,3478,9729.52734245755,9451.095297248326,4027.4324876969695,5702.094854760581,-270.4726575424502,1225,55,129
2026-02-06T17:45:41.153467,3479,9737.064822432763,9472.020299019066,4027.4324876969695,5709.632334735794,-262.9351775672367,1225,55,129
2026-02-06T17:46:53.847036,3480,9737.771549959787,9469.158567052247,4027.4324876969695,5710.339062262817,-262.2284500402129,1225,55,129
2026-02-06T17:48:11.720899,3481,9727.841920848488,9467.246747882906,4027.4324876969695,5700.409433151518,-272.15807915151163,1225,55,129
2026-02-06T17:49:24.020946,3482,9713.37661858471,9436.917052764753,4027.4324876969695,5685.944130887741,-286.62338141528926,1225,55,129
2026-02-06T17:50:38.388030,3483,9705.11147631338,9427.446455425517,4027.4324876969695,5677.67898861641,-294.88852368662083,1225,55,129
2026-02-06T17:52:23.561782,3484,9699.807264171814,9431.354838380183,4027.4324876969695,5672.374776474844,-300.1927358281864,1225,55,129
2026-02-06T17:53:36.742459,3485,9681.04817148285,9392.869751312202,4027.4324876969695,5653.61568378588,-318.9518285171507,1225,55,129
2026-02-06T17:54:50.925137,3486,9673.482456866775,9386.185809477236,4027.4324876969695,5646.049969169806,-326.51754313322454,1225,55,129
2026-02-06T17:56:03.725592,3487,9679.2437643007,9389.895438942292,4027.4324876969695,5651.81127660373,-320.7562356993003,1225,55,129
2026-02-06T17:57:16.005019,3488,9579.188821199838,9418.966391623717,5234.308702866263,4344.8801183335745,-420.81117880016245,1227,57,129
2026-02-06T17:58:28.439299,3489,9561.800859702425,9403.3987603557,5352.622565485274,4209.178294217151,-438.19914029757456,1228,57,130
2026-02-06T17:59:41.609405,3490,9539.478752644505,9398.261155776458,5606.519405368857,3932.9593472756474,-460.5212473554948,1229,57,131
2026-02-06T18:00:59.735175,3491,9538.364669294197,9397.776679471333,5606.519405368857,3931.8452639253387,-461.6353307058034,1229,57,131
2026-02-06T18:02:13.725828,3492,9527.99933826906,9382.659716095606,5606.519405368857,3921.4799329002035,-472.0006617309391,1229,57,131
2026-02-06T18:03:26.654269,3493,9527.900847139015,9376.303648486937,5606.519405368857,3921.381441770158,-472.09915286098476,1229,57,131
2026-02-06T18:04:39.630196,3494,9518.15591618246,9350.591486084693,5606.519405368857,3911.6365108136033,-481.8440838175393,1229,57,131
2026-02-06T18:05:55.709946,3495,9516.42473706181,9330.735958541118,5606.519405368857,3909.905331692953,-483.57526293818955,1229,57,131
2026-02-06T18:07:23.451111,3496,9487.262424230372,9268.532282863718,5606.519405368857,3880.7430188615153,-512.7375757696282,1229,57,131
2026-02-06T18:08:40.381327,3497,9477.350920905265,9259.00673516434,5606.519405368857,3870.831515536407,-522.6490790947355,1229,57,131
2026-02-06T18:10:31.203213,3498,9481.445554542774,9257.86596826938,5606.519405368857,3874.9261491739153,-518.5544454572264,1229,57,131
2026-02-06T18:12:37.202310,3499,9489.44290842149,9269.205021239091,5606.519405368857,3882.923503052633,-510.55709157851015,1229,57,131
2026-02-06T18:13:50.556044,3500,9488.705164011753,9272.477595064409,5606.519405368857,3882.1857586428964,-511.29483598824663,1229,57,131
2026-02-06T18:15:09.583848,3501,9490.744465304475,9284.626951720003,5606.519405368857,3884.2250599356175,-509.25553469552506,1229,57,131
2026-02-06T18:16:31.124975,3502,9478.864448493387,9268.504044588957,5606.519405368857,3872.345043124529,-521.1355515066134,1229,57,131
2026-02-06T18:17:44.338442,3503,9479.98895093758,9272.113903855357,5606.519405368857,3873.4695455687233,-520.0110490624193,1229,57,131
2026-02-06T18:18:58.996996,3504,9479.816667806368,9268.112655561968,5606.519405368857,3873.2972624375116,-520.1833321936319,1229,57,131
2026-02-06T18:20:11.898139,3505,9474.284499744645,9255.356517847702,5606.519405368857,3867.765094375788,-525.7155002553554,1229,57,131
2026-02-06T18:21:41.852713,3506,9464.491850727578,9230.13487588298,5606.519405368857,3857.9724453587205,-535.5081492724221,1229,57,131
2026-02-06T18:23:04.540504,3507,9466.314487416174,9221.419606729973,5606.519405368857,3859.7950820473166,-533.6855125838265,1229,57,131
2026-02-06T18:24:37.110892,3508,9457.33799422404,9206.53348050042,5606.519405368857,3850.818588855184,-542.6620057759592,1229,57,131
2026-02-06T18:25:53.120774,3509,9463.682087054647,9217.698673284525,5606.519405368857,3857.16268168579,-536.3179129453529,1229,57,131
2026-02-06T18:27:21.121854,3510,9469.020445951879,9224.232344140628,5606.519405368857,3862.5010405830226,-530.9795540481209,1229,57,131
2026-02-06T18:28:42.259982,3511,9464.836676702016,9219.57599051744,5606.519405368857,3858.3172713331583,-535.1633232979839,1229,57,131
2026-02-06T18:29:56.149547,3512,9466.859383979076,9233.5261758839,5606.519405368857,3860.339978610218,-533.1406160209244,1229,57,131
2026-02-06T18:31:08.928045,3513,9469.717468997165,9237.093559591285,5606.519405368857,3863.1980636283074,-530.2825310028347,1229,57,131
2026-02-06T18:32:22.637414,3514,9467.072250650624,9227.436471365107,5632.321029096202,3834.751221554422,-532.9277493493755,1230,57,132
2026-02-06T18:33:36.252639,3515,9466.637496537604,9227.760027379609,5637.82957728251,3828.807919255093,-533.3625034623965,1231,58,132
2026-02-06T18:34:52.021891,3516,9469.840491438576,9263.654259303295,5637.82957728251,3832.0109141560656,-530.1595085614244,1231,58,132
2026-02-06T18:36:07.435194,3517,9473.778932916655,9263.72898323326,5637.82957728251,3835.949355634145,-526.2210670833447,1231,58,132
2026-02-06T18:37:21.196444,3518,9477.558155524192,9275.170236656806,5637.82957728251,3839.728578241681,-522.4418444758085,1231,58,132
2026-02-06T18:38:34.265378,3519,9485.755408478615,9295.345649961007,5637.82957728251,3847.9258311961053,-514.2445915213848,1231,58,132
2026-02-06T18:39:47.022338,3520,9491.325896134342,9317.565259696748,5637.82957728251,3853.4963188518313,-508.67410386565825,1231,58,132
2026-02-06T18:41:06.277455,3521,9492.957679138413,9316.319495867203,5637.82957728251,3855.1281018559034,-507.04232086158663,1231,58,132
2026-02-06T18:42:19.871825,3522,9489.632099693383,9302.569264853455,5637.82957728251,3851.802522410873,-510.36790030661723,1231,58,132
2026-02-06T18:43:33.071103,3523,9491.776717826535,9315.851566752077,5637.82957728251,3853.9471405440245,-508.2232821734651,1231,58,132
2026-02-06T18:44:45.750387,3524,9491.5700782901,9311.634508726114,5637.82957728251,3853.740501007589,-508.42992170989965,1231,58,132
2026-02-06T18:45:59.341818,3525,9493.127050238443,9318.65236600941,5637.82957728251,3855.297472955932,-506.8729497615568,1231,58,132
2026-02-06T18:47:11.665467,3526,9490.567137447102,9296.434566229469,5637.82957728251,3852.7375601645927,-509.43286255289786,1231,58,132
2026-02-06T18:48:24.776662,3527,9491.979241252744,9315.260445095651,5637.82957728251,3854.149663970234,-508.02075874725597,1231,58,132
2026-02-06T18:49:38.401424,3528,9490.898637355576,9306.668010861147,5637.82957728251,3853.069060073066,-509.1013626444237,1231,58,132
2026-02-06T18:50:51.642989,3529,9490.102265372418,9301.475544721412,5637.82957728251,3852.2726880899063,-509.8977346275824,1231,58,132
2026-02-06T18:52:30.044771,3530,9479.73383217795,9264.895366271727,5637.82957728251,3841.9042548954394,-520.2661678220502,1231,58,132
2026-02-06T18:53:49.327024,3531,9478.224988804785,9273.811568241537,5637.82957728251,3840.3954115222746,-521.7750111952155,1231,58,132
2026-02-06T18:55:01.997348,3532,9479.483315331165,9278.851858521446,5637.82957728251,3841.653738048654,-520.5166846688353,1231,58,132
2026-02-06T18:56:14.947015,3533,9483.137193111657,9280.382556381244,5637.82957728251,3845.3076158291465,-516.8628068883427,1231,58,132
2026-02-06T18:57:29.743506,3534,9479.465088221272,9269.109914437347,5637.82957728251,3841.6355109387614,-520.5349117787282,1231,58,132
2026-02-06T18:58:42.351609,3535,9478.968979892918,9268.477855938494,5637.82957728251,3841.139402610408,-521.0310201070824,1231,58,132
2026-02-06T18:59:54.997485,3536,9478.475168431403,9268.285774890632,5637.82957728251,3840.6455911488924,-521.5248315685967,1231,58,132
2026-02-06T19:01:07.953171,3537,9477.30563998307,9273.209656477573,5637.82957728251,3839.4760627005585,-522.6943600169307,1231,58,132
2026-02-06T19:02:20.637307,3538,9480.982679243076,9282.711986109976,5637.82957728251,3843.153101960565,-519.0173207569242,1231,58,132
2026-02-06T19:03:33.104096,3539,9482.765922675735,9286.171234933228,5637.82957728251,3844.9363453932237,-517.234077324265,1231,58,132
2026-02-06T19:04:45.938732,3540,9482.673295347699,9285.948875093394,5637.82957728251,3844.843718065188,-517.3267046523015,1231,58,132
2026-02-06T19:06:03.466871,3541,9481.57045531678,9283.46289812124,5637.82957728251,3843.74087803427,-518.4295446832202,1231,58,132
2026-02-06T19:07:16.659061,3542,9486.12316985161,9295.847297066688,5637.82957728251,3848.293592569099,-513.8768301483906,1231,58,132
2026-02-06T19:08:29.328456,3543,9487.125969371315,9295.19265547037,5637.82957728251,3849.296392088805,-512.8740306286854,1231,58,132
2026-02-06T19:09:42.077325,3544,9484.859957142691,9276.799101203167,5637.82957728251,3847.0303798601803,-515.1400428573088,1231,58,132
2026-02-06T19:10:55.288991,3545,9465.563824794295,9236.571405628749,5637.82957728251,3827.734247511784,-534.4361752057048,1231,58,132
2026-02-06T19:12:22.531706,3546,9473.336807148109,9257.43188250477,5637.82957728251,3835.507229865599,-526.6631928518909,1231,58,132
2026-02-06T19:13:35.545122,3547,9466.860447853427,9238.802989249976,5637.82957728251,3829.0308705709162,-533.1395521465729,1231,58,132
2026-02-06T19:14:48.981056,3548,9459.96039042577,9230.056950651157,5637.82957728251,3822.1308131432593,-540.0396095742308,1231,58,132
2026-02-06T19:16:01.078919,3549,9460.511232312507,9236.061678938953,5637.82957728251,3822.6816550299964,-539.4887676874932,1231,58,132
2026-02-06T19:17:21.078780,3550,9452.705193218704,9213.866415481796,5637.82957728251,3814.8756159361938,-547.2948067812958,1231,58,132
2026-02-06T19:18:39.254383,3551,9455.913812425648,9215.155341475134,5637.82957728251,3818.0842351431374,-544.0861875743522,1231,58,132
2026-02-06T19:19:51.857428,3552,9456.970560713291,9233.97777937261,5637.82957728251,3819.140983430781,-543.029439286709,1231,58,132
2026-02-06T19:21:04.257719,3553,9475.697063470885,9259.917990091139,5404.799288088167,4070.8977753827185,-524.302936529115,1232,58,132
2026-02-06T19:22:18.286743,3554,9478.244430661689,9242.17418600617,5181.400917513855,4296.8435131478345,-521.755569338311,1233,58,132
2026-02-06T19:23:31.842100,3555,9491.640254394497,9262.816768731302,4967.236346256616,4524.40390813788,-508.3597456055031,1234,58,132
2026-02-06T19:24:44.903361,3556,9498.19900147408,9269.925018033951,4761.923910611343,4736.275090862739,-501.80099852591957,1235,58,132
2026-02-06T19:25:57.929317,3557,9510.54697263504,9283.996149615623,4565.097722306074,4945.449250328967,-489.4530273649598,1236,58,132
2026-02-06T19:27:11.011364,3558,9524.097365947953,9293.385431144623,4376.407016450756,5147.690349497198,-475.9026340520468,1237,58,132
2026-02-06T19:28:25.286863,3559,9517.340044978097,9272.110989011839,4195.515526437458,5321.824518540638,-482.65995502190344,1238,58,132
2026-02-06T19:29:38.143544,3560,9521.373084938063,9272.337207623092,4022.1008846780433,5499.2722002600185,-478.6269150619373,1239,58,132
2026-02-06T19:30:57.246791,3561,9524.650576625205,9265.112780098778,3855.854048111351,5668.796528513853,-475.34942337479515,1240,58,132
2026-02-06T19:32:10.416667,3562,9523.236124349864,9265.100865801915,3855.854048111351,5667.382076238513,-476.76387565013647,1240,58,132
2026-02-06T19:33:22.911798,3563,9536.31767355742,9281.661142340177,3855.854048111351,5680.463625446069,-463.68232644258023,1240,58,132
2026-02-06T19:34:35.970031,3564,9536.79895769227,9291.33972638212,3855.854048111351,5680.944909580919,-463.20104230772995,1240,58,132
2026-02-06T19:35:48.555369,3565,9536.179222282519,9285.759819701012,3855.854048111351,5680.325174171168,-463.8207777174812,1240,58,132
2026-02-06T19:37:01.105232,3566,9530.286981383102,9273.112513730413,3855.854048111351,5674.432933271752,-469.7130186168979,1240,58,132
2026-02-06T19:38:13.820577,3567,9530.340892488432,9269.851631326814,3855.854048111351,5674.48684437708,-469.65910751156844,1240,58,132
2026-02-06T19:39:27.019658,3568,9530.389174942093,9273.34257938745,3855.854048111351,5674.535126830741,-469.6108250579073,1240,58,132
2026-02-06T19:40:39.896859,3569,9527.991446932076,9256.525292966147,3855.854048111351,5672.137398820724,-472.00855306792437,1240,58,132
2026-02-06T19:41:52.638435,3570,9526.343126348958,9258.195512956256,3855.854048111351,5670.489078237607,-473.6568736510417,1240,58,132
2026-02-06T19:43:10.998059,3571,9532.95814022977,9270.296461799015,3855.854048111351,5677.1040921184185,-467.0418597702301,1240,58,132
2026-02-06T19:44:24.681960,3572,9529.668293099296,9272.555039334673,3855.854048111351,5673.814244987945,-470.3317069007044,1240,58,132
2026-02-06T19:45:37.029854,3573,9529.729385081155,9277.401174953264,3855.854048111351,5673.875336969803,-470.27061491884524,1240,58,132
2026-02-06T19:46:49.356488,3574,9544.907746228233,9279.66397376183,3855.854048111351,5689.0536981168825,-455.092253771767,1240,58,132
2026-02-06T19:48:02.646725,3575,9545.09366214804,9286.973107966092,3855.854048111351,5689.239614036688,-454.9063378519604,1240,58,132
2026-02-06T19:49:16.584923,3576,9555.160199288146,9304.601526494625,3855.854048111351,5699.306151176795,-444.83980071185397,1240,58,132
2026-02-06T19:50:29.662318,3577,9556.556222231668,9290.186169898247,3855.854048111351,5700.702174120316,-443.44377776833244,1240,58,132
2026-02-06T19:51:41.783764,3578,9550.543659817376,9294.155176997765,3855.854048111351,5694.689611706025,-449.45634018262353,1240,58,132
2026-02-06T19:52:56.276555,3579,9552.74812812385,9305.378108509529,3855.854048111351,5696.894080012499,-447.2518718761494,1240,58,132
2026-02-06T19:54:08.646544,3580,9557.840763982971,9310.676032115916,3855.854048111351,5701.98671587162,-442.1592360170289,1240,58,132
2026-02-06T19:55:27.227434,3581,9563.136745745673,9311.450320322481,3855.854048111351,5707.282697634322,-436.86325425432733,1240,58,132
2026-02-06T19:56:40.649185,3582,9560.057880681283,9311.711088191165,3855.854048111351,5704.203832569931,-439.94211931871723,1240,58,132
2026-02-06T19:57:54.054920,3583,9572.396933056198,9329.364887894553,3855.854048111351,5716.542884944847,-427.60306694380233,1240,58,132
2026-02-06T19:59:06.918177,3584,9567.770514606083,9316.475253346256,3855.854048111351,5711.916466494732,-432.22948539391655,1240,58,132
2026-02-06T20:00:20.608776,3585,9555.801554272868,9305.747882344174,3956.182519702422,5599.619034570446,-444.1984457271319,1241,58,133
2026-02-06T20:01:33.207713,3586,9551.582676887774,9308.02345217585,3995.022488553374,5556.560188334401,-448.41732311222586,1242,59,133
2026-02-06T20:02:46.546339,3587,9551.669353214145,9311.156597563597,3995.022488553374,5556.646864660771,-448.3306467858547,1242,59,133
2026-02-06T20:03:59.440913,3588,9554.905942897909,9318.749400358938,3995.022488553374,5559.883454344535,-445.094057102091,1242,59,133
2026-02-06T20:05:13.974194,3589,9551.916052568793,9302.411746064618,4010.13010996928,5541.785942599513,-448.083947431207,1243,59,134
2026-02-06T20:06:26.393397,3590,9551.875645273707,9301.349035881945,4010.13010996928,5541.745535304427,-448.12435472629295,1243,59,134
2026-02-06T20:07:45.448542,3591,9551.752961321108,9292.474126504818,4010.13010996928,5541.622851351829,-448.24703867889184,1243,59,134
2026-02-06T20:08:58.013188,3592,9525.293580150104,9273.080252932465,4010.13010996928,5515.163470180824,-474.7064198498956,1243,59,134
2026-02-06T20:10:11.732904,3593,9525.286364561696,9272.935717914497,4010.13010996928,5515.156254592416,-474.71363543830375,1243,59,134
2026-02-06T20:11:26.859267,3594,9520.8518043235,9270.480989422984,4010.13010996928,5510.72169435422,-479.1481956765001,1243,59,134
2026-02-06T20:12:39.739378,3595,9518.841236341079,9267.876268224252,4010.13010996928,5508.7111263718,-481.1587636589211,1243,59,134
2026-02-06T20:13:53.165008,3596,9514.151234671619,9250.838474059497,4010.13010996928,5504.02112470234,-485.848765328381,1243,59,134
2026-02-06T20:15:07.441017,3597,9513.314099886571,9259.991433014859,4010.13010996928,5503.183989917291,-486.68590011342894,1243,59,134
2026-02-06T20:16:20.308719,3598,9513.276489561376,9258.469819716032,4010.13010996928,5503.146379592097,-486.72351043862363,1243,59,134
2026-02-06T20:17:32.620144,3599,9507.312060790113,9238.389038572275,4010.13010996928,5497.181950820833,-492.6879392098872,1243,59,134
2026-02-06T20:18:45.988196,3600,9507.537241702044,9252.632137268674,4010.13010996928,5497.407131732764,-492.4627582979556,1243,59,134
2026-02-06T20:20:05.171536,3601,9511.260559831644,9255.369061354113,4010.13010996928,5501.130449862363,-488.73944016835594,1243,59,134
2026-02-06T20:21:17.279597,3602,9510.519261098485,9256.060442495225,4010.13010996928,5500.389151129205,-489.480738901515,1243,59,134
2026-02-06T20:22:29.898324,3603,9505.759657943765,9248.140710693011,4010.13010996928,5495.629547974485,-494.240342056235,1243,59,134
2026-02-06T20:23:42.989044,3604,9512.946188894686,9268.943412479624,4010.13010996928,5502.816078925406,-487.0538111053138,1243,59,134
2026-02-06T20:24:56.589348,3605,9509.06868936562,9259.467130652187,4010.13010996928,5498.938579396341,-490.93131063437977,1243,59,134
2026-02-06T20:26:08.661665,3606,9505.181658317482,9251.565304676247,4010.13010996928,5495.051548348202,-494.8183416825177,1243,59,134
2026-02-06T20:27:22.667922,3607,9514.096776702823,9265.517750564399,4010.13010996928,5503.966666733543,-485.90322329717674,1243,59,134
2026-02-06T20:28:35.084041,3608,9514.150796915332,9272.159896613663,4010.13010996928,5504.020686946052,-485.84920308466826,1243,59,134
2026-02-06T20:29:47.684774,3609,9528.191785750412,9281.14491993852,3827.697902497265,5700.493883253148,-471.80821424958776,1246,59,134
2026-02-06T20:31:01.655263,3610,9531.97507323285,9272.75037672087,3660.8868279064345,5871.088245326416,-468.02492676714974,1248,59,134
2026-02-06T20:32:19.830668,3611,9535.30980988344,9276.955312249827,3660.8868279064345,5874.422981977005,-464.6901901165602,1248,59,134
2026-02-06T20:33:32.845351,3612,9537.618180876394,9281.745644089375,3660.8868279064345,5876.7313529699595,-462.38181912360596,1248,59,134
2026-02-06T20:34:45.846568,3613,9566.015882005086,9321.13572040681,3660.8868279064345,5905.12905409865,-433.9841179949144,1248,59,134
2026-02-06T20:36:00.475540,3614,9591.400583931747,9369.823836303058,3660.8868279064345,5930.513756025313,-408.59941606825305,1248,59,134
2026-02-06T20:37:13.628716,3615,9590.4814364902,9359.945464891218,3660.8868279064345,5929.594608583765,-409.5185635098005,1248,59,134
2026-02-06T20:38:26.060054,3616,9588.913983525152,9335.516522435742,3660.8868279064345,5928.027155618717,-411.0860164748483,1248,59,134
2026-02-06T20:39:40.517976,3617,9561.89638402738,9308.532979469637,3509.5701723529687,6052.326211674411,-438.1036159726209,1249,59,134
2026-02-06T20:40:53.704266,3618,9554.949769081664,9297.68337364476,3364.5079385623794,6190.441830519286,-445.0502309183357,1250,59,134
2026-02-06T20:42:07.211360,3619,9557.066317821276,9303.454923494504,3364.5079385623794,6192.558379258897,-442.93368217872376,1250,59,134
2026-02-06T20:43:19.883699,3620,9548.55362147061,9286.586389323922,3364.5079385623794,6184.04568290823,-451.44637852939013,1250,59,134
2026-02-06T20:44:39.095669,3621,9555.269213143689,9294.336723680957,3364.5079385623794,6190.76127458131,-444.73078685631117,1250,59,134
2026-02-06T20:45:51.633153,3622,9556.144753499273,9298.91033078913,3364.5079385623794,6191.636814936893,-443.85524650072693,1250,59,134
2026-02-06T20:47:04.451985,3623,9555.426463807265,9291.077465171153,3365.7090905899863,6189.71737321728,-444.57353619273454,1251,59,135
2026-02-06T20:48:18.402738,3624,9551.446737055872,9291.506113202853,3365.7090905899863,6185.7376464658855,-448.5532629441277,1251,59,135
2026-02-06T20:49:31.829828,3625,9556.045130949591,9295.615798142493,3365.7090905899863,6190.336040359604,-443.9548690504089,1251,59,135
2026-02-06T20:50:46.278320,3626,9560.311123621937,9307.443161153566,3365.7090905899863,6194.602033031952,-439.68887637806256,1251,59,135
2026-02-06T20:51:59.006879,3627,9576.912907125927,9325.728677916153,3365.7090905899863,6211.20381653594,-423.0870928740733,1251,59,135
2026-02-06T20:53:12.733019,3628,9570.714980655623,9312.062330393752,3365.7090905899863,6205.005890065637,-429.28501934437736,1251,59,135
2026-02-06T20:54:25.495277,3629,9569.592699755518,9303.726719784048,3365.7090905899863,6203.883609165531,-430.40730024448203,1251,59,135
2026-02-06T20:55:38.256910,3630,9563.957704084063,9284.55703068027,3365.7090905899863,6198.248613494077,-436.04229591593685,1251,59,135
2026-02-06T20:56:57.297492,3631,9541.517511357873,9255.001772935422,3365.7090905899863,6175.808420767887,-458.48248864212655,1251,59,135
2026-02-06T20:58:11.055271,3632,9538.322593660667,9253.780617198217,3365.7090905899863,6172.613503070681,-461.6774063393332,1251,59,135
2026-02-06T20:59:23.610316,3633,9544.036577539186,9268.339019109291,3365.7090905899863,6178.327486949199,-455.9634224608144,1251,59,135
2026-02-06T21:00:36.009513,3634,9542.243365018157,9268.695100148649,3365.7090905899863,6176.534274428171,-457.7566349818426,1251,59,135
2026-02-06T21:01:48.811995,3635,9543.171331645248,9274.408518240916,3365.7090905899863,6177.462241055261,-456.82866835475215,1251,59,135
2026-02-06T21:03:02.041187,3636,9552.057927487936,9278.920678699606,3365.7090905899863,6186.348836897951,-447.94207251206353,1251,59,135
2026-02-06T21:04:14.457938,3637,9553.773532479512,9277.65174339471,3365.7090905899863,6188.064441889525,-446.22646752048786,1251,59,135
2026-02-06T21:05:27.089996,3638,9548.005353760234,9272.179601650669,3365.7090905899863,6182.2962631702485,-451.99464623976564,1251,59,135
2026-02-06T21:06:40.552486,3639,9537.150684778419,9250.925113225052,3365.7090905899863,6171.441594188433,-462.8493152215815,1251,59,135
2026-02-06T21:07:53.474130,3640,9514.265141395352,9222.113098098143,3365.7090905899863,6148.556050805366,-485.73485860464825,1251,59,135
2026-02-06T21:09:12.281899,3641,9516.265286327594,9245.74623924171,3365.7090905899863,6150.556195737608,-483.73471367240563,1251,59,135
2026-02-06T21:10:25.833279,3642,9540.162628013119,9258.717917472413,3365.7090905899863,6174.453537423132,-459.8373719868814,1251,59,135
2026-02-06T21:11:39.246597,3643,9543.306271792117,9266.417485061731,3365.7090905899863,6177.597181202131,-456.6937282078834,1251,59,135
2026-02-06T21:12:52.643635,3644,9543.5652083537,9261.92185789321,3365.7090905899863,6177.856117763714,-456.43479164629935,1251,59,135
2026-02-06T21:14:05.145517,3645,9543.305249005254,9263.291263298177,3365.7090905899863,6177.596158415267,-456.69475099474585,1251,59,135
2026-02-06T21:15:18.265760,3646,9543.125555928655,9263.26454409915,3365.7090905899863,6177.416465338668,-456.87444407134535,1251,59,135
2026-02-06T21:16:31.434482,3647,9545.16342433193,9262.552927154638,3365.7090905899863,6179.454333741943,-454.8365756680705,1251,59,135
2026-02-06T21:17:43.883446,3648,9545.893150140102,9259.028009772772,3365.7090905899863,6180.184059550116,-454.1068498598979,1251,59,135
2026-02-06T21:18:57.087889,3649,9546.946139277112,9275.642474121367,3365.7090905899863,6181.237048687126,-453.0538607228882,1251,59,135
2026-02-06T21:20:10.539188,3650,9547.513969239782,9279.511572325817,3365.7090905899863,6181.804878649796,-452.48603076021755,1251,59,135
2026-02-06T21:21:28.012510,3651,9547.979625050022,9287.185383486365,3365.7090905899863,6182.270534460035,-452.02037494997785,1251,59,135
2026-02-06T21:22:40.722681,3652,9547.853539092399,9285.901684252209,3365.7090905899863,6182.144448502412,-452.14646090760107,1251,59,135
2026-02-06T21:23:54.812666,3653,9548.434226434718,9295.531698394816,3365.7090905899863,6182.725135844731,-451.56577356528214,1251,59,135
2026-02-06T21:25:08.427519,3654,9556.519713807971,9292.277439876914,3365.7090905899863,6190.810623217984,-443.48028619202887,1251,59,135
2026-02-06T21:26:20.751329,3655,9569.186681805944,9313.533909161833,3365.7090905899863,6203.4775912159585,-430.8133181940557,1251,59,135
2026-02-06T21:27:33.491000,3656,9574.919345930044,9318.411149531004,3365.7090905899863,6209.210255340058,-425.0806540699559,1251,59,135
2026-02-06T21:28:46.614874,3657,9576.897407068636,9320.871001727659,3365.7090905899863,6211.1883164786495,-423.1025929313637,1251,59,135
2026-02-06T21:29:59.090010,3658,9574.115557111842,9314.467118852326,3365.7090905899863,6208.406466521855,-425.88444288815845,1251,59,135
2026-02-06T21:31:12.046515,3659,9570.737764460513,9308.19812919715,3365.7090905899863,6205.028673870527,-429.26223553948694,1251,59,135
2026-02-06T21:32:24.416276,3660,9569.953708689301,9299.951809008138,3365.7090905899863,6204.244618099315,-430.0462913106985,1251,59,135
2026-02-06T21:33:42.767070,3661,9563.772166827996,9288.020004948889,3365.7090905899863,6198.063076238009,-436.22783317200447,1251,59,135
2026-02-06T21:34:55.917518,3662,9556.258561581006,9270.586944408951,3365.7090905899863,6190.549470991019,-443.7414384189942,1251,59,135
2026-02-06T21:36:08.454795,3663,9550.402167063648,9272.555380709056,3365.7090905899863,6184.693076473663,-449.59783293635155,1251,59,135
2026-02-06T21:37:22.549776,3664,9551.52463033874,9272.050470869302,3365.7090905899863,6185.815539748753,-448.47536966126063,1251,59,135
2026-02-06T21:38:35.226813,3665,9555.180203895385,9274.981933657418,3365.7090905899863,6189.471113305398,-444.8197961046153,1251,59,135
2026-02-06T21:39:48.487033,3666,9559.833339761914,9285.264622598474,3371.7168164396103,6188.116523322304,-440.1666602380865,1252,60,135
2026-02-06T21:41:00.965640,3667,9559.818564619618,9283.907848977458,3374.0398037681316,6185.7787608514855,-440.181435380382,1253,60,136
2026-02-06T21:42:14.501579,3668,9561.497846606795,9285.6776231974,3374.0398037681316,6187.458042838663,-438.50215339320494,1253,60,136
2026-02-06T21:43:26.841691,3669,9562.619311008952,9287.276170199584,3374.0398037681316,6188.579507240819,-437.3806889910484,1253,60,136
2026-02-06T21:44:39.728847,3670,9562.20567935663,9285.224494534417,3374.0398037681316,6188.165875588497,-437.79432064337016,1253,60,136
2026-02-06T21:45:58.740680,3671,9562.141248646596,9284.519722167195,3374.0398037681316,6188.101444878464,-437.85875135340393,1253,60,136
2026-02-06T21:47:12.205819,3672,9564.463672358968,9288.068001816879,3374.0398037681316,6190.423868590838,-435.5363276410317,1253,60,136
2026-02-06T21:48:25.064907,3673,9563.400028341148,9281.873379854067,3374.0398037681316,6189.360224573017,-436.59997165885216,1253,60,136
2026-02-06T21:49:37.099442,3674,9563.7342443103,9283.796617334308,3374.0398037681316,6189.694440542168,-436.2657556896993,1253,60,136
2026-02-06T21:50:50.210101,3675,9569.103376228437,9302.857073822866,3374.0398037681316,6195.063572460305,-430.8966237715631,1253,60,136
2026-02-06T21:52:02.696907,3676,9568.088334442189,9299.047178342898,3374.0398037681316,6194.0485306740575,-431.9116655578109,1253,60,136
2026-02-06T21:53:15.213645,3677,9568.37392469418,9302.05534291904,3374.0398037681316,6194.33412092605,-431.62607530581954,1253,60,136
2026-02-06T21:54:27.854208,3678,9567.823178183775,9297.533363094235,3374.0398037681316,6193.783374415644,-432.17682181622513,1253,60,136
2026-02-06T21:55:42.220514,3679,9569.845611326076,9295.885992593203,3374.0398037681316,6195.805807557945,-430.1543886739237,1253,60,136
2026-02-06T21:56:54.545824,3680,9570.299364786897,9301.600061305604,3374.0398037681316,6196.259561018765,-429.70063521310294,1253,60,136
2026-02-06T21:58:12.404147,3681,9572.11210527883,9299.883529342032,3374.0398037681316,6198.072301510698,-427.8878947211706,1253,60,136
2026-02-06T21:59:25.164868,3682,9574.062075968803,9298.930942952054,3374.0398037681316,6200.02227220067,-425.9379240311973,1253,60,136
2026-02-06T22:00:38.644486,3683,9573.389110027696,9297.225913321097,3374.0398037681316,6199.3493062595635,-426.610889972304,1253,60,136
2026-02-06T22:01:51.069791,3684,9571.170163519186,9294.912747865332,3374.0398037681316,6197.130359751055,-428.82983648081427,1253,60,136
2026-02-06T22:03:03.924174,3685,9574.425634985822,9298.012107217397,3374.0398037681316,6200.38583121769,-425.5743650141776,1253,60,136
2026-02-06T22:04:17.779961,3686,9568.78708595155,9303.050548893603,3374.0398037681316,6194.747282183417,-431.21291404845033,1253,60,136
2026-02-06T22:05:30.550779,3687,9579.665604977119,9322.599627433394,3374.0398037681316,6205.6258012089875,-420.3343950228809,1253,60,136
2026-02-06T22:06:43.380862,3688,9598.309092565421,9341.698062072715,3374.0398037681316,6224.269288797289,-401.69090743457855,1253,60,136
2026-02-06T22:07:56.063504,3689,9596.174974432344,9336.10975547721,3374.0398037681316,6222.135170664213,-403.82502556765576,1253,60,136
2026-02-06T22:09:08.780553,3690,9596.17766429718,9338.385830373878,3374.0398037681316,6222.137860529048,-403.82233570282006,1253,60,136
2026-02-06T22:10:26.737939,3691,9596.776507399707,9340.21175527197,3374.0398037681316,6222.7367036315745,-403.22349260029296,1253,60,136
2026-02-06T22:11:39.356877,3692,9594.055210552848,9330.4717938349,3374.0398037681316,6220.015406784717,-405.9447894471523,1253,60,136
2026-02-06T22:12:53.394629,3693,9590.245070699335,9333.206962912966,3374.0398037681316,6216.205266931203,-409.754929300665,1253,60,136
2026-02-06T22:14:05.908827,3694,9576.071831966592,9299.980442530288,3374.0398037681316,6202.0320281984605,-423.9281680334079,1253,60,136
2026-02-06T22:15:19.590624,3695,9576.320404949125,9304.473607965874,3374.0398037681316,6202.2806011809935,-423.6795950508749,1253,60,136
2026-02-06T22:16:32.734656,3696,9573.466485762914,9312.001998952652,3374.0398037681316,6199.4266819947825,-426.5335142370859,1253,60,136
2026-02-06T22:17:46.761019,3697,9576.36491863147,9312.543245497885,3374.0398037681316,6202.325114863339,-423.6350813685294,1253,60,136
2026-02-06T22:18:59.334081,3698,9573.251117232074,9311.951294118571,3374.0398037681316,6199.211313463941,-426.74888276792626,1253,60,136
2026-02-06T22:20:12.502190,3699,9575.407476451444,9315.524109217093,3374.0398037681316,6201.367672683313,-424.5925235485556,1253,60,136
2026-02-06T22:21:25.913782,3700,9574.92876981376,9312.409905430564,3374.0398037681316,6200.888966045627,-425.0712301862404,1253,60,136
2026-02-06T22:22:44.164537,3701,9581.158297079972,9318.24328172567,3374.0398037681316,6207.11849331184,-418.8417029200282,1253,60,136
2026-02-06T22:23:56.464247,3702,9585.888880115674,9326.793963356635,3374.969070066278,6210.919810049395,-414.1111198843264,1254,61,136
2026-02-06T22:25:09.359361,3703,9586.140081540967,9328.660782893605,3374.969070066278,6211.171011474688,-413.859918459033,1254,61,136
2026-02-06T22:26:22.883588,3704,9586.193912322511,9328.670344104394,3374.969070066278,6211.2248422562325,-413.8060876774889,1254,61,136
2026-02-06T22:27:35.474865,3705,9592.168626239793,9335.682978006293,3374.969070066278,6217.199556173514,-407.8313737602075,1254,61,136
2026-02-06T22:28:47.678141,3706,9592.406942245689,9335.007243411212,3374.969070066278,6217.43787217941,-407.5930577543113,1254,61,136
2026-02-06T22:30:00.728790,3707,9594.095723501392,9340.353623343202,3374.969070066278,6219.126653435113,-405.90427649860794,1254,61,136
2026-02-06T22:31:13.435668,3708,9597.438524369723,9349.889441272562,3374.969070066278,6222.469454303446,-402.5614756302766,1254,61,136
2026-02-06T22:32:25.544160,3709,9597.889682013589,9351.463047298192,3374.969070066278,6222.92061194731,-402.11031798641125,1254,61,136
2026-02-06T22:33:38.221287,3710,9597.973353654183,9351.866734542644,3374.969070066278,6223.004283587904,-402.0266463458174,1254,61,136
2026-02-06T22:34:57.526876,3711,9615.425032304334,9374.997187097557,3374.969070066278,6240.455962238056,-384.5749676956657,1254,61,136
2026-02-06T22:36:09.900233,3712,9616.308979377534,9387.19484715268,3374.969070066278,6241.339909311257,-383.69102062246566,1254,61,136
2026-02-06T22:37:22.722447,3713,9641.001841770854,9397.719812992711,3374.969070066278,6266.032771704576,-358.9981582291457,1254,61,136
2026-02-06T22:38:35.352602,3714,9648.447040420771,9414.56507745504,3374.969070066278,6273.477970354494,-351.5529595792286,1254,61,136
2026-02-06T22:39:49.548069,3715,9645.608167415327,9400.269851673966,3374.969070066278,6270.639097349049,-354.39183258467347,1254,61,136
2026-02-06T22:41:01.885363,3716,9640.78998687235,9392.38542271185,3374.969070066278,6265.820916806072,-359.2100131276493,1254,61,136
2026-02-06T22:42:14.762445,3717,9643.012148722451,9386.983224565904,2987.799348105767,6655.212800616685,-356.98785127754854,1260,61,136
2026-02-06T22:43:29.322795,3718,9646.424379016293,9386.586624731957,2645.0449646242055,7001.379414392087,-353.57562098370727,1266,61,136
2026-02-06T22:44:42.810259,3719,9636.946754315604,9377.992634944827,2588.7762938558153,7048.170460459789,-363.05324568439573,1267,61,136
2026-02-06T22:45:55.943247,3720,9636.635618798151,9374.96442707143,2586.5668697113633,7050.068749086787,-363.364381201849,1268,61,136
2026-02-06T22:47:15.096157,3721,9632.817253099225,9372.860914697994,2584.92424485292,7047.893008246306,-367.1827469007749,1269,61,136
2026-02-06T22:48:27.812089,3722,9635.602197423557,9391.34375016976,2584.92424485292,7050.677952570638,-364.3978025764427,1269,61,136
2026-02-06T22:49:40.809009,3723,9656.76398962509,9400.566626612172,2512.5463659970383,7144.217623628051,-343.2360103749106,1270,61,136
2026-02-06T22:50:53.329856,3724,9656.143951724842,9398.152861403287,2462.4192868127034,7193.724664912139,-343.8560482751582,1272,61,136
2026-02-06T22:52:07.133263,3725,9655.268526568843,9404.45490114574,2452.3293056140596,7202.939220954783,-344.7314734311567,1274,61,136
2026-02-06T22:53:19.849524,3726,9653.734256938997,9400.559630485177,2452.3293056140596,7201.4049513249365,-346.2657430610034,1274,61,136
2026-02-06T22:54:32.131705,3727,9654.323413978917,9405.581084511572,2452.3293056140596,7201.994108364856,-345.6765860210835,1274,61,136
2026-02-06T22:55:45.636252,3728,9654.64906938534,9403.598094904006,2452.3293056140596,7202.31976377128,-345.3509306146607,1274,61,136
2026-02-06T22:56:58.921088,3729,9654.67843636777,9400.395842910908,2452.3293056140596,7202.349130753711,-345.3215636322293,1274,61,136
2026-02-06T22:58:11.992517,3730,9647.362098872663,9398.930302498156,2452.3293056140596,7195.032793258603,-352.6379011273366,1274,61,136
2026-02-06T22:59:29.564542,3731,9648.127434432088,9397.100828800354,2452.3293056140596,7195.798128818028,-351.8725655679118,1274,61,136
2026-02-06T23:00:43.122867,3732,9643.96678657004,9398.857500602146,2452.3293056140596,7191.637480955979,-356.0332134299606,1274,61,136
2026-02-06T23:01:55.969799,3733,9633.32188218452,9389.095012336787,2452.3293056140596,7180.99257657046,-366.6781178154797,1274,61,136
2026-02-06T23:03:08.677232,3734,9636.494404481251,9403.97142311828,2452.3293056140596,7184.165098867191,-363.50559551874903,1274,61,136
2026-02-06T23:04:20.807978,3735,9651.941196038279,9420.236824365003,2452.3293056140596,7199.6118904242185,-348.0588039617214,1274,61,136
2026-02-06T23:05:34.477684,3736,9648.069136960878,9416.900438907242,2452.3293056140596,7195.739831346818,-351.9308630391224,1274,61,136
2026-02-06T23:06:47.692247,3737,9654.505192801591,9434.254941613515,2452.3293056140596,7202.175887187532,-345.49480719840903,1274,61,136
2026-02-06T23:08:00.110059,3738,9644.900001501534,9408.556011701552,2452.3293056140596,7192.570695887474,-355.09999849846645,1274,61,136
2026-02-06T23:09:12.511106,3739,9633.836075188103,9389.948093969306,2452.3293056140596,7181.506769574043,-366.16392481189723,1274,61,136
2026-02-06T23:10:25.199126,3740,9633.925999540497,9390.13289221769,2452.3293056140596,7181.596693926437,-366.0740004595027,1274,61,136
2026-02-06T23:11:44.199184,3741,9625.818849531066,9377.29652271536,2452.3293056140596,7173.489543917007,-374.181150468934,1274,61,136
2026-02-06T23:12:56.909110,3742,9624.678835971528,9368.883521572714,2452.3293056140596,7172.349530357469,-375.3211640284717,1274,61,136
2026-02-06T23:14:11.637896,3743,9624.695625720877,9366.358082666795,2452.3293056140596,7172.366320106817,-375.3043742791233,1274,61,136
2026-02-06T23:15:23.984984,3744,9609.687691629433,9346.91620670345,2452.3293056140596,7157.358386015373,-390.3123083705668,1274,61,136
2026-02-06T23:16:36.206882,3745,9608.135783024272,9343.721132453911,2452.3293056140596,7155.806477410212,-391.8642169757277,1274,61,136
2026-02-06T23:17:49.566306,3746,9606.949732808145,9336.134870990722,2452.3293056140596,7154.620427194085,-393.0502671918548,1274,61,136
2026-02-06T23:19:01.950753,3747,9582.862773942426,9307.629386913488,2452.3293056140596,7130.533468328367,-417.13722605757357,1274,61,136
2026-02-06T23:20:14.920653,3748,9567.989504123727,9308.854958697879,2452.3293056140596,7115.660198509668,-432.0104958762731,1274,61,136
2026-02-06T23:21:27.504896,3749,9588.136112294795,9328.523838714076,2446.7505428600107,7141.385569434784,-411.86388770520534,1275,61,136
2026-02-06T23:22:40.426530,3750,9586.2358282575,9323.044489936769,2446.7505428600107,7139.485285397491,-413.76417174249946,1275,61,136
2026-02-06T23:23:57.614713,3751,9578.498471560335,9301.141126398517,2446.7505428600107,7131.747928700324,-421.501528439665,1275,61,136
2026-02-06T23:25:10.283727,3752,9573.130663090744,9302.709742024444,2446.7505428600107,7126.380120230733,-426.86933690925616,1275,61,136
2026-02-06T23:26:22.669236,3753,9574.906231031606,9309.7467948322,2446.7505428600107,7128.155688171595,-425.0937689683942,1275,61,136
2026-02-06T23:27:36.964840,3754,9573.047232231938,9313.675086930127,2446.7505428600107,7126.296689371928,-426.9527677680617,1275,61,136
2026-02-06T23:28:49.253939,3755,9576.48846902105,9312.828312264204,2446.7505428600107,7129.7379261610395,-423.51153097895076,1275,61,136
2026-02-06T23:30:02.621912,3756,9581.287243413357,9315.797454356876,2446.7505428600107,7134.536700553346,-418.7127565866431,1275,61,136
2026-02-06T23:31:16.236116,3757,9584.565468064138,9323.941304934644,2446.7505428600107,7137.8149252041285,-415.43453193586174,1275,61,136
2026-02-06T23:32:28.803409,3758,9594.731894745044,9339.671735152178,2446.7505428600107,7147.981351885033,-405.268105254956,1275,61,136
2026-02-06T23:33:41.286853,3759,9595.591311618791,9343.354125255917,2446.7505428600107,7148.840768758781,-404.4086883812088,1275,61,136
2026-02-06T23:34:53.501734,3760,9595.735376812729,9341.99799539171,2446.7505428600107,7148.984833952717,-404.26462318727135,1275,61,136
2026-02-06T23:36:11.895373,3761,9593.648676734387,9340.600087013336,2446.7505428600107,7146.898133874376,-406.35132326561325,1275,61,136
2026-02-06T23:37:24.797521,3762,9588.488589931723,9333.70521982954,2446.7505428600107,7141.738047071712,-411.51141006827675,1275,61,136
2026-02-06T23:38:37.374382,3763,9588.553187102623,9332.806389265948,2446.7505428600107,7141.802644242613,-411.44681289737673,1275,61,136
2026-02-06T23:39:50.280287,3764,9594.5920483488,9343.149322661362,2446.7505428600107,7147.841505488789,-405.40795165119926,1275,61,136
2026-02-06T23:41:02.544961,3765,9594.305647754129,9341.427161267102,2446.7505428600107,7147.555104894119,-405.6943522458714,1275,61,136
2026-02-06T23:42:15.313361,3766,9592.935575972813,9334.719111719442,2446.7505428600107,7146.185033112803,-407.06442402718676,1275,61,136
2026-02-06T23:43:28.665695,3767,9591.862011784095,9328.82904821228,2446.7505428600107,7145.111468924084,-408.13798821590535,1275,61,136
2026-02-06T23:44:42.989292,3768,9587.647865927542,9323.667921599172,2446.7505428600107,7140.89732306753,-412.3521340724583,1275,61,136
2026-02-06T23:45:55.665806,3769,9587.925032973668,9320.00175266502,2446.7505428600107,7141.174490113658,-412.07496702633216,1275,61,136
2026-02-06T23:47:33.089998,3770,9587.639341218299,9318.040048464636,2446.7505428600107,7140.888798358289,-412.3606587817012,1275,61,136
2026-02-06T23:48:50.975802,3771,9595.10386838587,9328.513468127025,2446.7505428600107,7148.353325525859,-404.89613161413035,1275,61,136
2026-02-06T23:50:05.883118,3772,9587.76944582372,9318.117918986247,2446.7505428600107,7141.018902963709,-412.23055417627984,1275,61,136
2026-02-06T23:51:18.682914,3773,9585.834968049669,9308.429760017098,2446.264297953537,7139.570670096131,-414.16503195033147,1276,61,136
2026-02-06T23:52:31.728687,3774,9583.929773384316,9305.50741120418,2400.5706518116904,7183.359121572625,-416.0702266156841,1279,61,136
2026-02-06T23:53:44.540433,3775,9587.440214737198,9308.133109374767,2400.5706518116904,7186.869562925507,-412.5597852628016,1279,61,136
2026-02-06T23:54:59.036498,3776,9583.737213326262,9307.507980214199,2396.199249346946,7187.5379639793155,-416.26278667373845,1280,61,136
2026-02-06T23:56:12.095581,3777,9575.297967631208,9307.784935464371,2396.199249346946,7179.098718284262,-424.70203236879206,1280,61,136
2026-02-06T23:57:24.859298,3778,9577.888767931287,9310.605011426751,2396.199249346946,7181.689518584341,-422.11123206871343,1280,61,136
2026-02-06T23:58:38.174951,3779,9577.678132060737,9312.120019514645,2396.199249346946,7181.478882713791,-422.32186793926303,1280,61,136
2026-02-06T23:59:50.952638,3780,9576.923834272744,9307.573518685476,2396.199249346946,7180.724584925797,-423.076165727256,1280,61,136
2026-02-07T00:01:09.631153,3781,9567.334207544916,9281.51489480356,2396.199249346946,7171.13495819797,-432.66579245508365,1280,61,136
2026-02-07T00:02:21.841881,3782,9565.553060574664,9272.356540721012,2396.199249346946,7169.353811227718,-434.4469394253356,1280,61,136
2026-02-07T00:03:34.571717,3783,9565.988886464565,9275.141890305622,2396.199249346946,7169.789637117619,-434.01111353543456,1280,61,136
2026-02-07T00:04:48.166738,3784,9547.693007728227,9264.35387879386,2396.4658214347446,7151.227186293481,-452.3069922717732,1281,61,137
2026-02-07T00:06:01.858439,3785,9524.045571590072,9246.662548026827,2396.4658214347446,7127.579750155328,-475.95442840992837,1281,61,137
2026-02-07T00:07:14.045751,3786,9521.51334454726,9245.471489275405,2396.4658214347446,7125.0475231125165,-478.4866554527398,1281,61,137
2026-02-07T00:08:26.675391,3787,9511.466814565887,9231.863755192913,2396.4658214347446,7115.000993131143,-488.53318543411297,1281,61,137
2026-02-07T00:09:39.122080,3788,9521.187055541508,9246.207256283647,2396.4658214347446,7124.721234106763,-478.812944458492,1281,61,137
2026-02-07T00:10:50.939757,3789,9519.894263839626,9246.944055841155,2396.4658214347446,7123.42844240488,-480.10573616037436,1281,61,137
2026-02-07T00:12:03.765297,3790,9520.063814850906,9245.642375611611,2396.4658214347446,7123.5979934161605,-479.93618514909394,1281,61,137
2026-02-07T00:13:21.533742,3791,9525.300513298938,9269.340393335031,2396.4658214347446,7128.834691864194,-474.6994867010617,1281,61,137
2026-02-07T00:14:33.959491,3792,9529.558782934575,9273.575200194593,2396.4658214347446,7133.09296149983,-470.441217065425,1281,61,137
2026-02-07T00:15:46.798903,3793,9534.264406392569,9276.618971541979,2396.4658214347446,7137.798584957824,-465.7355936074309,1281,61,137
2026-02-07T00:16:59.037584,3794,9542.138430027422,9289.913067197427,2324.5718467917022,7217.566583235721,-457.86156997257785,1282,61,137
2026-02-07T00:18:11.609018,3795,9527.12752631749,9260.187770565693,2324.5718467917022,7202.555679525789,-472.87247368250974,1282,61,137
2026-02-07T00:19:24.106074,3796,9521.518596540562,9264.949625653262,2324.5718467917022,7196.94674974886,-478.4814034594383,1282,61,137
2026-02-07T00:20:37.143476,3797,9518.958519363761,9262.55358529578,2324.5718467917022,7194.386672572058,-481.0414806362387,1282,61,137
2026-02-07T00:21:51.157847,3798,9522.047845806705,9262.595342008943,2324.5718467917022,7197.475999015003,-477.9521541932954,1282,61,137
2026-02-07T00:23:04.323613,3799,9525.459834715326,9273.512044694226,2324.5718467917022,7200.887987923625,-474.540165284674,1282,61,137
2026-02-07T00:24:17.624704,3800,9528.486687399536,9278.99802443099,2324.5718467917022,7203.914840607834,-471.5133126004639,1282,61,137
2026-02-07T00:25:37.047929,3801,9527.085612238468,9274.514356178952,2324.5718467917022,7202.513765446767,-472.91438776153154,1282,61,137
2026-02-07T00:26:50.748245,3802,9527.875021653728,9274.642685845452,2324.5718467917022,7203.303174862026,-472.12497834627175,1282,61,137
2026-02-07T00:28:03.951018,3803,9509.51097636783,9243.956102713584,2324.5718467917022,7184.939129576127,-490.48902363216985,1282,61,137
2026-02-07T00:29:16.895441,3804,9503.924342727347,9236.147190323638,2324.5718467917022,7179.3524959356455,-496.0756572726532,1282,61,137
2026-02-07T00:30:28.897984,3805,9499.95908981458,9236.080874561585,2324.5718467917022,7175.387243022878,-500.0409101854202,1282,61,137
2026-02-07T00:31:41.335474,3806,9502.535121876317,9234.558900169464,2324.5718467917022,7177.963275084615,-497.46487812368287,1282,61,137
2026-02-07T00:32:53.576683,3807,9497.390257005787,9223.986935704666,2324.5718467917022,7172.818410214084,-502.60974299421287,1282,61,137
2026-02-07T00:34:07.145674,3808,9491.925219143528,9224.314676278158,2324.5718467917022,7167.353372351826,-508.074780856472,1282,61,137
2026-02-07T00:35:19.585105,3809,9493.049003987431,9224.134201628058,2324.5718467917022,7168.47715719573,-506.9509960125688,1282,61,137
2026-02-07T00:36:32.418531,3810,9485.242578396246,9212.243020565824,2324.5718467917022,7160.670731604543,-514.7574216037538,1282,61,137
2026-02-07T00:37:50.881695,3811,9484.04921114723,9216.845102175243,2324.5718467917022,7159.477364355529,-515.9507888527696,1282,61,137
2026-02-07T00:39:03.970814,3812,9476.443673624719,9209.556761658765,2324.5718467917022,7151.871826833018,-523.5563263752811,1282,61,137
2026-02-07T00:40:16.387510,3813,9470.622028689844,9201.011706805573,2324.5718467917022,7146.050181898142,-529.3779713101558,1282,61,137
2026-02-07T00:41:29.740996,3814,9473.997848555904,9207.521737864532,2324.5718467917022,7149.426001764203,-526.002151444096,1282,61,137
2026-02-07T00:42:43.137828,3815,9478.457158711524,9207.815646339002,2324.5718467917022,7153.885311919823,-521.5428412884758,1282,61,137
2026-02-07T00:43:56.061833,3816,9477.283099459713,9204.582044629638,2324.5718467917022,7152.71125266801,-522.7169005402866,1282,61,137
2026-02-07T00:45:10.369581,3817,9476.468685545351,9196.314812442986,2324.5718467917022,7151.896838753649,-523.531314454649,1282,61,137
2026-02-07T00:46:23.106411,3818,9484.096644940706,9203.664321072842,2324.5718467917022,7159.524798149003,-515.903355059294,1282,61,137
2026-02-07T00:47:35.310590,3819,9486.093256501095,9207.664052158907,2324.5718467917022,7161.521409709394,-513.9067434989047,1282,61,137
2026-02-07T00:48:47.344688,3820,9487.135251893793,9204.218480802836,2324.5718467917022,7162.56340510209,-512.8647481062071,1282,61,137
2026-02-07T00:50:08.466469,3821,9491.410883575743,9213.6169525405,2324.5718467917022,7166.839036784041,-508.58911642425664,1282,61,137
2026-02-07T00:51:21.458392,3822,9505.834830719552,9242.152436544024,2324.5718467917022,7181.26298392785,-494.165169280448,1282,61,137
2026-02-07T00:52:34.881774,3823,9525.688538005275,9260.519141211975,2324.5718467917022,7201.116691213573,-474.3114619947246,1282,61,137
2026-02-07T00:53:47.682242,3824,9531.44117359728,9263.482775047389,2324.5718467917022,7206.869326805579,-468.5588264027192,1282,61,137
2026-02-07T00:55:00.263188,3825,9530.085764068508,9254.445727615253,2324.927962057555,7205.157802010954,-469.91423593149193,1283,61,138
2026-02-07T00:56:12.593653,3826,9527.488156911792,9250.724924008551,2324.927962057555,7202.560194854237,-472.5118430882085,1283,61,138
2026-02-07T00:57:25.435871,3827,9510.533093935395,9228.015751719999,2324.927962057555,7185.605131877841,-489.4669060646047,1283,61,138
2026-02-07T00:58:38.910195,3828,9511.123895383562,9230.532512342048,2324.927962057555,7186.195933326007,-488.87610461643817,1283,61,138
2026-02-07T00:59:51.969805,3829,9514.181290827728,9234.489431497672,2324.927962057555,7189.2533287701735,-485.81870917227207,1283,61,138
2026-02-07T01:01:04.604340,3830,9512.427415599755,9226.026314445728,2324.927962057555,7187.499453542201,-487.5725844002445,1283,61,138
2026-02-07T01:02:22.372206,3831,9513.437466372747,9230.731684006216,2324.927962057555,7188.509504315192,-486.5625336272533,1283,61,138
2026-02-07T01:03:34.740984,3832,9488.209659370816,9205.032797968408,2324.927962057555,7163.281697313261,-511.79034062918436,1283,61,138
2026-02-07T01:04:47.754643,3833,9494.672390272457,9219.36878205205,2324.927962057555,7169.744428214903,-505.32760972754295,1283,61,138
2026-02-07T01:06:03.399125,3834,9494.293983730202,9220.72379263223,2324.927962057555,7169.366021672648,-505.70601626979806,1283,61,138
2026-02-07T01:07:16.046595,3835,9494.502131651501,9226.250683420107,2324.927962057555,7169.574169593946,-505.49786834849874,1283,61,138
2026-02-07T01:08:28.634598,3836,9498.432431580437,9221.66740306815,2324.927962057555,7173.504469522883,-501.56756841956303,1283,61,138
2026-02-07T01:09:41.530786,3837,9489.868861195246,9212.991595126414,2324.927962057555,7164.940899137691,-510.1311388047543,1283,61,138
2026-02-07T01:10:54.401786,3838,9488.627414765106,9205.730652319151,2325.1233634491573,7163.504051315947,-511.37258523489436,1285,61,140
2026-02-07T01:12:08.936956,3839,9478.640778395955,9193.244133835327,2325.1771450525102,7153.4636333434455,-521.3592216040452,1286,61,141
2026-02-07T01:13:22.539819,3840,9473.611086736475,9184.37970818576,2325.1771450525102,7148.433941683965,-526.388913263525,1286,61,141
2026-02-07T01:14:42.177863,3841,9474.73128493605,9178.157822882853,2325.1771450525102,7149.55413988354,-525.2687150639504,1286,61,141
2026-02-07T01:15:57.140294,3842,9463.138406515536,9185.205341643063,2325.1771450525102,7137.961261463025,-536.8615934844638,1286,61,141
2026-02-07T01:17:09.588296,3843,9482.313014387697,9208.210763032523,2325.1771450525102,7157.135869335187,-517.686985612303,1286,61,141
2026-02-07T01:18:22.356411,3844,9490.311753960554,9206.051534938542,2325.1771450525102,7165.134608908043,-509.6882460394463,1286,61,141
2026-02-07T01:19:36.388355,3845,9486.08185595787,9204.932275325773,2325.1771450525102,7160.904710905359,-513.9181440421307,1286,61,141
2026-02-07T01:20:48.989611,3846,9485.299991721526,9201.464890985626,2325.1771450525102,7160.122846669015,-514.7000082784743,1286,61,141
2026-02-07T01:22:01.279999,3847,9485.624069638365,9205.431636114728,2325.1771450525102,7160.446924585854,-514.3759303616353,1286,61,141
2026-02-07T01:23:14.757395,3848,9485.496577920785,9202.905949141006,2325.1771450525102,7160.319432868275,-514.5034220792149,1286,61,141
2026-02-07T01:24:28.462667,3849,9486.678764675271,9208.907295629851,2325.1771450525102,7161.50161962276,-513.3212353247291,1286,61,141
2026-02-07T04:55:35.630932,3850,9567.697671089416,9280.43487925062,2325.1771450525102,7242.520526036907,-432.30232891058404,1286,61,141
2026-02-07T04:56:56.203502,3851,9567.800382536012,9287.450318642277,2325.1771450525102,7242.623237483502,-432.19961746398803,1286,61,141
2026-02-07T04:58:08.479747,3852,9562.766785569278,9287.235213958451,2325.1771450525102,7237.589640516768,-437.233214430722,1286,61,141
2026-02-07T04:59:22.380072,3853,9564.705489374875,9295.496207100088,2325.1771450525102,7239.528344322364,-435.29451062512453,1286,61,141
2026-02-07T05:00:34.821547,3854,9564.089094480729,9294.406118009269,2325.1771450525102,7238.911949428218,-435.9109055192712,1286,61,141
2026-02-07T05:02:07.326603,3855,9567.075683922365,9297.080693990845,2325.1771450525102,7241.898538869855,-432.924316077635,1286,61,141
2026-02-07T05:03:19.803567,3856,9576.014158368847,9310.295164814635,2291.4608441842142,7284.553314184633,-423.98584163115265,1288,61,141
2026-02-07T05:04:32.897703,3857,9579.178800462238,9307.123393628097,2290.313089450798,7288.86571101144,-420.82119953776237,1289,61,141
2026-02-07T05:05:47.267052,3858,9579.646494763569,9306.027150356444,2288.620917980598,7291.025576782971,-420.3535052364314,1290,61,141
2026-02-07T05:06:59.692656,3859,9572.558450011951,9303.978163209367,2286.9483552274814,7285.61009478447,-427.4415499880488,1291,61,141
2026-02-07T05:08:12.262625,3860,9575.222116102743,9316.160445953685,2285.9920440203555,7289.230072082387,-424.7778838972572,1292,61,141
2026-02-07T05:09:30.380739,3861,9575.122834512811,9324.176780816719,2285.9920440203555,7289.130790492455,-424.8771654871889,1292,61,141
2026-02-07T05:10:44.229653,3862,9573.496054451853,9316.310245420493,2285.9920440203555,7287.504010431497,-426.5039455481474,1292,61,141
2026-02-07T05:11:57.830555,3863,9574.106156907497,9318.805274249647,2285.9920440203555,7288.114112887141,-425.8938430925027,1292,61,141
2026-02-07T05:13:10.463263,3864,9573.883097146962,9315.282400194126,2285.9920440203555,7287.891053126606,-426.1169028530385,1292,61,141
2026-02-07T05:14:38.367468,3865,9576.378844219527,9318.268069780415,2285.9920440203555,7290.386800199171,-423.6211557804727,1292,61,141
2026-02-07T05:16:15.774665,3866,9577.554023044378,9324.041513742332,2285.9920440203555,7291.5619790240235,-422.4459769556215,1292,61,141
2026-02-07T05:17:28.301869,3867,9579.712252600679,9328.134190451301,2285.9920440203555,7293.720208580323,-420.28774739932123,1292,61,141
2026-02-07T05:18:41.337890,3868,9581.28992451946,9335.435632360273,2285.9920440203555,7295.297880499105,-418.7100754805397,1292,61,141
2026-02-07T05:19:54.493212,3869,9584.42596837419,9335.593898171357,2285.9920440203555,7298.433924353833,-415.5740316258107,1292,61,141
2026-02-07T05:21:07.910417,3870,9581.425445716002,9333.316359924396,2285.9920440203555,7295.433401695647,-418.5745542839977,1292,61,141
2026-02-07T05:22:26.398580,3871,9589.108128085127,9353.160761698091,2285.9920440203555,7303.116084064772,-410.89187191487326,1292,61,141
2026-02-07T05:23:38.737236,3872,9595.424217756237,9353.421055986457,2285.9920440203555,7309.432173735882,-404.57578224376266,1292,61,141
2026-02-07T05:24:51.039430,3873,9596.206445240616,9350.012714464854,2285.9920440203555,7310.21440122026,-403.7935547593843,1292,61,141
2026-02-07T05:26:04.707112,3874,9576.880457434783,9334.072114250033,2285.9920440203555,7290.888413414427,-423.11954256521676,1292,61,141
2026-02-07T05:27:16.764640,3875,9573.21248078285,9322.96603789939,2285.9920440203555,7287.2204367624945,-426.7875192171505,1292,61,141
2026-02-07T05:28:30.948214,3876,9558.850861797298,9303.103391425586,2285.9920440203555,7272.8588177769425,-441.1491382027016,1292,61,141
2026-02-07T05:29:43.367696,3877,9545.902829107908,9284.8557868167,2285.9920440203555,7259.9107850875525,-454.0971708920915,1292,61,141
2026-02-07T05:30:57.850775,3878,9543.455315226513,9281.76831261195,2285.9920440203555,7257.4632712061575,-456.54468477348746,1292,61,141
2026-02-07T05:32:14.728460,3879,9544.30836229462,9286.135671427353,2285.9920440203555,7258.316318274265,-455.69163770538034,1292,61,141
2026-02-07T05:33:27.444760,3880,9546.5453973457,9285.457155940767,2285.9920440203555,7260.553353325346,-453.4546026542994,1292,61,141
2026-02-07T05:34:45.684930,3881,9539.105416469907,9279.121485331458,2285.9920440203555,7253.113372449552,-460.89458353009286,1292,61,141
2026-02-07T05:35:58.149129,3882,9550.884131653745,9299.01922428237,2285.9920440203555,7264.8920876333905,-449.1158683462545,1292,61,141
2026-02-07T05:37:10.481808,3883,9551.957365065535,9295.934918511693,2285.9920440203555,7265.965321045179,-448.04263493446524,1292,61,141
2026-02-07T05:38:23.978515,3884,9551.668843938363,9290.931309555974,2285.9920440203555,7265.676799918007,-448.33115606163665,1292,61,141
2026-02-07T05:39:36.531599,3885,9551.382692153771,9286.752750246285,2285.9920440203555,7265.390648133415,-448.61730784622887,1292,61,141
2026-02-07T05:40:49.058861,3886,9550.992608786179,9283.182194498868,2285.9920440203555,7265.000564765823,-449.0073912138214,1292,61,141
2026-02-07T05:42:02.959455,3887,9542.241647215376,9279.972591140311,2285.9920440203555,7256.24960319502,-457.75835278462364,1292,61,141
2026-02-07T05:43:15.620538,3888,9547.80553429722,9287.06947188415,2285.9920440203555,7261.813490276865,-452.1944657027798,1292,61,141
2026-02-07T05:44:27.942962,3889,9547.454063450574,9285.58423493194,2285.9920440203555,7261.462019430219,-452.5459365494262,1292,61,141
2026-02-07T05:45:39.942832,3890,9547.133810234069,9287.066945534938,2285.9920440203555,7261.141766213714,-452.86618976593127,1292,61,141
2026-02-07T05:46:59.251268,3891,9547.515797672815,9286.556596152535,2285.9920440203555,7261.523753652459,-452.4842023271849,1292,61,141
2026-02-07T05:48:11.447520,3892,9547.360554088951,9285.321464297951,2285.9920440203555,7261.368510068596,-452.6394459110488,1292,61,141
2026-02-07T05:49:23.985525,3893,9545.05008503243,9281.97530631981,2285.9920440203555,7259.058041012074,-454.9499149675703,1292,61,141
2026-02-07T05:50:36.934430,3894,9548.487716564166,9286.75874031722,2286.012839573652,7262.474876990515,-451.5122834358335,1293,61,142
2026-02-07T05:51:49.901429,3895,9543.228111579203,9276.614877222684,2286.0208894652505,7257.2072221139515,-456.77188842079704,1294,61,143
2026-02-07T05:53:02.129100,3896,9538.726096305574,9270.45848129763,2286.0208894652505,7252.7052068403245,-461.2739036944258,1294,61,143
2026-02-07T05:54:14.970357,3897,9547.808356001053,9277.711113933035,2286.0208894652505,7261.787466535803,-452.19164399894726,1294,61,143
2026-02-07T05:55:28.380697,3898,9541.416183859023,9271.648915035832,2286.0208894652505,7255.395294393773,-458.58381614097743,1294,61,143
2026-02-07T05:56:42.338304,3899,9540.674434578685,9268.467265844016,2286.024012465418,7254.650422113267,-459.32556542131533,1295,61,144
2026-02-07T05:57:55.044324,3900,9541.190474452222,9270.186492078154,2286.024012465418,7255.166461986804,-458.8095255477783,1295,61,144
2026-02-07T05:59:13.328924,3901,9545.497054927584,9283.61973337203,2286.024012465418,7259.473042462167,-454.50294507241597,1295,61,144
2026-02-07T06:00:26.418466,3902,9547.96737177536,9288.083176611357,2286.024012465418,7261.943359309942,-452.0326282246406,1295,61,144
2026-02-07T06:01:38.537807,3903,9546.83032107721,9283.199487279498,2286.024012465418,7260.806308611793,-453.1696789227899,1295,61,144
2026-02-07T06:02:50.926242,3904,9548.205639261578,9287.230992458513,2286.024012465418,7262.18162679616,-451.79436073842226,1295,61,144
2026-02-07T06:04:02.947758,3905,9548.189247812168,9286.228685863436,2286.024012465418,7262.165235346751,-451.8107521878319,1295,61,144
2026-02-07T06:05:15.507051,3906,9557.902101500911,9299.268921794463,2286.024012465418,7271.878089035494,-442.09789849908884,1295,61,144
2026-02-07T06:06:28.094600,3907,9557.472332111838,9301.970522345724,2286.024012465418,7271.448319646421,-442.5276678881619,1295,61,144
2026-02-07T06:07:41.102296,3908,9558.79016173375,9311.484154476035,2203.2382374262925,7355.551924307458,-441.2098382662498,1298,61,144
2026-02-07T06:08:54.985707,3909,9559.047688119424,9303.228696048198,2122.9134296849898,7436.134258434435,-440.9523118805755,1301,61,144
2026-02-07T06:10:08.565025,3910,9557.97252655959,9303.55036633754,2118.6676028256197,7439.30492373397,-442.0274734404102,1302,61,144
2026-02-07T06:11:26.192195,3911,9563.433892099336,9308.854062507135,2118.6676028256197,7444.766289273715,-436.56610790066406,1302,61,144
2026-02-07T06:12:40.027904,3912,9557.388880162694,9289.439151458204,2118.6676028256197,7438.721277337075,-442.6111198373055,1302,61,144
2026-02-07T06:13:52.976209,3913,9555.83485546905,9294.798978634424,2118.6676028256197,7437.1672526434295,-444.1651445309508,1302,61,144
2026-02-07T06:15:06.446532,3914,9556.537016532697,9298.320716788241,2118.6676028256197,7437.869413707077,-443.4629834673033,1302,61,144
2026-02-07T06:16:19.192171,3915,9530.615655379897,9269.754654196371,2118.6676028256197,7411.948052554277,-469.38434462010264,1302,61,144
2026-02-07T06:17:31.903590,3916,9531.92510837452,9269.865371255382,2118.6676028256197,7413.257505548901,-468.0748916254797,1302,61,144
2026-02-07T06:18:44.879348,3917,9536.342504579778,9265.301219776322,2118.6676028256197,7417.674901754157,-463.6574954202224,1302,61,144
2026-02-07T06:19:57.265790,3918,9536.44893962513,9266.854926160353,2118.6676028256197,7417.781336799511,-463.55106037486985,1302,61,144
2026-02-07T06:21:10.887375,3919,9537.310122705587,9271.395257531696,2118.6676028256197,7418.642519879967,-462.68987729441324,1302,61,144
2026-02-07T06:22:23.786613,3920,9537.079340085476,9278.939824657144,2118.6796086239237,7418.399731461553,-462.92065991452364,1303,61,145
2026-02-07T06:23:41.683356,3921,9537.747168883529,9283.52978192955,2118.682169860895,7419.064999022633,-462.2528311164715,1304,62,145
2026-02-07T06:24:53.974428,3922,9536.49632367996,9276.856127796342,2118.682169860895,7417.814153819065,-463.50367632004054,1304,62,145
2026-02-07T06:26:06.764961,3923,9538.486629648314,9283.530187351862,2118.682169860895,7419.804459787419,-461.5133703516858,1304,62,145
2026-02-07T06:27:19.646787,3924,9545.096829359967,9296.237490570455,2118.682169860895,7426.414659499072,-454.90317064003284,1304,62,145
2026-02-07T06:28:33.724389,3925,9544.936518334285,9296.684263235715,2118.6833667227534,7426.253151611531,-455.0634816657148,1305,62,146
2026-02-07T06:29:46.501036,3926,9543.747344013022,9291.793403977861,2118.6838300264185,7425.063513986603,-456.2526559869784,1306,62,147
2026-02-07T06:30:59.979718,3927,9544.469626649441,9293.181422863634,2118.684009170502,7425.7856174789395,-455.5303733505589,1307,62,148
2026-02-07T06:32:12.373745,3928,9545.6683421774,9295.468948309937,2118.684009170502,7426.984333006898,-454.3316578226004,1307,62,148
2026-02-07T06:33:24.022898,3929,9545.839188699692,9299.001581577075,2118.684009170502,7427.15517952919,-454.1608113003076,1307,62,148
2026-02-07T06:34:38.148956,3930,9544.347745192996,9294.072617446276,2118.684009170502,7425.663736022493,-455.6522548070043,1307,62,148
2026-02-07T06:35:56.030767,3931,9541.854626874723,9291.611682294724,2118.684009170502,7423.170617704221,-458.1453731252768,1307,62,148
2026-02-07T06:37:08.931030,3932,9544.746527665866,9299.739314876373,2118.684009170502,7426.062518495363,-455.25347233413413,1307,62,148
2026-02-07T06:38:21.089072,3933,9544.383370335632,9297.147466100632,2118.684009170502,7425.6993611651305,-455.6166296643678,1307,62,148
2026-02-07T06:39:34.899848,3934,9544.092040996915,9296.300283993625,2118.684009170502,7425.408031826412,-455.9079590030851,1307,62,148
2026-02-07T06:40:47.141890,3935,9544.061898215734,9297.903964580986,2118.684009170502,7425.377889045231,-455.9381017842661,1307,62,148
2026-02-07T06:41:59.678760,3936,9553.270631478328,9299.447373140863,2118.684009170502,7434.5866223078265,-446.72936852167186,1307,62,148
2026-02-07T06:43:12.516060,3937,9550.856091537442,9296.415852680617,2118.684009170502,7432.17208236694,-449.1439084625581,1307,62,148
2026-02-07T06:44:27.915920,3938,9538.981847800258,9278.057282379546,2118.684009170502,7420.2978386297555,-461.01815219974196,1307,62,148
2026-02-07T06:45:40.691656,3939,9530.38102933038,9264.446064863841,2118.684009170502,7411.697020159877,-469.61897066962047,1307,62,148
2026-02-07T06:46:53.324908,3940,9520.372372248936,9264.40805671928,2118.684009170502,7401.688363078433,-479.6276277510642,1307,62,148
2026-02-07T06:48:12.295497,3941,9517.047709979857,9261.679628417694,2118.684009170502,7398.363700809355,-482.95229002014275,1307,62,148
2026-02-07T06:49:24.993254,3942,9524.259295549575,9265.180902075674,2118.684009170502,7405.575286379072,-475.74070445042526,1307,62,148
2026-02-07T06:50:37.717599,3943,9522.268495701182,9257.546153929901,2118.684078362239,7403.584417338944,-477.7315042988175,1308,62,149
2026-02-07T06:51:50.409612,3944,9521.653654865328,9248.263965683296,2118.684078362239,7402.969576503089,-478.34634513467245,1308,62,149
2026-02-07T06:53:03.359919,3945,9521.4033232365,9246.885904082657,2118.684078362239,7402.719244874262,-478.5966767635,1308,62,149
2026-02-07T06:54:15.800110,3946,9496.231450615765,9221.739800366095,2118.684078362239,7377.547372253527,-503.7685493842346,1308,62,149
2026-02-07T06:55:30.537947,3947,9495.168244756656,9214.690266394346,2118.684078362239,7376.484166394417,-504.83175524334365,1308,62,149
2026-02-07T06:56:43.549373,3948,9487.436094869747,9198.75387748188,2118.684078362239,7368.752016507508,-512.5639051302533,1308,62,149
2026-02-07T06:57:56.905161,3949,9464.080010729425,9171.640379195598,2118.684078362239,7345.395932367186,-535.9199892705747,1308,62,149
2026-02-07T06:59:09.478388,3950,9446.583304717771,9152.376717837464,2118.684078362239,7327.899226355532,-553.4166952822288,1308,62,149
2026-02-07T07:00:28.188312,3951,9444.150864809508,9155.818212882154,2118.684078362239,7325.4667864472685,-555.8491351904922,1308,62,149
2026-02-07T07:01:41.606799,3952,9458.947699963894,9172.304565030376,2118.684078362239,7340.263621601655,-541.0523000361063,1308,62,149
2026-02-07T07:02:55.831980,3953,9453.730786890583,9158.504771332799,2118.684078362239,7335.0467085283435,-546.2692131094173,1308,62,149
2026-02-07T07:04:07.965117,3954,9447.391886553247,9151.169250317878,2118.684078362239,7328.707808191008,-552.6081134467531,1308,62,149
2026-02-07T07:05:21.207383,3955,9448.209533054847,9150.494918815191,2118.684078362239,7329.525454692608,-551.7904669451527,1308,62,149
2026-02-07T07:06:34.010814,3956,9435.41818629228,9126.912113062319,2118.684078362239,7316.73410793004,-564.5818137077204,1308,62,149
2026-02-07T07:07:46.192518,3957,9411.43437540432,9114.84759972369,2118.684078362239,7292.750297042082,-588.5656245956798,1308,62,149
2026-02-07T07:08:59.726390,3958,9394.837266145189,9093.905111683767,2118.684078362239,7276.153187782949,-605.1627338548114,1308,62,149
2026-02-07T07:10:12.623367,3959,9388.641518480717,9094.793714856298,2118.684078362239,7269.957440118478,-611.3584815192826,1308,62,149
2026-02-07T07:11:24.897664,3960,9392.294777259807,9096.5080343127,2118.684078362239,7273.610698897569,-607.7052227401928,1308,62,149
2026-02-07T07:12:42.484835,3961,9384.366585750147,9088.217837230364,2118.684078362239,7265.682507387908,-615.6334142498526,1308,62,149
2026-02-07T07:13:55.746139,3962,9387.222612937256,9079.171188201786,2118.684078362239,7268.5385345750165,-612.7773870627443,1308,62,149
2026-02-07T07:15:10.365692,3963,9363.383748564027,9043.306786244579,2018.1294336622325,7345.254314901794,-636.616251435973,1311,62,149
2026-02-07T07:16:23.182035,3964,9333.76783888801,9002.293369761644,2018.1294336622325,7315.638405225777,-666.2321611119896,1311,62,149
2026-02-07T07:17:35.734903,3965,9319.379783113474,8986.4759894705,2018.1294336622325,7301.250349451242,-680.6202168865257,1311,62,149
2026-02-07T07:18:48.838455,3966,9325.393087713575,8999.87218802156,2014.093174794908,7311.299912918666,-674.6069122864246,1312,62,149
2026-02-07T07:20:02.918086,3967,9358.885330976233,9024.845526772991,1852.2630114956125,7506.62231948062,-641.1146690237674,1317,62,149
2026-02-07T07:21:15.627668,3968,9362.26652751299,9043.76777275849,1759.7476479112377,7602.518879601751,-637.7334724870107,1321,62,149
2026-02-07T07:22:29.283652,3969,9343.512569435059,9012.975253824263,1671.8531683190545,7671.659401116004,-656.487430564941,1325,62,149
2026-02-07T07:23:42.298400,3970,9352.138081186338,9018.516015836754,1668.5094619824163,7683.6286192039215,-647.8619188136618,1326,62,149
2026-02-07T07:25:00.543541,3971,9351.620732247318,9030.454332319316,1657.4016383241787,7694.21909392314,-648.3792677526817,1328,62,149
2026-02-07T07:26:12.592860,3972,9365.965408504615,9049.68184290671,1485.1844505717352,7880.7809579328805,-634.034591495385,1332,62,149
2026-02-07T07:27:25.119046,3973,9368.397877634663,9052.058090839955,1253.1849302568144,8115.212947377849,-631.602122365337,1337,62,149
2026-02-07T07:28:37.823816,3974,9368.341734768639,9049.994771344409,1190.5918434534701,8177.7498913151685,-631.6582652313609,1341,62,149
2026-02-07T07:29:50.490307,3975,9369.770462277342,9053.24007366749,1184.2391809527335,8185.531281324609,-630.2295377226583,1343,62,149
2026-02-07T07:31:02.982840,3976,9377.231214477439,9060.757604755088,1037.9589341163708,8339.272280361069,-622.7687855225613,1347,62,149
2026-02-07T07:32:16.331424,3977,9370.215230743104,9040.914549102466,854.2166034943747,8515.99862724873,-629.7847692568957,1353,62,149
2026-02-07T07:33:29.514678,3978,9365.498093431957,9029.162212454996,854.2166034943747,8511.281489937583,-634.5019065680426,1353,62,149
2026-02-07T07:34:42.732455,3979,9363.14255232425,9016.22665489793,854.2166034943747,8508.925948829876,-636.8574476757494,1353,62,149
2026-02-07T07:35:55.738178,3980,9369.098470570956,9039.87294207506,854.2166034943747,8514.881867076581,-630.9015294290439,1353,62,149
2026-02-07T07:37:15.181382,3981,9370.613540572649,9047.473499340787,854.2166034943747,8516.396937078274,-629.3864594273509,1353,62,149
2026-02-07T07:38:27.630128,3982,9367.370948982625,9047.770805380827,854.2166034943747,8513.15434548825,-632.6290510173749,1353,62,149
2026-02-07T07:39:40.506464,3983,9357.764931536009,9040.738132949306,854.2166034943747,8503.548328041634,-642.2350684639914,1353,62,149
2026-02-07T07:40:53.155097,3984,9409.708638746119,9097.679836196783,854.2166034943747,8555.492035251744,-590.2913612538814,1353,62,149
2026-02-07T07:42:06.554027,3985,9423.981839327183,9107.152366840024,854.2166034943747,8569.765235832809,-576.0181606728165,1353,62,149
2026-02-07T07:43:18.845238,3986,9425.248265517297,9113.012624359702,854.2166034943747,8571.031662022922,-574.7517344827029,1353,62,149
2026-02-07T07:44:32.741318,3987,9426.287926538096,9113.869041847893,854.2166034943747,8572.071323043721,-573.7120734619039,1353,62,149
2026-02-07T07:45:45.716734,3988,9409.23483898403,9084.507950081288,854.2166034943747,8555.018235489655,-590.7651610159701,1353,62,149
2026-02-07T07:46:57.984819,3989,9394.619466610893,9076.309878080352,854.2166034943747,8540.402863116518,-605.3805333891069,1353,62,149
2026-02-07T07:48:10.779803,3990,9386.37555771165,9063.035686830255,854.2166034943747,8532.158954217275,-613.6244422883501,1353,62,149
2026-02-07T07:49:30.205984,3991,10000.0,9071.87062671707,10000.0,0.0,0.0,1361,67,152
2026-02-07T07:50:43.343963,3992,10000.0,9077.78713098246,10000.0,0.0,0.0,1361,67,152
2026-02-07T07:51:55.802981,3993,9995.761845851177,9074.852850947664,9072.714735245985,923.0471106051914,-4.238154148823014,1366,67,152
2026-02-07T07:53:08.234026,3994,10000.886850913203,9082.957022148574,8183.588691191879,1817.2981597213238,0.8868509132025792,1367,67,152
2026-02-07T07:54:22.187277,3995,9997.737921536394,9074.208089286942,8328.769038967723,1668.968882568671,-2.262078463605576,1370,67,155
2026-02-07T07:55:35.789944,3996,9996.965628840404,9069.864775309825,8358.428949027473,1638.5366798129312,-3.0343711595960485,1371,67,156
2026-02-07T07:56:48.397233,3997,9995.200616206237,9064.951596785415,8397.825958154863,1597.3746580513741,-4.7993837937629,1372,67,157
2026-02-07T07:58:02.532083,3998,9994.880583487036,9061.39556124428,8397.825958154863,1597.0546253321743,-5.119416512963653,1372,67,157
2026-02-07T07:59:15.932001,3999,9994.810650778616,9061.34907909414,8397.825958154863,1596.9846926237533,-5.189349221383964,1372,67,157
2026-02-07T08:00:29.064723,4000,9992.017490672893,9044.549279133129,8397.825958154863,1594.1915325180303,-7.982509327106527,1372,67,157
2026-02-07T08:01:47.350395,4001,9990.287928896594,9049.495755709295,8050.715818551128,1939.5721103454662,-9.712071103405833,1373,67,157
2026-02-07T08:03:01.253925,4002,9982.677900384668,9021.082917854035,8050.715818551128,1931.9620818335393,-17.322099615332263,1373,67,157
2026-02-07T08:04:14.201442,4003,9988.111971401506,9050.874732137243,7825.295775631696,2162.81619576981,-11.888028598494202,1374,67,157
2026-02-07T08:05:26.553348,4004,9989.219996236545,9063.71958899511,7606.187493914009,2383.032502322536,-10.78000376345517,1375,67,157
2026-02-07T08:06:40.157311,4005,9991.024363483788,9069.100970140365,7606.187493914009,2384.8368695697795,-8.975636516212035,1375,67,157
2026-02-07T08:07:53.558708,4006,9989.686556161178,9066.077689941525,7606.187493914009,2383.4990622471696,-10.313443838822423,1375,67,157
2026-02-07T08:09:05.936228,4007,9987.874062024059,9059.327460986835,7606.187493914009,2381.68656811005,-12.12593797594127,1375,67,157
2026-02-07T08:10:19.040502,4008,9994.962232334581,9045.061302721739,8226.633615185618,1768.328617148963,-5.037767665418869,1376,67,158
2026-02-07T08:11:31.402980,4009,9997.147997862527,9056.332313702886,8226.633615185618,1770.5143826769095,-2.8520021374733915,1376,67,158
2026-02-07T08:12:44.209637,4010,10003.061569349287,9081.673673770469,8226.633615185618,1776.4279541636704,3.0615693492873106,1376,67,158
2026-02-07T08:14:03.882757,4011,10001.457734546686,9070.465577158795,8226.633615185618,1774.8241193610688,1.4577345466859697,1376,67,158
2026-02-07T08:15:17.647086,4012,10001.102821413453,9068.025597243177,8226.633615185618,1774.4692062278345,1.1028214134530572,1376,67,158
2026-02-07T08:16:31.127515,4013,9998.161269425134,9055.96699599174,8226.633615185618,1771.5276542395166,-1.8387305748656217,1376,67,158
2026-02-07T08:17:43.385287,4014,9995.537390852924,9042.75427196187,8226.633615185618,1768.9037756673054,-4.462609147076364,1376,67,158
2026-02-07T08:18:55.852746,4015,9994.615611284937,9038.383748032724,8226.633615185618,1767.981996099319,-5.384388715063324,1376,67,158
2026-02-07T08:20:10.844891,4016,9996.767162383909,9052.032179489328,8226.633615185618,1770.1335471982907,-3.232837616091274,1376,67,158
2026-02-07T08:21:23.479669,4017,10003.379986827378,9079.469714584418,8226.633615185618,1776.7463716417603,3.3799868273781613,1376,67,158
2026-02-07T08:22:35.915189,4018,10003.979686269628,9084.467236933398,8226.633615185618,1777.3460710840102,3.979686269627564,1376,67,158
2026-02-07T08:23:49.693607,4019,10004.77094424574,9087.868971839805,8226.633615185618,1778.137329060123,4.770944245739884,1376,67,158
2026-02-07T08:25:02.889629,4020,10005.380232367543,9089.992238461746,8226.633615185618,1778.7466171819244,5.380232367542703,1376,67,158
2026-02-07T08:26:21.362890,4021,10004.41163160815,9082.855326840418,8267.762374464992,1736.6492571431588,4.411631608150856,1377,67,159
2026-02-07T08:27:34.032780,4022,10004.265766620525,9081.39022290139,8267.762374464992,1736.5033921555328,4.265766620525028,1377,67,159
2026-02-07T08:28:48.201106,4023,10005.84503278593,9086.355822264977,8267.762374464992,1738.0826583209384,5.845032785930016,1377,67,159
2026-02-07T08:30:00.235061,4024,10002.956427236923,9070.383713527695,8267.762374464992,1735.194052771931,2.9564272369225364,1377,67,159
2026-02-07T08:31:12.950520,4025,10004.935181288492,9082.800099583546,8267.762374464992,1737.1728068235002,4.935181288492458,1377,67,159
2026-02-07T08:32:26.687295,4026,10007.821333775104,9093.695655989393,8267.762374464992,1740.058959310113,7.821333775103994,1377,67,159
2026-02-07T08:33:39.806118,4027,10006.974419014447,9085.007976270674,8267.762374464992,1739.2120445494554,6.974419014446539,1377,67,159
2026-02-07T08:34:51.832216,4028,10005.556225737286,9082.543149725348,8267.762374464992,1737.7938512722944,5.556225737285786,1377,67,159
2026-02-07T08:36:03.913582,4029,10005.70502505557,9083.591289198906,8267.762374464992,1737.9426505905767,5.705025055569422,1377,67,159
2026-02-07T08:37:18.132461,4030,10003.94915530759,9073.65333891755,8267.762374464992,1736.1867808425968,3.9491553075895354,1377,67,159
2026-02-07T08:38:38.537520,4031,10003.908194035217,9076.761691001362,8267.762374464992,1736.145819570225,3.908194035217093,1377,67,159
2026-02-07T08:39:51.218221,4032,10002.1755795901,9066.044484749558,8267.762374464992,1734.4132051251083,2.175579590100824,1377,67,159
2026-02-07T08:41:04.350369,4033,10003.041792398519,9072.852307428673,8267.762374464992,1735.279417933527,3.041792398518737,1377,67,159
2026-02-07T08:42:16.996934,4034,10003.822104883415,9080.570507276161,8267.762374464992,1736.0597304184225,3.822104883414795,1377,67,159
2026-02-07T08:43:29.564461,4035,10004.66098866587,9081.569736263045,8267.762374464992,1736.898614200878,4.660988665869809,1377,67,159
2026-02-07T08:44:44.438158,4036,10004.313467635384,9080.166123681738,8267.762374464992,1736.5510931703925,4.313467635383859,1377,67,159
2026-02-07T08:45:57.426846,4037,10005.209997282067,9082.358355692806,8267.762374464992,1737.4476228170759,5.209997282066979,1377,67,159
2026-02-07T08:47:10.355858,4038,10005.533488584191,9083.877747745317,8267.762374464992,1737.7711141191992,5.533488584191218,1377,67,159
2026-02-07T08:48:23.445057,4039,10005.74940952056,9084.346747918527,8267.762374464992,1737.9870350555689,5.749409520560221,1377,67,159
2026-02-07T08:49:36.502342,4040,10007.189004768608,9089.764210769315,8267.762374464992,1739.426630303616,7.189004768608356,1377,67,159
2026-02-07T08:50:55.414370,4041,10006.90311384789,9087.404866875371,8267.762374464992,1739.1407393828974,6.903113847889472,1377,67,159
2026-02-07T08:52:08.254821,4042,10008.77206935396,9099.013909517003,8267.762374464992,1741.0096948889682,8.772069353959523,1377,67,159
2026-02-07T08:53:22.103976,4043,10008.492937493313,9097.831892624898,8267.762374464992,1740.7305630283213,8.492937493312638,1377,67,159
2026-02-07T08:54:36.356985,4044,10009.69611643445,9102.865951080683,8267.762374464992,1741.933741969459,9.696116434450232,1377,67,159
2026-02-07T08:55:49.662383,4045,10009.729827650617,9103.927195895112,8267.762374464992,1741.9674531856256,9.729827650617153,1377,67,159
2026-02-07T08:57:01.708928,4046,10009.212306946869,9098.450187609575,8267.762374464992,1741.449932481877,9.212306946868921,1377,67,159
2026-02-07T08:58:14.173242,4047,10008.406355309493,9095.206237465403,8267.762374464992,1740.643980844502,8.406355309492938,1377,67,159
2026-02-07T08:59:26.471338,4048,10007.420349286245,9093.987940899568,8267.762374464992,1739.6579748212541,7.420349286245255,1377,67,159
2026-02-07T09:00:39.113039,4049,10005.773418689407,9084.780260589065,8267.762374464992,1738.0110442244156,5.773418689406753,1377,67,159
2026-02-07T09:01:52.059374,4050,10006.433602063327,9088.200762808865,8267.762374464992,1738.6712275983361,6.433602063327271,1377,67,159
2026-02-07T09:03:10.126735,4051,10006.796980640747,9089.063951524195,8267.762374464992,1739.0346061757555,6.796980640747279,1377,67,159
2026-02-07T09:04:22.606986,4052,10007.834178078681,9095.399143379653,8267.762374464992,1740.0718036136898,7.8341780786813615,1377,67,159
2026-02-07T09:05:35.130000,4053,10005.913018275915,9084.386597943545,8267.762374464992,1738.1506438109218,5.91301827591451,1377,67,159
2026-02-07T09:06:47.684238,4054,10005.2530324427,9080.981040616152,8267.762374464992,1737.4906579777085,5.2530324427007145,1377,67,159
2026-02-07T09:08:00.311328,4055,10014.070647764536,9091.369934835106,8484.38438691772,1529.6862608468155,14.070647764536261,1379,69,159
2026-02-07T09:09:12.835913,4056,10014.376673800918,9090.116573944339,8484.38438691772,1529.9922868831989,14.37667380091807,1379,69,159
2026-02-07T09:10:26.392307,4057,10014.644987524867,9092.607282008341,8484.38438691772,1530.260600607148,14.644987524867247,1379,69,159
2026-02-07T09:11:38.481884,4058,10015.198816405118,9097.962014016146,8484.38438691772,1530.8144294873985,15.198816405118123,1379,69,159
2026-02-07T09:12:52.757307,4059,10015.199622491278,9099.433772918846,8484.38438691772,1530.8152355735579,15.199622491278205,1379,69,159
2026-02-07T09:14:06.041456,4060,10015.390081475529,9101.494950075234,8484.38438691772,1531.0056945578087,15.39008147552886,1379,69,159
2026-02-07T09:15:23.881689,4061,10015.904310737986,9103.686961692283,8484.38438691772,1531.5199238202656,15.904310737985725,1379,69,159
2026-02-07T09:16:37.941625,4062,10014.94499535052,9093.993823051425,8484.38438691772,1530.5606084327992,14.944995350519093,1379,69,159
2026-02-07T09:17:50.736151,4063,10014.197650677163,9092.199124496827,8484.38438691772,1529.8132637594422,14.197650677162528,1379,69,159
2026-02-07T09:19:03.779785,4064,10012.601326404414,9083.908132926505,8484.38438691772,1528.2169394866949,12.601326404414067,1379,69,159
2026-02-07T09:20:16.022826,4065,10005.421660157519,9084.394335461466,8246.821624084023,1758.6000360734956,5.421660157519,1380,69,159
2026-02-07T09:21:29.769734,4066,9998.588410778331,9083.658131950095,8015.910618609671,1982.67779216866,-1.4115892216686916,1381,69,159
2026-02-07T09:22:42.773169,4067,9998.473042455556,9084.731801402584,8015.910618609671,1982.5624238458852,-1.526957544443576,1381,69,159
2026-02-07T09:23:54.845461,4068,9998.025239513288,9082.930277359266,8015.910618609671,1982.1146209036178,-1.9747604867116024,1381,69,159
2026-02-07T09:25:07.655083,4069,10000.751694937055,9092.764195938684,8015.910618609671,1984.841076327384,0.7516949370547081,1381,69,159
2026-02-07T09:26:21.047764,4070,9979.418659499945,9091.229744919807,7334.99265743513,2644.426002064815,-20.581340500055376,1385,69,159
2026-02-07T09:27:38.466279,4071,9956.431020999036,9080.308424431925,6493.5369258998535,3462.8940950991823,-43.568979000963736,1391,69,159
2026-02-07T09:28:50.778329,4072,9927.614286090506,9065.147369069735,5564.655755830128,4362.958530260378,-72.38571390949437,1398,69,159
2026-02-07T09:30:05.945162,4073,9923.713296268548,9065.438196276526,5323.980684619971,4599.732611648577,-76.28670373145178,1400,69,159
2026-02-07T09:31:18.144803,4074,9917.542910621512,9061.50957254799,5103.922816322345,4813.620094299167,-82.45708937848758,1401,69,159
2026-02-07T09:32:30.961269,4075,9917.3170934388,9055.08219256428,5103.922816322345,4813.394277116456,-82.68290656120007,1401,69,159
2026-02-07T09:33:43.778792,4076,9903.236141734782,9032.451668797692,5103.922816322345,4799.313325412438,-96.763858265218,1401,69,159
2026-02-07T09:34:56.904233,4077,9892.121554033125,9018.086075745285,4961.01297746532,4931.108576567806,-107.878445966875,1402,69,159
2026-02-07T09:36:09.430862,4078,9889.384378580682,9030.897546149135,4658.461671912319,5230.922706668364,-110.6156214193179,1405,69,159
2026-02-07T09:37:22.629832,4079,9892.136748691026,9034.900619747712,4658.461671912319,5233.675076778707,-107.86325130897421,1405,69,159
2026-02-07T09:38:36.106163,4080,9886.3696456268,9030.88069892792,4509.670406111439,5376.699239515361,-113.63035437319922,1407,69,159
2026-02-07T09:39:54.271122,4081,9884.892940881726,9023.078153915987,4509.670406111439,5375.222534770287,-115.10705911827426,1407,69,159
2026-02-07T09:41:06.543798,4082,9879.800632396988,9017.965597548082,4509.670406111439,5370.130226285549,-120.19936760301243,1407,69,159
2026-02-07T09:42:18.661189,4083,9880.75791529665,9021.830676987978,4509.670406111439,5371.087509185211,-119.24208470334997,1407,69,159
2026-02-07T09:43:31.176743,4084,9885.478278095805,9027.386352982854,4509.670406111439,5375.807871984365,-114.52172190419515,1407,69,159
2026-02-07T09:44:43.999959,4085,9884.329733200062,9024.679951256356,4509.670406111439,5374.659327088623,-115.67026679993796,1407,69,159
2026-02-07T09:45:55.977344,4086,9884.976454309632,9027.36754518487,4509.670406111439,5375.306048198194,-115.02354569036834,1407,69,159
2026-02-07T09:47:08.218510,4087,9876.703729603207,9011.697785325901,4515.9400463777465,5360.763683225459,-123.29627039679326,1408,69,160
2026-02-07T09:48:21.934299,4088,9878.028049468296,9014.651405281813,4518.367046558576,5359.66100290972,-121.97195053170435,1409,69,161
2026-02-07T09:49:34.642914,4089,9875.14643186265,9009.88663928738,4518.367046558576,5356.779385304075,-124.85356813735052,1409,69,161
2026-02-07T09:50:47.251273,4090,9878.267998936557,9013.58772225838,4518.367046558576,5359.900952377981,-121.73200106344302,1409,69,161
2026-02-07T09:52:05.731326,4091,9874.778143850373,9009.340197060583,4518.367046558576,5356.411097291798,-125.22185614962655,1409,69,161
2026-02-07T09:53:18.581419,4092,9871.622114675149,9006.796089036512,4518.367046558576,5353.255068116574,-128.37788532485138,1409,69,161
2026-02-07T09:54:31.016485,4093,9872.998192029916,9008.877165552,4518.367046558576,5354.6311454713405,-127.00180797008397,1409,69,161
2026-02-07T09:55:44.717104,4094,9875.930244929152,9014.971589682775,4518.367046558576,5357.563198370576,-124.06975507084826,1409,69,161
2026-02-07T09:56:57.322761,4095,9881.288752192595,9025.41759139155,4518.367046558576,5362.92170563402,-118.71124780740502,1409,69,161
2026-02-07T09:58:09.810088,4096,9880.008093819015,9023.391952176406,4518.367046558576,5361.64104726044,-119.9919061809851,1409,69,161
2026-02-07T09:59:22.659704,4097,9878.638453059491,9021.609058071599,4518.367046558576,5360.271406500917,-121.36154694050856,1409,69,161
2026-02-07T10:00:35.709397,4098,9880.21144802168,9023.180800047,4518.367046558576,5361.844401463104,-119.78855197831945,1409,69,161
2026-02-07T10:01:48.949373,4099,9880.913032402324,9024.664964679932,4518.367046558576,5362.545985843748,-119.08696759767554,1409,69,161
2026-02-07T10:03:01.362600,4100,9876.913269539353,9018.974345774122,4518.367046558576,5358.546222980777,-123.08673046064723,1409,69,161
2026-02-07T10:04:21.305537,4101,9886.851699857425,9041.117899983577,4331.607875300821,5555.243824556604,-113.14830014257495,1410,69,161
2026-02-07T10:05:34.399629,4102,9886.480575767291,9034.692854304833,4331.607875300821,5554.87270046647,-113.51942423270884,1410,69,161
2026-02-07T10:06:47.413571,4103,9877.24248258829,9020.590641875799,4152.5680831217205,5724.674399466569,-122.75751741171007,1411,69,161
2026-02-07T10:07:59.697433,4104,9872.905117406393,9013.542665623683,4152.5680831217205,5720.337034284673,-127.0948825936066,1411,69,161
2026-02-07T10:09:13.026538,4105,9877.349553297703,9022.878556950664,4152.5680831217205,5724.7814701759835,-122.6504467022969,1411,69,161
2026-02-07T10:10:26.319795,4106,9875.11830289775,9017.780467313249,4152.5680831217205,5722.55021977603,-124.88169710224975,1411,69,161
2026-02-07T10:11:38.471510,4107,9875.44452824698,9018.229254239988,4152.5680831217205,5722.87644512526,-124.55547175301945,1411,69,161
2026-02-07T10:12:51.747369,4108,9876.038944968615,9019.644198451038,4152.5680831217205,5723.470861846894,-123.9610550313846,1411,69,161
2026-02-07T10:14:05.116956,4109,9872.698190702964,9014.47976540955,4152.5680831217205,5720.1301075812435,-127.30180929703602,1411,69,161
2026-02-07T10:15:17.373629,4110,9866.373880633066,9008.542878125036,4152.5680831217205,5713.805797511344,-133.6261193669343,1411,69,161
2026-02-07T10:16:34.829274,4111,9864.88154944046,9006.06501613471,4152.5680831217205,5712.31346631874,-135.11845055953927,1411,69,161
2026-02-07T10:17:49.652622,4112,9862.00283720528,9000.864052208854,4152.5680831217205,5709.434754083559,-137.99716279471977,1411,69,161
2026-02-07T10:19:03.758003,4113,9869.427048465845,9010.561531723706,4152.5680831217205,5716.858965344125,-130.57295153415544,1411,69,161
2026-02-07T10:20:17.708163,4114,9867.483884377722,9004.967192283772,4152.5680831217205,5714.915801256,-132.51611562227845,1411,69,161
2026-02-07T10:21:29.952505,4115,9866.875482259675,9006.07651538127,4152.5680831217205,5714.307399137954,-133.12451774032525,1411,69,161
2026-02-07T10:22:42.940552,4116,9863.900877251172,9005.789388756675,4152.5680831217205,5711.332794129451,-136.09912274882845,1411,69,161
2026-02-07T10:23:54.964259,4117,9868.172998418948,9014.116221103555,4152.5680831217205,5715.604915297226,-131.82700158105217,1411,69,161
2026-02-07T10:25:08.223538,4118,9867.619586671415,9013.226640155131,4152.5680831217205,5715.051503549696,-132.38041332858484,1411,69,161
2026-02-07T10:26:21.859125,4119,9872.820084023337,9019.326797216227,4152.5680831217205,5720.252000901617,-127.17991597666332,1411,69,161
2026-02-07T10:27:34.913837,4120,9871.739502261404,9021.565132464466,4152.5680831217205,5719.171419139684,-128.2604977385963,1411,69,161
2026-02-07T10:28:52.984734,4121,9867.443923785719,9011.075386984665,4152.5680831217205,5714.875840663999,-132.55607621428135,1411,69,161
2026-02-07T10:30:06.605377,4122,9866.405558689943,9008.801918858131,4152.5680831217205,5713.8374755682225,-133.59444131005694,1411,69,161
2026-02-07T10:31:18.326806,4123,9868.090892083197,9012.191765075748,4152.5680831217205,5715.5228089614775,-131.9091079168029,1411,69,161
2026-02-07T10:32:31.001304,4124,9860.240106127463,8999.936818722641,4152.5680831217205,5707.672023005743,-139.75989387253685,1411,69,161
2026-02-07T10:33:43.023955,4125,9853.341641924413,8988.701510898243,4152.5680831217205,5700.7735588026935,-146.65835807558688,1411,69,161
2026-02-07T10:34:56.670891,4126,9845.48309997101,8986.44635167082,3980.9286023526893,5864.554497618321,-154.51690002898977,1412,69,161
2026-02-07T10:36:08.961984,4127,9840.683463901358,8986.954342309115,3816.3835534554446,6024.299910445914,-159.31653609864225,1413,69,161
2026-02-07T10:37:21.831344,4128,9829.89835064027,8983.289407721224,3541.563229515416,6288.335121124853,-170.1016493597308,1415,69,161
2026-02-07T10:38:34.892642,4129,9817.961879503515,8978.260180553838,3194.509979107014,6623.451900396501,-182.03812049648513,1418,69,161
2026-02-07T10:39:48.239740,4130,9806.74328059668,8964.916926815049,3005.701661301873,6801.041619294807,-193.25671940331995,1420,69,161
2026-02-07T10:41:06.125310,4131,9800.206135102866,8969.376924017188,2828.0526703122873,6972.153464790579,-199.79386489713397,1422,69,161
2026-02-07T10:42:18.978391,4132,9800.351491703095,8979.280291039408,2737.554984862294,7062.796506840801,-199.64850829690477,1423,69,161
2026-02-07T10:43:32.648895,4133,9799.53962549025,8977.49215647129,2737.554984862294,7061.984640627956,-200.46037450975018,1423,69,161
2026-02-07T10:44:46.123469,4134,9802.854919953203,8979.636853221633,2737.554984862294,7065.299935090908,-197.14508004679737,1423,69,161
2026-02-07T10:45:59.887084,4135,9800.637180910839,8977.59735797418,2737.554984862294,7063.082196048544,-199.36281908916135,1423,69,161
2026-02-07T10:47:12.427117,4136,9800.586183849899,8977.68104317815,2737.554984862294,7063.0311989876045,-199.4138161501014,1423,69,161
2026-02-07T10:48:25.523523,4137,9800.57239389064,8977.219610635027,2737.554984862294,7063.017409028345,-199.42760610936057,1423,69,161
2026-02-07T10:49:37.799360,4138,9796.0114069193,8967.919579078087,2738.4997800568417,7057.511626862458,-203.9885930806995,1424,69,162
2026-02-07T10:50:49.934517,4139,9806.297237960724,8990.17403359971,2738.4997800568417,7067.797457903881,-193.70276203927642,1424,69,162
2026-02-07T10:52:02.598322,4140,9813.700158328797,8993.027394233632,2738.4997800568417,7075.200378271954,-186.29984167120347,1424,69,162
2026-02-07T10:53:22.577334,4141,9817.850022305654,9000.260711145182,2738.4997800568417,7079.350242248812,-182.14997769434558,1424,69,162
2026-02-07T10:54:35.859684,4142,9816.969624210182,8998.462462155336,2738.4997800568417,7078.469844153339,-183.0303757898182,1424,69,162
2026-02-07T10:55:48.599964,4143,9819.512294642434,9003.831619425397,2738.4997800568417,7081.012514585592,-180.48770535756557,1424,69,162
2026-02-07T10:57:02.520553,4144,9822.148268861147,9002.085340295807,2738.4997800568417,7083.648488804306,-177.8517311388532,1424,69,162
2026-02-07T10:58:15.453133,4145,9830.324175482838,9012.100022376224,2738.4997800568417,7091.824395425997,-169.67582451716225,1424,69,162
2026-02-07T10:59:27.679271,4146,9828.443495006704,9008.382644900654,2738.4997800568417,7089.943714949862,-171.55650499329568,1424,69,162
2026-02-07T11:00:40.578043,4147,9826.655196062384,9007.742022124241,2738.4997800568417,7088.155416005543,-173.34480393761623,1424,69,162
2026-02-07T11:01:53.682970,4148,9825.758876466174,9008.342225266473,2738.4997800568417,7087.2590964093315,-174.24112353382588,1424,69,162
2026-02-07T11:03:07.037212,4149,9821.11983285005,8998.32369363035,2738.4997800568417,7082.62005279321,-178.88016714994956,1424,69,162
2026-02-07T11:04:19.702227,4150,9820.752024714457,9004.304045867326,2738.4997800568417,7082.252244657616,-179.24797528554336,1424,69,162
2026-02-07T11:05:39.957734,4151,9833.209800208966,9018.410648621484,2738.4997800568417,7094.710020152125,-166.79019979103396,1424,69,162
2026-02-07T11:06:52.480094,4152,9831.142791993494,9017.109553352993,2661.82178621525,7169.321005778244,-168.85720800650597,1425,69,162
2026-02-07T11:08:05.712903,4153,9822.439301028578,9007.270798951717,2661.82178621525,7160.617514813328,-177.56069897142152,1425,69,162
2026-02-07T11:09:18.319088,4154,9825.627355381981,9014.714378779216,2661.82178621525,7163.805569166731,-174.37264461801897,1425,69,162
2026-02-07T11:10:32.254949,4155,9823.906831508664,9012.418937542194,2661.82178621525,7162.085045293415,-176.09316849133575,1425,69,162
2026-02-07T11:11:45.140180,4156,9825.24622453593,9014.87030053164,2661.82178621525,7163.42443832068,-174.7537754640707,1425,69,162
2026-02-07T11:12:57.850148,4157,9820.649985876213,9004.151492631494,2661.82178621525,7158.828199660962,-179.35001412378733,1425,69,162
2026-02-07T11:14:11.066384,4158,9820.861582556063,9005.734447709814,2661.82178621525,7159.039796340812,-179.13841744393721,1425,69,162
2026-02-07T11:15:23.984121,4159,9818.736754552789,9002.618921546005,2661.82178621525,7156.914968337538,-181.26324544721137,1425,69,162
2026-02-07T11:16:37.205194,4160,9818.92928235348,9005.750240215555,2661.82178621525,7157.107496138229,-181.07071764652028,1425,69,162
2026-02-07T11:17:55.272247,4161,9809.926375240975,8997.696231482874,2661.82178621525,7148.104589025725,-190.07362475902482,1425,69,162
2026-02-07T11:19:08.882236,4162,9807.659334802183,8994.523531772624,2661.82178621525,7145.837548586934,-192.34066519781663,1425,69,162
2026-02-07T11:20:22.646260,4163,9822.310039128484,9009.56127644095,2661.82178621525,7160.488252913235,-177.68996087151572,1425,69,162
2026-02-07T11:21:34.855357,4164,9820.875143108186,9006.07325758497,2661.82178621525,7159.053356892936,-179.1248568918145,1425,69,162
2026-02-07T11:22:47.788171,4165,9818.0747882269,9002.059779024223,2661.82178621525,7156.253002011651,-181.92521177309936,1425,69,162
2026-02-07T11:24:01.079897,4166,9815.845087885446,8998.520050358446,2661.82178621525,7154.023301670196,-184.15491211455446,1425,69,162
2026-02-07T11:25:13.803351,4167,9812.840253761951,8991.614955265108,2661.82178621525,7151.018467546701,-187.15974623804868,1425,69,162
2026-02-07T11:26:26.659925,4168,9804.977807651649,8989.130079734878,2661.82178621525,7143.156021436398,-195.02219234835138,1425,69,162
2026-02-07T11:27:39.904852,4169,9806.164790469758,8989.933124571246,2661.82178621525,7144.343004254509,-193.83520953024163,1425,69,162
2026-02-07T11:28:52.823693,4170,9806.358021533775,8989.441001599766,2661.82178621525,7144.536235318525,-193.64197846622483,1425,69,162
2026-02-07T11:30:10.329793,4171,9809.165494946024,8992.33734954578,2661.82178621525,7147.343708730774,-190.8345050539756,1425,69,162
2026-02-07T11:31:22.939542,4172,9815.441092858153,9000.815431672418,2661.82178621525,7153.619306642902,-184.55890714184716,1425,69,162
2026-02-07T11:32:35.719479,4173,9820.103234927847,9007.997575163781,2661.82178621525,7158.281448712597,-179.89676507215336,1425,69,162
2026-02-07T11:33:48.238572,4174,9815.904050106099,9000.11415319207,2661.82178621525,7154.0822638908485,-184.09594989390098,1425,69,162
2026-02-07T11:35:00.349963,4175,9813.386451539795,8999.301113094538,2661.82178621525,7151.564665324545,-186.6135484602055,1425,69,162
2026-02-07T11:36:12.890624,4176,9818.532006035459,9005.852886025383,2661.82178621525,7156.710219820208,-181.46799396454117,1425,69,162
2026-02-07T11:37:25.052452,4177,9813.488389578217,8999.061339178823,2661.82178621525,7151.666603362967,-186.5116104217832,1425,69,162
2026-02-07T11:38:38.331636,4178,9810.709132934728,8998.3748325484,2661.82178621525,7148.887346719478,-189.29086706527232,1425,69,162
2026-02-07T11:39:51.892110,4179,9807.024602058062,8989.357203935017,2662.1862879188566,7144.838314139205,-192.97539794193835,1426,69,163
2026-02-07T11:41:05.358428,4180,9807.531137633358,8990.810871522903,2662.1862879188566,7145.344849714501,-192.4688623666425,1426,69,163
2026-02-07T11:42:23.671137,4181,9806.649857518589,8987.562435686821,2662.1862879188566,7144.463569599732,-193.35014248141124,1426,69,163
2026-02-07T11:43:36.902328,4182,9806.308560696547,8988.079109867105,2662.1862879188566,7144.12227277769,-193.69143930345308,1426,69,163
2026-02-07T11:44:50.090081,4183,9806.787026412003,8989.122248408408,2662.1862879188566,7144.600738493146,-193.2129735879971,1426,69,163
2026-02-07T11:46:02.163077,4184,9807.896250012342,8988.993107202763,2662.1862879188566,7145.709962093485,-192.10374998765838,1426,69,163
2026-02-07T11:47:15.249039,4185,9807.736153851547,8990.96966971188,2662.1862879188566,7145.549865932691,-192.263846148453,1426,69,163
2026-02-07T11:48:28.605103,4186,9805.574944344437,8986.778516385777,2662.1862879188566,7143.38865642558,-194.42505565556348,1426,69,163
2026-02-07T11:49:41.691767,4187,9806.114542376734,8984.83703797752,2662.1862879188566,7143.928254457878,-193.88545762326612,1426,69,163
2026-02-07T11:50:54.265267,4188,9806.790592140904,8988.393188359996,2662.1862879188566,7144.604304222046,-193.20940785909625,1426,69,163
2026-02-07T11:52:06.395746,4189,9808.959426376452,8992.562462101208,2662.1862879188566,7146.773138457596,-191.04057362354797,1426,69,163
2026-02-07T11:53:19.041197,4190,9806.507406636225,8988.655731818078,2662.1862879188566,7144.321118717367,-193.4925933637751,1426,69,163
2026-02-07T11:54:37.740240,4191,9806.969117121029,8989.379326766655,2662.327862018747,7144.641255102281,-193.03088287897117,1427,69,164
2026-02-07T11:55:50.511266,4192,9851.511299669914,8990.979726183185,3689.181582420018,6162.329717249896,-148.48870033008643,1430,71,165
2026-02-07T11:57:03.267685,4193,9853.51313446517,8994.827561973905,3708.897185732365,6144.615948732806,-146.48686553482912,1431,72,165
2026-02-07T11:58:15.689078,4194,9857.443907914792,9001.930310691634,3708.897185732365,6148.5467221824265,-142.55609208520764,1431,72,165
2026-02-07T11:59:28.616723,4195,9857.87109223948,9006.048020193457,3708.897185732365,6148.973906507115,-142.12890776051972,1431,72,165
2026-02-07T12:00:41.341767,4196,9856.534975697487,9002.64564420146,3708.897185732365,6147.637789965122,-143.46502430251348,1431,72,165
2026-02-07T12:01:54.491528,4197,9870.39508070995,9021.955562396442,3708.897185732365,6161.497894977586,-129.60491929005002,1431,72,165
2026-02-07T12:03:07.647478,4198,9875.50360441944,9033.62349239455,3708.897185732365,6166.606418687075,-124.49639558055969,1431,72,165
2026-02-07T12:04:20.410024,4199,9886.235479479987,9046.286667448114,3708.897185732365,6177.338293747621,-113.76452052001332,1431,72,165
2026-02-07T12:05:32.602681,4200,9884.426509611254,9043.639646611971,3708.918471016459,6175.508038594794,-115.573490388746,1432,72,166
2026-02-07T12:06:51.763839,4201,9889.633528893453,9060.50067463535,3708.918471016459,6180.715057876993,-110.36647110654667,1432,72,166
2026-02-07T12:08:05.008966,4202,9896.481759762226,9069.966044829387,3708.918471016459,6187.563288745767,-103.51824023777408,1432,72,166
2026-02-07T12:09:18.926233,4203,9924.759634060814,9097.460580239087,3708.918471016459,6215.841163044354,-75.24036593918572,1432,72,166
2026-02-07T12:10:30.868015,4204,9919.094464054924,9093.343891162825,3708.918471016459,6210.175993038465,-80.90553594507583,1432,72,166
2026-02-07T12:11:44.151292,4205,9917.643457042961,9090.434360705374,3708.918471016459,6208.724986026502,-82.35654295703898,1432,72,166
2026-02-07T12:13:31.811483,4206,9942.429071978622,9124.265586616244,3708.918471016459,6233.510600962162,-57.57092802137777,1432,72,166
2026-02-07T12:14:44.732121,4207,9934.647419984174,9115.518883711205,3555.616507547779,6379.030912436395,-65.35258001582588,1433,72,166
2026-02-07T12:15:57.398367,4208,9948.305287951873,9133.988541306087,3408.651025235804,6539.654262716068,-51.69471204812726,1434,72,166
2026-02-07T12:17:10.247942,4209,9964.135365766915,9161.784047181509,3169.9103072734492,6794.225058493465,-35.86463423308487,1437,72,166
2026-02-07T12:18:23.653494,4210,9954.158779736197,9162.113384926268,2953.7985021647746,7000.3602775714235,-45.841220263802825,1439,72,166
2026-02-07T12:19:43.058042,4211,10012.72238210182,9235.32338533354,2757.8331516926537,7254.889230409165,12.722382101819676,1442,72,166
2026-02-07T12:20:55.617990,4212,9985.726739501872,9200.711325504084,2757.8331516926537,7227.893587809218,-14.273260498128366,1442,72,166
2026-02-07T12:22:08.298972,4213,9970.099181316817,9179.023110697319,2757.8331516926537,7212.266029624163,-29.900818683183388,1442,72,166
2026-02-07T12:23:21.604279,4214,9966.257432194423,9176.181961080916,2757.8331516926537,7208.424280501768,-33.74256780557698,1442,72,166
2026-02-07T12:24:36.152282,4215,9956.443576681562,9167.80213884428,2757.8331516926537,7198.6104249889095,-43.55642331843774,1442,72,166
2026-02-07T12:25:48.960417,4216,9953.697299829204,9160.599456689342,2757.8331516926537,7195.864148136551,-46.302700170796015,1442,72,166
2026-02-07T12:27:01.177087,4217,9958.86472530456,9170.414842514456,2757.8331516926537,7201.031573611906,-41.135274695439875,1442,72,166
2026-02-07T12:28:14.671004,4218,9958.63923727582,9166.90423431006,2757.8331516926537,7200.806085583167,-41.36076272417995,1442,72,166
2026-02-07T12:29:27.882962,4219,9964.627908725131,9174.440790703025,2757.8331516926537,7206.794757032478,-35.37209127486858,1442,72,166
2026-02-07T12:30:40.935740,4220,9994.015329735568,9218.51315442371,2757.8331516926537,7236.182178042915,-5.98467026443177,1442,72,166
2026-02-07T12:32:00.455284,4221,9995.9317515193,9215.08372545738,2757.8331516926537,7238.098599826646,-4.068248480700277,1442,72,166
2026-02-07T12:33:13.294266,4222,9995.47113974751,9207.261951762772,2757.8331516926537,7237.637988054856,-4.528860252490631,1442,72,166
2026-02-07T12:34:26.010884,4223,9992.856457454891,9205.78401616267,2757.8331516926537,7235.023305762237,-7.143542545109085,1442,72,166
2026-02-07T12:35:40.110258,4224,9986.027956116706,9195.239512088836,2757.8331516926537,7228.194804424053,-13.972043883293736,1442,72,166
2026-02-07T12:36:53.021303,4225,9982.754440000535,9196.396002311987,2757.8331516926537,7224.921288307881,-17.245559999464604,1442,72,166
2026-02-07T12:38:06.254348,4226,9977.676926850869,9181.25941523477,2757.8331516926537,7219.843775158216,-22.323073149131233,1442,72,166
2026-02-07T12:39:19.892797,4227,9960.98685019548,9162.242221838871,2757.8331516926537,7203.153698502826,-39.013149804519344,1442,72,166
2026-02-07T12:40:33.102093,4228,9960.997662932914,9161.726593461175,2757.8331516926537,7203.16451124026,-39.002337067086046,1442,72,166
2026-02-07T12:41:46.403781,4229,9961.257531793992,9160.030104252082,2757.8331516926537,7203.424380101337,-38.7424682060082,1442,72,166
2026-02-07T12:42:59.316876,4230,9949.892279513755,9159.24214599736,2272.4821171100566,7677.410162403698,-50.10772048624494,1447,72,166
2026-02-07T12:44:17.394852,4231,9925.818977474724,9137.843121946424,1872.5480072699213,8053.270970204802,-74.1810225252757,1452,72,166
2026-02-07T12:45:46.467386,4232,9923.321128464699,9139.72178127843,1542.99829826152,8380.322830203178,-76.67887153530137,1457,72,166
2026-02-07T12:46:58.473544,4233,9924.601322381335,9143.40125955738,1451.6325516698216,8472.968770711514,-75.3986776186648,1460,72,166
2026-02-07T12:48:10.935567,4234,9928.420376831085,9152.40605728608,1363.2638592695923,8565.156517561492,-71.57962316891462,1463,72,166
2026-02-07T12:49:25.041463,4235,9934.063747216414,9153.215553506852,1355.0090325667222,8579.054714649692,-65.93625278358559,1464,72,166
2026-02-07T12:50:38.302840,4236,9941.10284324319,9158.977648362968,1355.0090325667222,8586.093810676468,-58.897156756809636,1464,72,166
2026-02-07T12:51:53.442570,4237,9935.33095361449,9148.993528518095,1354.729523741412,8580.601429873077,-64.66904638551023,1465,72,166
2026-02-07T12:53:07.184118,4238,9932.630690531309,9144.209246599541,1354.729523741412,8577.901166789896,-67.36930946869143,1465,72,166
2026-02-07T12:54:19.834907,4239,9915.425153372116,9129.204367233211,1354.729523741412,8560.695629630703,-84.57484662788374,1465,72,166
2026-02-07T12:55:32.421155,4240,9915.948816301547,9129.358354693553,1354.729523741412,8561.219292560134,-84.05118369845331,1465,72,166
2026-02-07T12:56:51.003407,4241,9912.210660975197,9125.858194739687,1354.729523741412,8557.481137233784,-87.78933902480276,1465,72,166
2026-02-07T12:58:04.216474,4242,9913.91135899265,9134.523943952594,1316.7970970766526,8597.114261915996,-86.08864100735082,1466,72,166
2026-02-07T12:59:17.692856,4243,9922.900501901582,9139.861202642696,1316.7970970766526,8606.10340482493,-77.09949809841783,1466,72,166
2026-02-07T13:00:30.633345,4244,9931.055301034568,9149.322064430096,1238.9691214510342,8692.086179583534,-68.9446989654316,1468,72,166
2026-02-07T13:01:44.948783,4245,9950.65684573434,9166.922333744744,1204.2779860504052,8746.378859683935,-49.343154265659905,1469,72,166
2026-02-07T13:02:58.003287,4246,9923.284391378575,9132.737994859774,1204.2779860504052,8719.00640532817,-76.71560862142542,1469,72,166
2026-02-07T13:04:11.105012,4247,9925.314532572596,9137.547727765348,1170.558202440994,8754.756330131602,-74.68546742740364,1470,72,166
2026-02-07T13:05:23.862008,4248,9922.475953684369,9142.006623294408,1137.782572772646,8784.693380911722,-77.5240463156315,1471,72,166
2026-02-07T13:06:36.651175,4249,9920.895906793345,9139.01849729663,1105.924660735012,8814.971246058332,-79.1040932066553,1472,72,166
2026-02-07T13:07:50.582032,4250,9921.007220925725,9133.373076473423,1105.924660735012,8815.082560190713,-78.99277907427495,1472,72,166
2026-02-07T13:09:09.146115,4251,9919.065383230156,9129.226130759986,1105.924660735012,8813.140722495144,-80.93461676984407,1472,72,166
2026-02-07T13:10:23.567254,4252,9917.941093298161,9132.068889556156,1105.924660735012,8812.016432563149,-82.05890670183908,1472,72,166
2026-02-07T13:11:37.550318,4253,9914.644799761607,9129.069937581333,1105.9327994952528,8808.712000266354,-85.35520023839308,1473,72,167
2026-02-07T13:12:50.509754,4254,9909.901623590315,9121.773451891439,1105.9327994952528,8803.968824095062,-90.09837640968544,1473,72,167
2026-02-07T13:14:03.721856,4255,9896.20426322961,9111.611197577891,1105.9327994952528,8790.271463734358,-103.79573677038934,1473,72,167
2026-02-07T13:15:17.287207,4256,9901.834650051593,9118.204583375216,1105.9327994952528,8795.90185055634,-98.16534994840731,1473,72,167
2026-02-07T13:16:29.984204,4257,9897.449610048609,9112.596573073313,1105.9327994952528,8791.516810553356,-102.55038995139148,1473,72,167
2026-02-07T13:17:42.650881,4258,9899.147974185003,9114.526132462235,1105.9327994952528,8793.21517468975,-100.85202581499652,1473,72,167
2026-02-07T13:18:55.738439,4259,9903.153781668752,9119.25711877793,1105.9327994952528,8797.2209821735,-96.84621833124766,1473,72,167
2026-02-07T13:20:08.467545,4260,9906.118258149007,9126.265334062893,1105.9327994952528,8800.185458653754,-93.88174185099342,1473,72,167
2026-02-07T13:21:27.598247,4261,9904.243193962262,9123.368875133912,1074.9666811093857,8829.276512852875,-95.75680603773799,1474,72,167
2026-02-07T13:22:39.705150,4262,9905.27657250039,9127.26466267053,1042.7176806761042,8862.558891824287,-94.7234274996099,1475,72,167
2026-02-07T13:23:54.124797,4263,9904.065350648983,9125.586167434916,1042.7176806761042,8861.34766997288,-95.93464935101656,1475,72,167
2026-02-07T13:25:06.944466,4264,9904.739707339348,9126.712349731211,1042.7176806761042,8862.022026663244,-95.26029266065234,1475,72,167
2026-02-07T13:26:19.376021,4265,9904.778817775727,9126.267088171922,1042.7176806761042,8862.061137099623,-95.22118222427343,1475,72,167
2026-02-07T13:27:32.871166,4266,9904.1426876729,9126.224541424288,1042.7176806761042,8861.425006996797,-95.85731232709986,1475,72,167
2026-02-07T13:28:47.641235,4267,9903.28002819809,9128.238514761113,1042.7176806761042,8860.562347521987,-96.7199718019092,1475,72,167
2026-02-07T13:29:59.513432,4268,9902.602525496106,9127.345057082026,1042.7176806761042,8859.884844820002,-97.39747450389405,1475,72,167
2026-02-07T13:31:11.803299,4269,9901.621692518189,9125.515871681017,1042.7176806761042,8858.904011842085,-98.37830748181113,1475,72,167
2026-02-07T13:32:24.886039,4270,9895.565565441126,9111.833767020586,1042.7176806761042,8852.847884765022,-104.43443455887427,1475,72,167
2026-02-07T13:33:42.204051,4271,9867.666666248839,9094.660644449448,1042.7176806761042,8824.948985572735,-132.33333375116126,1475,72,167
2026-02-07T13:34:56.844611,4272,9872.562622683638,9102.128857097396,1042.7176806761042,8829.844942007534,-127.43737731636247,1475,72,167
2026-02-07T13:36:10.958803,4273,9870.22449530403,9097.715515948592,1042.7176806761042,8827.506814627926,-129.77550469597008,1475,72,167
2026-02-07T13:37:23.912726,4274,9872.050742217081,9095.95112439173,1042.7176806761042,8829.333061540978,-127.94925778291872,1475,72,167
2026-02-07T13:38:36.573353,4275,9873.047425123348,9098.16007139546,1042.7176806761042,8830.329744447245,-126.95257487665185,1475,72,167
2026-02-07T13:39:49.540565,4276,9843.77478960046,9069.05503517417,1042.7176806761042,8801.057108924357,-156.22521039953972,1475,72,167
2026-02-07T13:41:03.641430,4277,9848.506998132909,9077.043193194819,1042.7208347432338,8805.786163389675,-151.49300186709115,1476,73,167
2026-02-07T13:42:16.816878,4278,9859.072355449794,9087.460508405746,1048.8224886324604,8810.249866817334,-140.9276445502055,1478,74,168
2026-02-07T13:43:29.089129,4279,9854.570076395723,9080.293017741244,1048.8229602005415,8805.747116195182,-145.42992360427706,1479,74,169
2026-02-07T13:44:42.619321,4280,9849.727007815849,9075.613002054037,1048.8229602005415,8800.904047615308,-150.272992184151,1479,74,169
2026-02-07T13:46:00.042728,4281,9852.117237267814,9080.758624512033,1048.8229602005415,8803.294277067273,-147.88276273218617,1479,74,169
2026-02-07T13:47:13.321074,4282,9860.994267729639,9086.989380234405,1048.8229602005415,8812.171307529097,-139.00573227036148,1479,74,169
2026-02-07T13:48:26.869859,4283,9860.886449249594,9086.533224544577,1048.8229602005415,8812.063489049053,-139.11355075040592,1479,74,169
2026-02-07T13:49:40.083952,4284,9870.444570743877,9096.508598408485,1048.8229602005415,8821.621610543336,-129.5554292561228,1479,74,169
2026-02-07T13:50:51.857578,4285,9878.421388161716,9102.603067352737,1048.8229602005415,8829.598427961175,-121.5786118382839,1479,74,169
2026-02-07T13:52:05.211534,4286,9878.270950656033,9102.44503883029,1048.8229602005415,8829.447990455492,-121.72904934396684,1479,74,169
2026-02-07T13:53:18.117723,4287,9877.425761244516,9101.440957143619,1048.8229602005415,8828.602801043975,-122.57423875548375,1479,74,169
2026-02-07T13:54:30.718033,4288,9879.642575778824,9104.26884821727,1048.8229602005415,8830.819615578283,-120.35742422117619,1479,74,169
2026-02-07T13:55:43.247926,4289,9876.95032991431,9099.5069399201,1048.8229602005415,8828.12736971377,-123.04967008568929,1479,74,169
2026-02-07T13:56:55.711943,4290,9876.517925776667,9098.624266848628,1048.8229602005415,8827.694965576125,-123.48207422333326,1479,74,169
2026-02-07T13:58:14.297253,4291,9877.344220991872,9100.505100425195,1048.8229602005415,8828.52126079133,-122.65577900812787,1479,74,169
2026-02-07T13:59:26.806916,4292,9883.84254402234,9105.887303028869,1048.8229602005415,8835.019583821799,-116.15745597765999,1479,74,169
2026-02-07T14:00:39.089495,4293,9883.172988006992,9107.818128796052,1048.8229602005415,8834.350027806451,-116.82701199300755,1479,74,169
2026-02-07T14:01:52.328598,4294,9883.197074736854,9105.940941961333,1048.8229602005415,8834.374114536313,-116.80292526314588,1479,74,169
2026-02-07T14:03:05.276060,4295,9886.501029762283,9111.9050621451,1048.8229602005415,8837.678069561742,-113.498970237717,1479,74,169
2026-02-07T14:04:18.460644,4296,9889.363805880708,9113.544500195807,1048.8229602005415,8840.540845680167,-110.63619411929176,1479,74,169
2026-02-07T14:05:32.046250,4297,9888.582776511632,9112.730011281008,1048.8229602005415,8839.75981631109,-111.41722348836811,1479,74,169
2026-02-07T14:06:47.858022,4298,9883.10146977485,9105.049181039985,1048.8229602005415,8834.27850957431,-116.89853022514944,1479,74,169
2026-02-07T14:08:01.366631,4299,9885.607968840333,9109.149102896868,1048.8229602005415,8836.785008639792,-114.39203115966666,1479,74,169
2026-02-07T14:09:28.159569,4300,9891.706193452017,9112.897201343647,1048.8229602005415,8842.883233251476,-108.29380654798297,1479,74,169
2026-02-07T14:10:46.176320,4301,9892.129190023656,9114.078305755502,1048.8229602005415,8843.306229823114,-107.87080997634439,1479,74,169
2026-02-07T14:11:58.417751,4302,9899.895919830864,9127.884990535875,1048.8229602005415,8851.072959630323,-100.10408016913607,1479,74,169
2026-02-07T14:13:10.961955,4303,9894.701125322652,9121.494954408738,1048.8229602005415,8845.87816512211,-105.29887467734807,1479,74,169
2026-02-07T14:14:25.569258,4304,9889.650921121118,9109.680344890014,973.0176613693967,8916.633259751721,-110.34907887888221,1482,74,169
2026-02-07T14:15:39.331628,4305,9887.545876022112,9109.554296888502,945.7731668510536,8941.772709171059,-112.45412397788823,1483,74,169
2026-02-07T14:16:51.780713,4306,9876.232028394767,9098.092061237894,919.2915181792241,8956.940510215543,-123.76797160523347,1484,74,169
2026-02-07T14:18:05.571491,4307,9878.307689379562,9101.82562226067,893.5513556702058,8984.756333709356,-121.69231062043764,1485,74,169
2026-02-07T14:19:18.831845,4308,9875.7472963266,9104.196128046908,868.53191771144,9007.21537861516,-124.2527036734009,1486,74,169
2026-02-07T14:20:31.757474,4309,9878.773139057359,9108.088410713792,868.53191771144,9010.24122134592,-121.226860942641,1486,74,169
2026-02-07T14:21:44.902973,4310,9880.53244814826,9107.822017501914,868.53191771144,9012.00053043682,-119.4675518517397,1486,74,169
2026-02-07T14:23:03.508439,4311,9885.165076048152,9115.75299320403,868.532044698782,9016.633031349369,-114.8349239518484,1487,75,169
2026-02-07T14:24:16.942042,4312,9890.715084424182,9119.265622476161,868.532044698782,9022.1830397254,-109.28491557581765,1487,75,169
2026-02-07T14:25:29.299772,4313,9890.917017776295,9118.524742421734,868.532044698782,9022.384973077513,-109.08298222370468,1487,75,169
2026-02-07T14:26:43.280605,4314,9894.98403339141,9126.49163920717,868.532044698782,9026.451988692628,-105.01596660858922,1487,75,169
2026-02-07T14:27:57.038420,4315,9891.05430794753,9117.339399390561,868.532044698782,9022.522263248748,-108.9456920524699,1487,75,169
2026-02-07T14:29:10.054688,4316,9890.308128669005,9115.335447783915,868.532044698782,9021.776083970222,-109.69187133099513,1487,75,169
2026-02-07T14:30:23.391899,4317,9887.658575187026,9109.951219820567,868.532044698782,9019.126530488244,-112.34142481297386,1487,75,169
2026-02-07T14:31:35.835083,4318,9890.959068896209,9114.758888249202,868.532044698782,9022.427024197426,-109.04093110379108,1487,75,169
2026-02-07T14:32:50.993385,4319,9886.376333740534,9108.563910968718,868.532044698782,9017.844289041752,-113.62366625946561,1487,75,169
2026-02-07T14:34:03.721144,4320,9878.134183105054,9103.78639042415,868.532044698782,9009.602138406271,-121.86581689494597,1487,75,169
2026-02-07T14:35:22.661426,4321,9866.642837506974,9092.851913494696,868.532044698782,8998.110792808191,-133.3571624930264,1487,75,169
2026-02-07T14:36:35.607637,4322,9868.401834964381,9093.439419367902,868.532044698782,8999.869790265599,-131.59816503561888,1487,75,169
2026-02-07T14:37:49.759208,4323,9859.451236640414,9084.165612070978,868.532044698782,8990.919191941632,-140.5487633595858,1487,75,169
2026-02-07T14:39:03.895561,4324,9823.73356722581,9053.153847963651,868.532044698782,8955.201522527028,-176.26643277418952,1487,75,169
2026-02-07T14:40:17.185566,4325,9828.677708497984,9059.316127374557,868.532044698782,8960.145663799201,-171.32229150201601,1487,75,169
2026-02-07T14:41:29.930574,4326,9850.372649533552,9077.76003641648,868.532044698782,8981.84060483477,-149.62735046644775,1487,75,169
2026-02-07T14:42:43.030445,4327,9844.791073943006,9068.21746007582,868.532044698782,8976.259029244224,-155.20892605699373,1487,75,169
2026-02-07T14:43:56.935906,4328,9844.263849939241,9071.138258668194,868.532044698782,8975.731805240459,-155.73615006075852,1487,75,169
2026-02-07T14:45:10.441969,4329,9849.298541095382,9076.061159613684,868.532044698782,8980.7664963966,-150.70145890461754,1487,75,169
2026-02-07T14:46:23.374154,4330,9846.38374619639,9072.586812521055,868.532044698782,8977.851701497608,-153.61625380360965,1487,75,169
2026-02-07T14:47:42.735767,4331,9826.229382310077,9049.546897377619,868.532044698782,8957.697337611295,-173.7706176899228,1487,75,169
2026-02-07T14:48:55.293461,4332,9799.67508081445,9026.733370523842,868.532044698782,8931.143036115667,-200.32491918555024,1487,75,169
2026-02-07T14:50:07.958205,4333,9798.998831254754,9026.208261545837,868.532044698782,8930.466786555971,-201.0011687452461,1487,75,169
2026-02-07T14:51:20.673510,4334,9813.899102832494,9040.642351802144,868.532044698782,8945.367058133712,-186.10089716750554,1487,75,169
2026-02-07T14:52:33.819106,4335,9816.005344314146,9044.970671699635,868.532044698782,8947.473299615363,-183.994655685854,1487,75,169
2026-02-07T14:53:46.641124,4336,9815.36429110974,9042.045534721423,868.532044698782,8946.832246410957,-184.6357088902605,1487,75,169
2026-02-07T14:54:59.664927,4337,9812.562895161596,9041.219218450588,868.532044698782,8944.030850462814,-187.43710483840368,1487,75,169
2026-02-07T14:56:13.100494,4338,9820.168693877275,9041.882217642025,868.532044698782,8951.636649178492,-179.83130612272544,1487,75,169
2026-02-07T14:57:25.919981,4339,9819.342283926073,9044.135058874086,868.532044698782,8950.81023922729,-180.65771607392708,1487,75,169
2026-02-07T14:58:38.503084,4340,9820.746588824857,9047.837408790507,868.532044698782,8952.214544126075,-179.2534111751429,1487,75,169
2026-02-07T14:59:56.648543,4341,9820.662089529667,9045.085786397101,868.532044698782,8952.130044830885,-179.33791047033264,1487,75,169
2026-02-07T15:01:08.660045,4342,9823.50362467766,9046.575313104659,868.5321502961597,8954.9714743815,-176.4963753223401,1488,75,170
2026-02-07T15:02:22.414605,4343,9825.181479323324,9050.442203440412,868.5321911271457,8956.649288196179,-174.8185206766757,1489,75,171
2026-02-07T15:03:34.813304,4344,9832.123892079366,9060.278282479565,868.5321911271457,8963.59170095222,-167.87610792063424,1489,75,171
2026-02-07T15:04:48.075212,4345,9849.646525154281,9082.862387185554,868.5321911271457,8981.114334027136,-150.35347484571867,1489,75,171
2026-02-07T15:06:00.839633,4346,9868.476117614364,9102.714931588633,868.5321911271457,8999.943926487218,-131.52388238563617,1489,75,171
2026-02-07T15:07:13.432852,4347,9872.068339020132,9099.307812388992,868.5322069677535,9003.536132052379,-127.93166097986796,1490,75,172
2026-02-07T15:08:25.727872,4348,9868.487924730322,9094.463276197364,868.5322069677535,8999.955717762568,-131.51207526967846,1490,75,172
2026-02-07T15:09:39.482582,4349,9869.666324057029,9098.425500421665,868.5322069677535,9001.134117089276,-130.33367594297124,1490,75,172
2026-02-07T15:10:52.616028,4350,9863.684654094217,9088.088409309794,868.5322069677535,8995.152447126464,-136.31534590578303,1490,75,172
2026-02-07T15:12:10.593309,4351,9866.98354660845,9092.030952611824,868.5322069677535,8998.451339640696,-133.01645339155039,1490,75,172
2026-02-07T15:13:23.382944,4352,9866.08862886808,9090.528637026891,868.5322069677535,8997.556421900326,-133.91137113192053,1490,75,172
2026-02-07T15:14:38.699182,4353,9872.84309681842,9103.458970341013,868.5322069677535,9004.310889850667,-127.15690318157976,1490,75,172
2026-02-07T15:15:51.964447,4354,9888.044832192045,9117.669216224383,868.5322069677535,9019.512625224292,-111.95516780795515,1490,75,172
2026-02-07T15:17:05.331342,4355,9890.830379744064,9110.802819717266,844.2133051726564,9046.617074571408,-109.16962025593602,1491,75,172
2026-02-07T15:18:18.963262,4356,9889.858341874378,9107.304302748267,794.3661565036894,9095.49218537069,-110.14165812562169,1494,75,172
2026-02-07T15:19:31.931080,4357,9892.328044564818,9112.496604352087,794.3661565036894,9097.961888061129,-107.6719554351821,1494,75,172
2026-02-07T15:20:44.888715,4358,9902.980342318187,9120.12692222839,792.7774241906819,9110.202918127505,-97.01965768181253,1495,75,172
2026-02-07T15:21:58.293613,4359,9933.915485690337,9151.40212723266,792.7774241906819,9141.138061499654,-66.08451430966306,1495,75,172
2026-02-07T15:23:12.219537,4360,9942.534634075004,9162.191943484904,792.7774241906819,9149.757209884321,-57.46536592499615,1495,75,172
2026-02-07T15:24:30.447379,4361,9938.653126394862,9155.396965757547,792.7774241906819,9145.87570220418,-61.34687360513817,1495,75,172
2026-02-07T15:25:43.357815,4362,9926.523408255453,9145.168653371531,792.7774241906819,9133.74598406477,-73.47659174454748,1495,75,172
2026-02-07T15:26:55.972241,4363,9924.167989224261,9139.811577729713,792.7774241906819,9131.390565033578,-75.83201077573904,1495,75,172
2026-02-07T15:28:09.863765,4364,9924.383212728804,9140.197708555579,792.7774241906819,9131.605788538121,-75.61678727119579,1495,75,172
2026-02-07T15:29:23.353632,4365,9930.2697343478,9143.86403797229,792.7774241906819,9137.492310157117,-69.73026565220061,1495,75,172
2026-02-07T15:30:36.984081,4366,9926.679795017993,9142.157383224958,792.7774241906819,9133.90237082731,-73.32020498200654,1495,75,172
2026-02-07T15:31:51.443392,4367,9929.43007709249,9148.825928497361,792.7774241906819,9136.652652901807,-70.56992290751077,1495,75,172
2026-02-07T15:33:03.860121,4368,9941.035109918757,9170.03269914623,792.7774241906819,9148.257685728075,-58.96489008124263,1495,75,172
2026-02-07T15:34:17.101149,4369,9967.31492227222,9188.47604036272,792.7774241906819,9174.537498081538,-32.68507772777957,1495,75,172
2026-02-07T15:35:30.629818,4370,9961.111367903013,9181.256440206136,792.7774241906819,9168.33394371233,-38.88863209698684,1495,75,172
2026-02-07T15:36:49.558119,4371,9956.985398451598,9172.401365242795,792.7774241906819,9164.207974260915,-43.014601548402425,1495,75,172
2026-02-07T15:38:02.652884,4372,9955.154351424424,9169.332123839515,792.7774302614531,9162.376921162971,-44.84564857557598,1496,75,173
2026-02-07T15:39:15.820396,4373,9954.618959498699,9169.18552339767,792.7774326114408,9161.841526887258,-45.38104050130096,1497,75,174
2026-02-07T15:40:29.620373,4374,9956.274348663079,9171.44634723392,792.7774335201026,9163.496915142976,-43.725651336921146,1498,75,175
2026-02-07T15:41:43.105922,4375,9957.857804382438,9169.447250380434,792.7774335201026,9165.080370862335,-42.14219561756181,1498,75,175
2026-02-07T15:42:57.185863,4376,9941.355980355509,9148.95367209389,792.7774335201026,9148.578546835406,-58.64401964449098,1498,75,175
2026-02-07T15:44:11.388167,4377,9936.805725948498,9152.08653009314,770.5796653815397,9166.226060566958,-63.19427405150236,1499,75,175
2026-02-07T15:45:24.031689,4378,9937.500085665839,9153.766430780102,749.0034347508566,9188.496650914982,-62.499914334161076,1500,75,175
2026-02-07T15:46:37.918533,4379,9932.497323487409,9154.517124911643,728.0313385778327,9204.465984909575,-67.50267651259128,1501,75,175
2026-02-07T15:47:50.955877,4380,9933.566244114067,9157.436633609479,728.0313385778327,9205.534905536233,-66.43375588593335,1501,75,175
2026-02-07T15:49:10.651257,4381,9931.043020774567,9152.009041538297,728.0313385778327,9203.011682196735,-68.95697922543332,1501,75,175
2026-02-07T15:50:23.207222,4382,9916.164727580657,9134.127801671983,728.0313385778327,9188.133389002824,-83.8352724193428,1501,75,175
2026-02-07T15:51:36.852328,4383,9912.599813571942,9135.003062087972,728.0313385778327,9184.568474994108,-87.40018642805808,1501,75,175
2026-02-07T15:52:50.673538,4384,9913.455954517176,9136.817468809159,728.0313385778327,9185.424615939344,-86.544045482824,1501,75,175
2026-02-07T15:54:03.627803,4385,9911.801284289846,9136.707664667647,728.0313385778327,9183.769945712012,-88.19871571015392,1501,75,175
2026-02-07T15:55:15.733205,4386,9918.134714465046,9138.356689176051,728.0313385778327,9190.103375887214,-81.86528553495373,1501,75,175
2026-02-07T15:56:28.343192,4387,9924.051334064272,9146.003249330308,728.0313385778327,9196.019995486438,-75.94866593572806,1501,75,175
2026-02-07T15:57:42.973089,4388,9923.808754184116,9148.81548711368,728.0313385778327,9195.777415606282,-76.19124581588403,1501,75,175
2026-02-07T15:58:55.756967,4389,9923.393947546636,9148.142234110102,728.0313385778327,9195.362608968802,-76.6060524533641,1501,75,175
2026-02-07T16:00:10.018802,4390,9933.474482750431,9155.754052214166,728.0313389287899,9205.443143821642,-66.52551724956902,1502,76,175
2026-02-07T16:01:28.810449,4391,9932.720963306365,9153.826028990568,728.0313390644933,9204.689624241872,-67.27903669363513,1503,76,176
2026-02-07T16:02:41.810521,4392,9946.895086100532,9163.62460233594,728.0313390644933,9218.863747036039,-53.10491389946765,1503,76,176
2026-02-07T16:03:55.028178,4393,9946.873492082666,9160.61501185951,728.0313390644933,9218.842153018173,-53.12650791733358,1503,76,176
2026-02-07T16:05:09.746844,4394,9953.684418309549,9168.801319359663,728.0313390644933,9225.653079245056,-46.31558169045093,1503,76,176
2026-02-07T16:06:22.841598,4395,10067.815252633367,9277.268190327604,728.0313390644933,9339.783913568874,67.81525263336698,1503,76,176
2026-02-07T16:07:36.254285,4396,10053.493925311723,9264.996577071406,728.0313390644933,9325.46258624723,53.493925311722705,1503,76,176
2026-02-07T16:08:48.839376,4397,9999.630724154096,9193.916190640744,728.0313390644933,9271.599385089603,-0.3692758459037577,1503,76,176
2026-02-07T16:10:02.437571,4398,9999.5669612185,9206.888774970359,728.0313390644933,9271.535622154006,-0.43303878150072705,1503,76,176
2026-02-07T16:11:15.352805,4399,10073.495523032148,9256.879217623607,728.0313390644933,9345.464183967655,73.49552303214841,1503,76,176
2026-02-07T16:12:29.558969,4400,10022.90984105265,9195.952357880555,728.0313390644933,9294.878501988156,22.909841052649426,1503,76,176
2026-02-07T16:13:47.710529,4401,10124.680052420976,9284.265697861967,728.0313390644933,9396.648713356482,124.6800524209757,1503,76,176
2026-02-07T16:15:01.092262,4402,10058.80739620938,9224.654203462555,728.0313390644933,9330.776057144887,58.807396209380386,1503,76,176
2026-02-07T16:16:14.053943,4403,10081.539965208212,9242.246621654542,728.0313390644933,9353.508626143719,81.53996520821238,1503,76,176
2026-02-07T16:17:26.145953,4404,10102.183030277123,9254.334852484535,728.0313390644933,9374.15169121263,102.18303027712318,1503,76,176
2026-02-07T16:18:38.519699,4405,10057.474786176856,9218.951240405182,728.0313390644933,9329.443447112362,57.47478617685556,1503,76,176
2026-02-07T16:19:51.692595,4406,10005.385108909666,9192.549506972991,728.0313390644933,9277.353769845173,5.385108909666087,1503,76,176
2026-02-07T16:21:04.158912,4407,10012.43910710853,9205.857414003369,728.0313390644933,9284.407768044037,12.439107108530152,1503,76,176
2026-02-07T16:22:16.542338,4408,10046.736714684275,9228.957899331022,728.0313390644933,9318.705375619782,46.736714684275285,1503,76,176
2026-02-07T16:23:29.919871,4409,10030.704451255377,9214.80661478579,728.0313390644933,9302.673112190883,30.704451255376625,1503,76,176
2026-02-07T16:24:42.772923,4410,10043.483100947835,9225.545290843538,728.0313390644933,9315.451761883342,43.48310094783483,1503,76,176
2026-02-07T16:26:00.558353,4411,10045.096937023916,9222.41914855042,693.4783193964126,9351.618617627504,45.096937023916325,1506,76,176
2026-02-07T16:27:13.165221,4412,10048.348845823939,9224.246026650726,693.4783193964126,9354.870526427527,48.34884582393897,1506,76,176
2026-02-07T16:28:25.964699,4413,10031.967144300545,9213.80697900311,693.4783193964126,9338.488824904132,31.967144300544533,1506,76,176
2026-02-07T16:29:39.936244,4414,10034.973137713045,9216.124502446468,692.0913627576198,9342.881774955425,34.97313771304471,1507,76,176
2026-02-07T16:30:55.055934,4415,10036.88418897786,9219.410914861439,618.6610733377271,9418.223115640132,36.884188977859594,1513,76,176
2026-02-07T16:32:08.377391,4416,10044.082232240382,9220.957034418103,507.4039289867539,9536.678303253628,44.08223224038193,1519,76,176
2026-02-07T16:33:21.951677,4417,10049.431006555787,9228.052686950527,453.5688150650439,9595.862191490743,49.43100655578746,1525,76,176
2026-02-07T16:34:34.809247,4418,10038.518479618708,9217.084127794844,437.93387709789147,9600.584602520816,38.518479618707715,1528,76,176
2026-02-07T16:35:47.677779,4419,10034.824103709398,9214.65479899086,423.68526047263447,9611.138843236764,34.824103709397605,1530,76,176
2026-02-07T16:37:01.592986,4420,10029.684305033095,9203.475922344882,360.95275937331587,9668.731545659779,29.68430503309537,1535,76,176
2026-02-07T16:38:20.569252,4421,10038.151152417122,9209.892088414863,298.2834180336024,9739.867734383519,38.15115241712192,1541,76,176
2026-02-07T16:39:34.134852,4422,10047.06066445033,9224.958900712982,288.57846874446113,9758.482195705868,47.06066445032957,1543,76,176
2026-02-07T16:40:46.767581,4423,10058.506253294645,9230.278593186848,252.0680885520066,9806.438164742638,58.50625329464492,1547,76,176
2026-02-07T16:41:59.368362,4424,10053.512259668338,9219.667865621635,206.73733004314687,9846.774929625191,53.51225966833772,1553,76,176
2026-02-07T16:43:11.817397,4425,10042.301093976983,9217.438560048726,165.37619877447761,9876.924895202505,42.301093976982884,1560,76,176
2026-02-07T16:44:24.957313,4426,10043.586105678716,9219.494406134201,165.37619877447761,9878.209906904238,43.586105678716194,1560,76,176
2026-02-07T16:45:37.539167,4427,10037.153315370211,9214.921651711413,165.37619877447761,9871.777116595733,37.1533153702112,1560,76,176
2026-02-07T16:46:51.093549,4428,10025.211790129424,9197.190004491864,165.37619877447761,9859.835591354946,25.211790129424116,1560,76,176
2026-02-07T16:48:03.532321,4429,10021.317422509617,9200.078133274763,165.37619877447761,9855.941223735139,21.317422509617245,1560,76,176
2026-02-07T16:49:16.702702,4430,10022.817009797503,9199.399395515502,165.37619877447761,9857.440811023025,22.817009797503488,1560,76,176
2026-02-07T16:50:35.501462,4431,10011.198562543339,9191.605924433416,165.37619877447761,9845.82236376886,11.198562543338994,1560,76,176
2026-02-07T16:51:48.639342,4432,10013.855024466271,9191.826014914444,165.37619877447761,9848.478825691793,13.855024466271061,1560,76,176
2026-02-07T16:53:00.779349,4433,10015.237462188948,9195.82030136482,165.37619877447761,9849.86126341447,15.237462188948484,1560,76,176
2026-02-07T16:54:14.822679,4434,10017.78042014411,9197.114860642221,165.37619877447761,9852.404221369632,17.780420144110394,1560,76,176
2026-02-07T16:55:27.645281,4435,10013.093190803625,9196.253611185246,165.37619877447761,9847.716992029147,13.093190803625475,1560,76,176
2026-02-07T16:56:40.288025,4436,10005.091832249158,9182.616027746906,165.37619877447761,9839.71563347468,5.09183224915796,1560,76,176
2026-02-07T16:57:53.179280,4437,10005.992509969836,9187.345858947587,165.37619877447761,9840.616311195357,5.992509969835737,1560,76,176
2026-02-07T16:59:05.793758,4438,10006.497805813111,9191.9185725063,165.37619877447761,9841.121607038633,6.497805813110972,1560,76,176
2026-02-07T17:00:18.596136,4439,10011.798521239283,9196.428153770765,165.37619877447761,9846.422322464805,11.798521239283218,1560,76,176
2026-02-07T17:01:31.443426,4440,10007.98659715712,9191.824257073804,165.37619877447761,9842.610398382642,7.9865971571198315,1560,76,176
2026-02-07T17:02:49.737749,4441,9999.470149186289,9175.414575641584,165.37619877447761,9834.09395041181,-0.5298508137111639,1560,76,176
2026-02-07T17:04:02.588638,4442,10006.398912885888,9187.545500231829,165.37619877447761,9841.02271411141,6.398912885888421,1560,76,176
2026-02-07T17:05:15.236268,4443,10007.92446076082,9187.651032330741,165.37619877447761,9842.548261986341,7.924460760819784,1560,76,176
2026-02-07T17:06:27.851630,4444,10007.333833398181,9184.568879667437,165.37619877447761,9841.957634623703,7.333833398181014,1560,76,176
2026-02-07T17:07:40.867440,4445,9997.56352358179,9165.681857796475,165.37619877447761,9832.187324807312,-2.436476418210077,1560,76,176
2026-02-07T17:08:54.489224,4446,9987.172537019673,9160.61816492667,165.37619877447761,9821.796338245194,-12.827462980327255,1560,76,176
2026-02-07T17:10:07.220228,4447,9983.648452897281,9162.464672924765,165.37619877447761,9818.272254122803,-16.35154710271854,1560,76,176
2026-02-07T17:11:21.948794,4448,9968.683652647545,9146.187306929569,165.37619877447761,9803.307453873067,-31.316347352454613,1560,76,176
2026-02-07T17:12:35.954098,4449,9967.060809887098,9143.963005080699,165.37619877447761,9801.68461111262,-32.939190112902,1560,76,176
2026-02-07T17:13:48.449408,4450,9969.201342280305,9148.074933264452,165.37619877447761,9803.825143505826,-30.798657719695257,1560,76,176
2026-02-07T17:15:07.270500,4451,9973.499534476698,9149.896902710034,165.37619877447761,9808.12333570222,-26.50046552330241,1560,76,176
2026-02-07T17:16:19.793258,4452,9985.360884754107,9162.750100328962,165.37619877447761,9819.984685979629,-14.639115245892754,1560,76,176
2026-02-07T17:17:31.996222,4453,9987.33183496826,9162.16140792901,165.37619877447761,9821.955636193781,-12.6681650317405,1560,76,176
2026-02-07T17:18:45.411824,4454,9985.57659256984,9158.131386465291,165.37619877447761,9820.200393795361,-14.423407430160296,1560,76,176
2026-02-07T17:19:58.352325,4455,10006.581852963453,9182.774733122345,165.37619877447761,9841.205654188974,6.5818529634525476,1560,76,176
2026-02-07T17:21:10.841632,4456,10009.020127105043,9187.465301638931,165.37619877447761,9843.643928330564,9.020127105042775,1560,76,176
2026-02-07T17:22:24.236682,4457,10008.754548529982,9187.568175278639,165.37619877447761,9843.378349755503,8.754548529981548,1560,76,176
2026-02-07T17:23:36.581841,4458,10011.983429933174,9180.76553255889,165.37619877447761,9846.607231158696,11.983429933174193,1560,76,176
2026-02-07T17:24:48.962186,4459,10017.213317257028,9187.854271605938,165.37619877447761,9851.83711848255,17.213317257028393,1560,76,176
2026-02-07T17:26:01.918836,4460,10020.716604674722,9194.209933735418,165.37619877447761,9855.340405900244,20.716604674722475,1560,76,176
2026-02-07T17:27:20.770600,4461,10032.848971428046,9210.663468198842,165.37619877447761,9867.472772653568,32.84897142804584,1560,76,176
2026-02-07T17:28:34.035840,4462,10030.595168013508,9205.534703013844,165.37619877447761,9865.21896923903,30.595168013507646,1560,76,176
2026-02-07T17:29:47.604862,4463,10037.217129762983,9208.568231858297,165.37619877447761,9871.840930988505,37.21712976298295,1560,76,176
2026-02-07T17:31:00.532536,4464,10033.927524647701,9205.23246531503,165.37619877447761,9868.551325873223,33.92752464770092,1560,76,176
2026-02-07T17:32:13.637497,4465,10031.526103159296,9203.926858671382,165.37619877447761,9866.149904384818,31.526103159296326,1560,76,176
2026-02-07T17:33:25.854460,4466,10027.277831167867,9195.574634985094,165.37619877447761,9861.901632393388,27.27783116786668,1560,76,176
2026-02-07T17:34:40.198050,4467,10024.329605344365,9193.8849789753,165.37619877447761,9858.953406569886,24.32960534436461,1560,76,176
2026-02-07T17:35:53.172426,4468,10017.842598227562,9195.959655201079,165.37619877447761,9852.466399453084,17.84259822756212,1560,76,176
2026-02-07T17:37:05.651575,4469,10023.823411668203,9208.146473522913,165.37619877447761,9858.447212893725,23.823411668203335,1560,76,176
2026-02-07T17:38:19.356460,4470,10046.90344698808,9230.297669671887,165.37619877447761,9881.527248213602,46.90344698808076,1560,76,176
2026-02-07T17:39:36.869873,4471,10062.5334909888,9244.13336700192,165.37619877447761,9897.157292214322,62.53349098880062,1560,76,176
2026-02-07T17:40:49.645096,4472,10058.66288639895,9241.007341548318,165.37619877447761,9893.286687624472,58.66288639894992,1560,76,176
2026-02-07T17:42:02.406729,4473,10054.455736619786,9232.351804517906,165.37619877447761,9889.079537845308,54.45573661978597,1560,76,176
2026-02-07T17:43:14.899226,4474,10055.379974598354,9233.509614947005,160.08416041369432,9895.29581418466,55.37997459835424,1561,76,176
2026-02-07T17:44:28.000655,4475,10061.56569439908,9237.31177290637,160.08416041369432,9901.481533985385,61.5656943990798,1561,76,176
2026-02-07T17:45:41.079825,4476,10061.71484859738,9238.064274999933,160.08416041369432,9901.630688183684,61.71484859737939,1561,76,176
2026-02-07T17:46:53.264065,4477,10059.445052105557,9232.777004636131,160.08416041369432,9899.360891691862,59.4450521055569,1561,76,176
2026-02-07T17:48:06.479084,4478,10060.40796942356,9233.61249554786,160.08416041369432,9900.323809009866,60.407969423560644,1561,76,176
2026-02-07T17:49:18.990540,4479,10056.84422999905,9231.769910054238,160.08416041369432,9896.760069585354,56.844229999049276,1561,76,176
2026-02-07T17:50:32.202761,4480,10055.150278356374,9229.755375982448,155.6018039221109,9899.548474434263,55.15027835637375,1562,76,176
2026-02-07T17:51:50.904146,4481,10053.690353058202,9227.046718740126,151.24495341229178,9902.44539964591,53.69035305820216,1563,76,176
2026-02-07T17:53:03.594235,4482,10045.963278678562,9220.48502046481,146.40511490309845,9899.558163775464,45.96327867856235,1564,76,176
2026-02-07T17:54:16.290816,4483,10044.718684238806,9218.549768296629,141.7201512261993,9902.998533012606,44.71868423880551,1565,76,176
2026-02-07T17:55:31.300410,4484,10040.429523260602,9210.476271573702,137.18510638696094,9903.24441687364,40.429523260601854,1566,76,176
2026-02-07T17:56:44.345518,4485,10037.866504934018,9212.458547074293,120.13537553823906,9917.73112939578,37.86650493401794,1568,76,176
2026-02-07T17:57:57.696546,4486,10045.840141713972,9219.571378863327,104.93608414776314,9940.90405756621,45.840141713972116,1572,76,176
2026-02-07T17:59:24.977527,4487,10050.59408641532,9224.379524755584,101.99787379162578,9948.596212623694,50.59408641531991,1573,76,176
2026-02-07T18:00:37.360832,4488,10056.300675786197,9228.033386888685,101.99787379162578,9954.30280199457,56.300675786196734,1573,76,176
2026-02-07T18:02:16.243300,4489,10065.125388599936,9233.208664096566,99.14193332546026,9965.983455274476,65.12538859993583,1574,76,176
2026-02-07T18:03:28.828691,4490,10068.121423008644,9236.746175514629,96.36595919234738,9971.755463816296,68.12142300864434,1575,76,176
2026-02-07T18:04:47.281645,4491,10068.716149050559,9239.75968131809,96.36595919234738,9972.35018985821,68.71614905055867,1575,76,176
2026-02-07T18:06:01.380223,4492,10073.996975701442,9251.23129529426,93.28224849819226,9980.71472720325,73.99697570144235,1576,76,176
2026-02-07T18:07:14.466508,4493,10078.346230884934,9254.410764510643,87.7688944829551,9990.577336401979,78.3462308849339,1578,76,176
2026-02-07T18:08:27.089329,4494,10074.851797434183,9248.079822875761,82.58140174343453,9992.270395690748,74.85179743418303,1580,76,176
2026-02-07T18:09:40.421451,4495,10071.350402814714,9240.819490554086,77.70051057479058,9993.649892239924,71.35040281471447,1582,76,176
2026-02-07T18:10:52.699409,4496,10075.60820253801,9245.031928553215,77.70051057479058,9997.907691963219,75.60820253800921,1582,76,176
2026-02-07T18:12:05.930490,4497,10072.019897142718,9239.204275909688,77.70051057479058,9994.319386567928,72.01989714271804,1582,76,176
2026-02-07T18:13:18.171064,4498,10067.949804362857,9238.674008457214,77.70051057479058,9990.249293788067,67.94980436285732,1582,76,176
2026-02-07T18:14:32.864628,4499,10067.268287116445,9237.634689169863,77.70051057479058,9989.567776541655,67.26828711644521,1582,76,176
2026-02-07T18:15:46.751543,4500,10070.426876856498,9238.264756395416,77.70051057479058,9992.726366281708,70.42687685649798,1582,76,176
2026-02-07T18:17:30.917263,4501,10083.075476490956,9254.242077094663,77.70051057479058,10005.374965916166,83.07547649095613,1582,76,176
2026-02-07T18:18:44.568001,4502,10087.034592342983,9264.034380360468,77.70051057479058,10009.334081768193,87.03459234298316,1582,76,176
2026-02-07T18:19:57.846962,4503,10112.25503056857,9277.587069685074,77.70051057479058,10034.55451999378,112.25503056857087,1582,76,176
2026-02-07T18:21:10.881926,4504,10116.12490899198,9288.769466193495,77.70051057479058,10038.42439841719,116.12490899198019,1582,76,176
2026-02-07T18:22:24.201826,4505,10135.411545900512,9316.343680518465,77.70051057479058,10057.711035325721,135.41154590051156,1582,76,176
2026-02-07T18:23:37.001281,4506,10141.00456002376,9301.701744985288,77.70051057479058,10063.30404944897,141.00456002376086,1582,76,176
2026-02-07T18:24:50.617206,4507,10137.088166502253,9297.45646594623,77.70051057479058,10059.387655927463,137.08816650225344,1582,76,176
2026-02-07T18:26:04.664959,4508,10128.714331136856,9288.844486598335,77.70051057479058,10051.013820562066,128.71433113685634,1582,76,176
2026-02-07T18:27:18.381241,4509,10129.069413219207,9289.23887286641,77.70051057479058,10051.368902644417,129.0694132192075,1582,76,176
2026-02-07T18:28:31.176133,4510,10133.07458783544,9291.846303123812,77.70051057479058,10055.374077260649,133.07458783543916,1582,76,176
2026-02-07T18:29:49.531440,4511,10144.394163147503,9305.585743651602,77.70051057479058,10066.693652572712,144.3941631475027,1582,76,176
2026-02-07T18:31:02.556784,4512,10146.377452303279,9310.020429848188,77.70051057479058,10068.676941728489,146.37745230327891,1582,76,176
2026-02-07T18:32:14.958154,4513,10142.341943975622,9304.698058199332,72.95767140930536,10069.384272566316,142.3419439756217,1584,76,176
2026-02-07T18:33:27.378292,4514,10146.707699622462,9316.464853985164,68.50433514648137,10078.203364475981,146.70769962246231,1586,76,176
2026-02-07T18:34:40.486261,4515,10157.62621203035,9326.176094199025,64.19418486808186,10093.43202716227,157.62621203035087,1589,76,176
2026-02-07T18:35:52.974405,4516,10179.434296849693,9351.400693543972,62.26835932203941,10117.165937527654,179.43429684969306,1590,76,176
2026-02-07T18:37:05.785525,4517,10168.8451059277,9329.567694874284,62.26835932203941,10106.57674660566,168.84510592769948,1590,76,176
2026-02-07T18:38:18.240969,4518,10168.50511942275,9329.074045391413,62.26835932203941,10106.236760100712,168.5051194227508,1590,76,176
2026-02-07T18:39:31.121059,4519,10169.823849390044,9332.167347830447,62.26835932203941,10107.555490068005,169.82384939004442,1590,76,176
2026-02-07T18:40:44.136013,4520,10170.544508187599,9330.648018856149,62.26835932203941,10108.27614886556,170.5445081875987,1590,76,176
2026-02-07T18:42:02.496453,4521,10169.150632228884,9328.491373740484,62.26835932203941,10106.882272906845,169.1506322288842,1590,76,176
2026-02-07T18:43:16.217132,4522,10177.965353901534,9336.607767142581,62.26835932203941,10115.696994579495,177.9653539015344,1590,76,176
2026-02-07T18:44:28.653307,4523,10175.111725770537,9340.600624443257,62.26835932203941,10112.843366448498,175.1117257705373,1590,76,176
2026-02-07T18:45:41.353877,4524,10170.83068346899,9337.40259997079,62.26835932203941,10108.562324146951,170.83068346899017,1590,76,176
2026-02-07T18:46:53.895202,4525,10166.30515398577,9333.354191519767,62.26835932203941,10104.03679466373,166.30515398576972,1590,76,176
2026-02-07T18:48:07.435474,4526,10164.036578768631,9330.06478567549,62.26835932203941,10101.768219446592,164.03657876863144,1590,76,176
2026-02-07T18:49:20.466940,4527,10188.77680241138,9348.848827295991,74.9018123978488,10113.87499001353,188.77680241137932,1591,76,177
2026-02-07T18:50:33.651077,4528,10191.331599183955,9355.663844294051,79.78674758716177,10111.544851596793,191.3315991839554,1592,77,177
2026-02-07T18:51:46.282999,4529,10186.959625655527,9353.82794649873,81.67777535296294,10105.281850302565,186.9596256555269,1593,77,178
2026-02-07T18:52:59.068021,4530,10188.050391112105,9356.594289741577,82.40897275573938,10105.641418356365,188.050391112105,1594,78,178
2026-02-07T18:54:17.903624,4531,10183.881251376968,9349.084525044203,82.40897275573938,10101.472278621228,183.88125137696807,1594,78,178
2026-02-07T18:55:30.700138,4532,10181.26408703216,9341.17770302872,82.40897275573938,10098.855114276419,181.2640870321593,1594,78,178
2026-02-07T18:56:43.499569,4533,10160.446360279406,9326.392155747213,80.10152151857868,10080.344838760828,160.44636027940578,1595,78,178
2026-02-07T18:57:56.200442,4534,10161.507976524284,9327.472249187053,80.10152151857868,10081.406455005706,161.50797652428446,1595,78,178
2026-02-07T18:59:09.091945,4535,10162.94050242451,9325.98896119754,80.10152151857868,10082.838980905932,162.94050242450976,1595,78,178
2026-02-07T19:00:22.891233,4536,10150.332388419683,9320.021030574757,80.10152151857868,10070.230866901105,150.3323884196834,1595,78,178
2026-02-07T19:01:36.470788,4537,10139.00600249998,9309.516452474474,80.10152151857868,10058.904480981402,139.00600249998024,1595,78,178
2026-02-07T19:02:49.338359,4538,10122.125255685682,9298.591917614858,80.10152151857868,10042.023734167104,122.12525568568162,1595,78,178
2026-02-07T19:04:01.877795,4539,10122.183051464815,9298.622184503169,80.38425118098557,10041.79880028383,122.18305146481543,1596,78,179
2026-02-07T19:05:15.307267,4540,10126.004307183255,9301.046096193892,80.49357331711624,10045.510733866138,126.00430718325515,1597,78,180
2026-02-07T19:06:33.132195,4541,10133.083947380372,9308.373279535223,80.53584454308677,10052.548102837285,133.08394738037168,1598,78,181
2026-02-07T19:07:45.772994,4542,10140.066254288004,9316.696199471886,80.5521894171287,10059.514064870875,140.06625428800362,1599,78,182
2026-02-07T19:08:58.578383,4543,10137.655263329501,9314.574018031979,80.5521894171287,10057.103073912373,137.6552633295014,1599,78,182
2026-02-07T19:10:12.023305,4544,10120.753627735377,9293.432546043037,80.5521894171287,10040.201438318249,120.75362773537745,1599,78,182
2026-02-07T19:11:25.039176,4545,10120.56477429724,9292.884042579959,80.5521894171287,10040.01258488011,120.56477429723964,1599,78,182
2026-02-07T19:12:38.364378,4546,10116.173894724912,9285.94686926371,80.5521894171287,10035.621705307783,116.17389472491232,1599,78,182
2026-02-07T19:13:51.391490,4547,10121.543183643807,9291.635978573246,80.5521894171287,10040.990994226679,121.54318364380742,1599,78,182
2026-02-07T19:15:05.558381,4548,10122.697172550696,9293.267645628692,80.5521894171287,10042.144983133567,122.69717255069554,1599,78,182
2026-02-07T19:16:17.775203,4549,10121.327724723233,9292.809943565255,80.5521894171287,10040.775535306104,121.32772472323268,1599,78,182
2026-02-07T19:17:31.573664,4550,10120.924391022856,9293.077078612228,78.30304813141197,10042.621342891443,120.92439102285607,1601,78,183
2026-02-07T19:18:50.596686,4551,10123.966606136235,9295.89460214508,78.30549752195749,10045.661108614277,123.96660613623499,1602,78,184
2026-02-07T19:20:04.320738,4552,10121.871538616428,9295.04556779518,78.30644680440483,10043.565091812023,121.87153861642764,1603,79,184
2026-02-07T19:21:16.767868,4553,10120.664915537458,9293.001066205099,78.30644680440483,10042.358468733053,120.664915537458,1603,79,184
2026-02-07T19:22:29.739674,4554,10124.105411422985,9296.752185516987,78.30644680440483,10045.79896461858,124.10541142298462,1603,79,184
2026-02-07T19:23:42.653202,4555,10129.23141104196,9307.56433531806,80.16450342133797,10049.066907620621,129.2314110419593,1604,80,184
2026-02-07T19:24:55.327447,4556,10128.345933173627,9307.731193740972,80.74893357770408,10047.596999595922,128.3459331736267,1606,80,186
2026-02-07T19:26:08.395676,4557,10133.963309282737,9307.57312100925,80.74907697589062,10053.214232306846,133.9633092827371,1607,80,187
2026-02-07T19:27:21.293967,4558,10133.024776574524,9307.434268533782,80.74907697589062,10052.275699598633,133.02477657452437,1607,80,187
2026-02-07T19:28:34.949499,4559,10127.09268478921,9303.817614915833,80.93323918694212,10046.159445602267,127.09268478920967,1609,81,188
2026-02-07T19:29:48.301859,4560,10119.500345677281,9302.248485874337,697.718559408869,9421.781786268411,119.50034567728108,1612,81,191
2026-02-07T19:31:07.196070,4561,10112.801397726518,9292.028864320342,697.718559408869,9415.082838317649,112.80139772651819,1612,81,191
2026-02-07T19:32:20.082818,4562,10098.219294888147,9275.583493720967,697.718559408869,9400.500735479278,98.21929488814749,1612,81,191
2026-02-07T19:33:32.821757,4563,10100.061342778892,9278.213307820633,697.718559408869,9402.342783370023,100.06134277889214,1612,81,191
2026-02-07T19:34:45.338727,4564,10097.574083128236,9273.266417555613,697.718559408869,9399.855523719367,97.57408312823645,1612,81,191
2026-02-07T19:35:57.637667,4565,10090.431889827034,9273.416215020283,697.718559408869,9392.713330418164,90.43188982703396,1612,81,191
2026-02-07T19:37:10.007518,4566,10093.603724105016,9277.450173144764,697.718559408869,9395.885164696147,93.60372410501623,1612,81,191
2026-02-07T19:38:23.903018,4567,10098.960870186402,9289.158069613093,697.718559408869,9401.242310777532,98.96087018640173,1612,81,191
2026-02-07T19:39:37.721137,4568,10103.566308782798,9288.88519018046,697.718559408869,9405.847749373928,103.56630878279793,1612,81,191
2026-02-07T19:40:50.711512,4569,10107.825262092738,9292.205053845695,697.718559408869,9410.106702683868,107.82526209273783,1612,81,191
2026-02-07T19:42:18.216502,4570,10112.061178569234,9294.715107379805,697.718559408869,9414.342619160365,112.06117856923447,1612,81,191
2026-02-07T19:43:37.038644,4571,10108.06265597333,9287.285427024004,697.718559408869,9410.34409656446,108.06265597333004,1612,81,191
2026-02-07T19:44:49.425130,4572,10108.084652974729,9287.238380072571,697.718559408869,9410.366093565859,108.08465297472867,1612,81,191
2026-02-07T19:46:02.425296,4573,10099.438717061192,9284.887043206678,697.718559408869,9401.720157652322,99.43871706119171,1612,81,191
2026-02-07T19:47:15.418374,4574,10100.562261393909,9285.421427523332,697.718559408869,9402.843701985039,100.56226139390856,1612,81,191
2026-02-07T19:48:27.724619,4575,10103.365427033896,9290.999884817193,697.718559408869,9405.646867625026,103.36542703389568,1612,81,191
2026-02-07T19:49:40.427339,4576,10102.526287111883,9291.295512089928,696.3231222900513,9406.203164821833,102.526287111883,1613,81,191
2026-02-07T19:50:54.242263,4577,10102.09217504209,9289.212591638085,696.3231222900513,9405.769052752039,102.09217504208937,1613,81,191
2026-02-07T19:52:06.856222,4578,10102.299979688363,9290.461247962621,696.3231222900513,9405.976857398313,102.29997968836324,1613,81,191
2026-02-07T19:53:18.951743,4579,10102.449982708858,9291.54245459451,696.3231222900513,9406.126860418806,102.44998270885844,1613,81,191
2026-02-07T19:54:31.218302,4580,10095.223832221836,9282.340583547428,696.3231222900513,9398.900709931784,95.22383222183635,1613,81,191
2026-02-07T19:55:50.037332,4581,10095.995528929467,9281.66192364064,696.3231222900513,9399.672406639414,95.99552892946667,1613,81,191
2026-02-07T19:57:04.050475,4582,10092.863515906232,9275.422496607967,696.3231222900513,9396.54039361618,92.86351590623235,1613,81,191
2026-02-07T19:58:16.958678,4583,10085.386974440673,9271.638893402689,696.3231222900513,9389.06385215062,85.38697444067293,1613,81,191
2026-02-07T19:59:29.330161,4584,10083.985933919568,9271.272876313462,696.3231222900513,9387.662811629516,83.9859339195682,1613,81,191
2026-02-07T20:00:42.415674,4585,10086.652934113888,9273.733605530122,696.3231222900513,9390.329811823838,86.65293411388848,1613,81,191
2026-02-07T20:01:55.354182,4586,10091.156673092624,9277.632315991552,696.3231222900513,9394.833550802572,91.15667309262426,1613,81,191
2026-02-07T20:03:08.009451,4587,10099.055272022724,9284.35886116261,696.3231222900513,9402.732149732674,99.05527202272424,1613,81,191
2026-02-07T20:04:20.816056,4588,10104.197250260124,9291.148797271233,696.3231222900513,9407.874127970072,104.19725026012384,1613,81,191
2026-02-07T20:05:34.236342,4589,10097.95890916662,9284.730114797176,696.3231222900513,9401.635786876568,97.95890916662029,1613,81,191
2026-02-07T20:06:46.406026,4590,10099.204392903714,9285.300289696728,696.3231222900513,9402.881270613661,99.2043929037136,1613,81,191
2026-02-07T20:08:04.308218,4591,10100.07126908678,9284.241956802738,696.3231222900513,9403.748146796728,100.07126908678038,1613,81,191
2026-02-07T20:09:17.287709,4592,10094.800542203742,9280.683857727237,696.3231222900513,9398.47741991369,94.80054220374222,1613,81,191
2026-02-07T20:10:45.057744,4593,10091.908379418446,9271.991258289465,629.9403179650664,9461.968061453379,91.9083794184462,1614,81,191
2026-02-07T20:11:58.011548,4594,10083.85024939005,9267.16016875116,612.3019890620445,9471.548260328005,83.85024939005052,1615,81,191
2026-02-07T20:13:10.583341,4595,10096.181548914517,9281.9557952236,612.3019890620445,9483.879559852472,96.1815489145174,1615,81,191
2026-02-07T20:14:23.209052,4596,10098.23838157676,9281.69440582752,502.1884329982456,9596.049948578515,98.23838157676073,1621,81,191
2026-02-07T20:15:36.424823,4597,10095.594320554736,9277.612533517517,502.1884329982456,9593.40588755649,95.59432055473553,1621,81,191
2026-02-07T20:16:49.089249,4598,10087.632511353191,9272.213220255486,502.1884329982456,9585.444078354945,87.63251135319115,1621,81,191
2026-02-07T20:18:01.497872,4599,10085.743720072012,9273.58877382131,502.1884329982456,9583.555287073767,85.74372007201237,1621,81,191
2026-02-07T20:19:14.336681,4600,10083.345802290009,9270.975405691785,502.1884329982456,9581.157369291763,83.34580229000858,1621,81,191
2026-02-07T20:20:33.146186,4601,10093.974851685356,9278.259337532092,502.1884329982456,9591.78641868711,93.97485168535604,1621,81,191
2026-02-07T20:21:46.329523,4602,10096.672881173512,9279.559490890128,502.1884329982456,9594.484448175266,96.672881173512,1621,81,191
2026-02-07T20:22:59.036618,4603,10098.04054046701,9282.348584654814,502.1884329982456,9595.852107468763,98.04054046700912,1621,81,191
2026-02-07T20:24:12.051049,4604,10097.77238106241,9282.382978358668,502.1884329982456,9595.583948064164,97.7723810624102,1621,81,191
2026-02-07T20:25:24.986241,4605,10098.721641720776,9284.689272262824,502.1884329982456,9596.53320872253,98.72164172077646,1621,81,191
2026-02-07T20:26:39.098712,4606,10103.473414062844,9285.862458572346,502.1884329982456,9601.284981064598,103.47341406284431,1621,81,191
2026-02-07T20:27:52.310100,4607,10114.66927356335,9296.530184635534,502.1884329982456,9612.480840565104,114.66927356334963,1621,81,191
2026-02-07T20:29:05.558688,4608,10114.478344793602,9295.62175641923,502.1884329982456,9612.289911795357,114.47834479360245,1621,81,191
2026-02-07T20:30:18.097885,4609,10115.583119611683,9295.143458404105,502.1884329982456,9613.394686613437,115.58311961168329,1621,81,191
2026-02-07T20:31:31.163061,4610,10113.46603529057,9295.826577693957,502.1884329982456,9611.277602292324,113.46603529057029,1621,81,191
2026-02-07T20:32:49.126671,4611,10101.90577821485,9284.175461533236,502.1884329982456,9599.717345216604,101.90577821485022,1621,81,191
2026-02-07T20:34:01.977979,4612,10110.27462356975,9290.334641377427,502.1884329982456,9608.086190571505,110.27462356975047,1621,81,191
2026-02-07T20:35:15.316356,4613,10114.582252524286,9296.956102270646,502.1884329982456,9612.39381952604,114.58225252428565,1621,81,191
2026-02-07T20:36:28.194346,4614,10126.371426955453,9305.193570116882,502.1884329982456,9624.182993957207,126.37142695545299,1621,81,191
2026-02-07T20:37:42.460465,4615,10125.2669128722,9303.785225160053,502.1884329982456,9623.078479873953,125.2669128721991,1621,81,191
2026-02-07T20:38:55.819500,4616,10134.780066637273,9310.14339598746,502.1884329982456,9632.591633639027,134.7800666372732,1621,81,191
2026-02-07T20:40:10.024003,4617,10132.068460768316,9307.832391927057,502.1884329982456,9629.88002777007,132.06846076831607,1621,81,191
2026-02-07T20:41:22.748317,4618,10135.629034265543,9311.5232659795,502.1884329982456,9633.440601267297,135.62903426554294,1621,81,191
2026-02-07T20:42:35.007020,4619,10131.149170526784,9305.383745077275,502.1884329982456,9628.960737528538,131.14917052678356,1621,81,191
2026-02-07T20:43:48.441047,4620,10131.490858447589,9306.783845200505,502.1884329982456,9629.302425449343,131.49085844758883,1621,81,191
2026-02-07T20:45:07.573115,4621,10126.622576486701,9300.66236542312,472.5070878543173,9654.115488632384,126.62257648670129,1623,81,191
2026-02-07T20:46:20.199488,4622,10129.061297477878,9304.217758137183,459.27688939439645,9669.784408083482,129.06129747787782,1624,81,191
2026-02-07T20:47:34.081333,4623,10133.470787871534,9307.796379758192,401.1700808083205,9732.300707063214,133.4707878715344,1628,81,191
2026-02-07T20:48:48.564789,4624,10134.358405341685,9309.552525881165,401.1700808083205,9733.188324533365,134.35840534168528,1628,81,191
2026-02-07T20:50:01.031655,4625,10131.653999340766,9306.436417347111,401.1700808083205,9730.483918532445,131.65399934076595,1628,81,191
2026-02-07T20:51:13.615274,4626,10133.32245322492,9308.406456879786,401.1700808083205,9732.1523724166,133.32245322492054,1628,81,191
2026-02-07T20:52:27.230622,4627,10137.29084824827,9311.651702362895,339.201556737662,9798.089291510609,137.29084824827078,1633,81,191
2026-02-07T20:53:39.709765,4628,10162.167821448049,9333.480482835772,329.70391314900746,9832.463908299042,162.16782144804893,1634,81,191
2026-02-07T20:54:52.049471,4629,10158.812422397954,9329.609414176597,320.47220358083524,9838.340218817119,158.81242239795392,1635,81,191
2026-02-07T20:56:04.450705,4630,10153.603958455386,9323.106164706229,311.4989818805719,9842.104976574814,153.6039584553855,1636,81,191
2026-02-07T20:57:22.657101,4631,10136.4699049298,9307.496401493574,311.4989818805719,9824.970923049228,136.46990492979967,1636,81,191
2026-02-07T20:58:35.401389,4632,10137.676354470374,9310.333762749033,311.4989818805719,9826.177372589802,137.67635447037355,1636,81,191
2026-02-07T20:59:48.305963,4633,10143.34023343554,9315.197432268298,311.4989818805719,9831.841251554968,143.34023343553963,1636,81,191
2026-02-07T21:01:01.688630,4634,10164.43929381082,9331.698157226725,311.4989818805719,9852.940311930248,164.43929381081944,1636,81,191
2026-02-07T21:02:16.256102,4635,10142.932377469979,9311.994267101942,311.4989818805719,9831.433395589407,142.93237746997875,1636,81,191
2026-02-07T21:03:29.823043,4636,10131.326204386985,9302.371997306978,311.4989818805719,9819.827222506414,131.3262043869854,1636,81,191
2026-02-07T21:04:41.955186,4637,10133.249138772206,9306.076935580088,311.4989818805719,9821.750156891634,133.2491387722057,1636,81,191
2026-02-07T21:05:54.919504,4638,10134.2563998914,9307.344383102356,311.4989818805719,9822.757418010828,134.25639989139927,1636,81,191
2026-02-07T21:07:07.351902,4639,10134.039180364629,9306.714623780028,311.4989818805719,9822.540198484057,134.03918036462892,1636,81,191
2026-02-07T21:08:20.741344,4640,10131.397272567814,9301.731494435768,311.4989818805719,9819.898290687242,131.39727256781407,1636,81,191
2026-02-07T21:09:39.833406,4641,10130.739435620982,9303.329324728447,311.4989818805719,9819.24045374041,130.73943562098248,1636,81,191
2026-02-07T21:10:52.281281,4642,10129.51624952959,9301.740199573393,311.4989818805719,9818.017267649018,129.5162495295899,1636,81,191
2026-02-07T21:12:05.000239,4643,10128.758447586732,9303.559600155417,311.4989818805719,9817.25946570616,128.75844758673156,1636,81,191
2026-02-07T21:13:18.808169,4644,10134.934547835865,9309.668972010295,311.4989818805719,9823.435565955293,134.93454783586458,1636,81,191
2026-02-07T21:14:31.049946,4645,10132.953849332303,9308.168045192626,311.4989818805719,9821.454867451732,132.95384933230343,1636,81,191
2026-02-07T21:15:44.168920,4646,10130.210348944716,9304.02256749948,311.4989818805719,9818.711367064145,130.21034894471632,1636,81,191
2026-02-07T21:16:56.868179,4647,10122.639805933231,9297.047988082339,311.49899020832675,9811.140815724904,122.6398059332314,1637,81,192
2026-02-07T21:18:09.284923,4648,10121.052429133724,9294.516853972502,481.8231864466909,9639.229242687034,121.05242913372422,1639,81,194
2026-02-07T21:19:23.528959,4649,10122.525621759374,9296.203393539878,481.8231864466909,9640.702435312684,122.52562175937419,1639,81,194
2026-02-07T21:20:36.756315,4650,10118.312323635422,9295.041632312259,481.8231864466909,9636.489137188732,118.31232363542222,1639,81,194
2026-02-07T21:21:54.691748,4651,10121.207590751023,9297.821866322227,481.8231864466909,9639.384404304332,121.20759075102251,1639,81,194
2026-02-07T21:23:06.954613,4652,10127.491919749142,9302.382688418902,481.8231864466909,9645.668733302451,127.49191974914174,1639,81,194
2026-02-07T21:24:19.785298,4653,10128.344886073191,9303.209898330282,481.8231864466909,9646.5216996265,128.34488607319145,1639,81,194
2026-02-07T21:25:32.644247,4654,10128.976413616048,9303.434868721411,481.8231864466909,9647.153227169358,128.97641361604838,1639,81,194
2026-02-07T21:26:45.032853,4655,10136.674717924765,9310.325124134706,468.33213722618353,9668.342580698582,136.674717924765,1640,81,194
2026-02-07T21:27:58.367096,4656,10137.621128708386,9310.66918183028,455.21883738385037,9682.402291324535,137.6211287083861,1641,81,194
2026-02-07T21:29:10.638210,4657,10137.219226199304,9312.022241756924,455.21883738385037,9682.000388815453,137.2192261993041,1641,81,194
2026-02-07T21:30:23.365550,4658,10135.00060176172,9304.540587512516,455.21883738385037,9679.781764377869,135.00060176171974,1641,81,194
2026-02-07T21:31:35.983369,4659,10136.09052542345,9309.824646497986,455.21883738385037,9680.871688039599,136.09052542344944,1641,81,194
2026-02-07T21:32:49.004185,4660,10136.929308336461,9311.045502218007,455.21883738385037,9681.71047095261,136.92930833646096,1641,81,194
2026-02-07T21:34:07.486706,4661,10137.012309098915,9311.06547582642,455.21883738385037,9681.793471715064,137.01230909891456,1641,81,194
2026-02-07T21:35:20.349610,4662,10137.41088767657,9311.252846748745,491.83345800337696,9645.577429673192,137.41088767656947,1643,81,196
2026-02-07T21:36:33.781536,4663,10137.722627067425,9313.099639843767,491.83345800337696,9645.889169064048,137.7226270674255,1643,81,196
2026-02-07T21:37:47.302564,4664,10136.43586259192,9309.6778623113,491.83345800337696,9644.602404588542,136.43586259191943,1643,81,196
2026-02-07T21:39:00.333866,4665,10135.958074853062,9308.01376081909,491.83345800337696,9644.124616849685,135.9580748530625,1643,81,196
2026-02-07T21:40:13.349626,4666,10133.021337565408,9301.390980840872,491.83345800337696,9641.18787956203,133.02133756540752,1643,81,196
2026-02-07T21:41:26.718829,4667,10128.637571250121,9303.338676733736,491.83345800337696,9636.804113246744,128.63757125012125,1643,81,196
2026-02-07T21:42:40.504210,4668,10127.270930284893,9300.34602285232,491.83345800337696,9635.437472281516,127.27093028489253,1643,81,196
2026-02-07T21:43:53.301643,4669,10126.508898683765,9299.252001031113,491.83345800337696,9634.675440680388,126.50889868376544,1643,81,196
2026-02-07T21:45:06.022253,4670,10124.011248769519,9292.465147124376,491.83345800337696,9632.177790766142,124.01124876951872,1643,81,196
2026-02-07T21:46:26.609792,4671,10099.414386343922,9275.561586938316,491.83345800337696,9607.580928340545,99.41438634392216,1643,81,196
2026-02-07T21:47:39.459493,4672,10100.211235104747,9276.328559659787,491.83345800337696,9608.37777710137,100.21123510474717,1643,81,196
2026-02-07T21:48:51.524594,4673,10105.60974334158,9281.383757669595,491.83345800337696,9613.776285338203,105.60974334157982,1643,81,196
2026-02-07T21:50:04.554434,4674,10104.24196989164,9281.984188021712,491.83345800337696,9612.408511888263,104.24196989164011,1643,81,196
2026-02-07T21:51:17.678789,4675,10104.474670129728,9281.682655554017,491.83345800337696,9612.641212126351,104.47467012972811,1643,81,196
2026-02-07T21:52:30.672979,4676,10103.72079344972,9279.66284488388,491.83345800337696,9611.887335446343,103.72079344972008,1643,81,196
2026-02-07T21:53:43.492858,4677,10103.546140832066,9278.293685258748,491.83345800337696,9611.71268282869,103.54614083206616,1643,81,196
2026-02-07T21:54:55.558053,4678,10102.948341710126,9279.249435502295,491.83345800337696,9611.114883706749,102.94834171012553,1643,81,196
2026-02-07T21:56:08.066251,4679,10101.315971785449,9276.677071456068,491.83345800337696,9609.482513782072,101.31597178544871,1643,81,196
2026-02-07T21:57:21.310824,4680,10102.491721602191,9279.051135943604,491.83345800337696,9610.658263598814,102.49172160219132,1643,81,196
2026-02-07T21:58:39.832547,4681,10102.86871685157,9277.716677076249,491.83345800337696,9611.035258848193,102.86871685156984,1643,81,196
2026-02-07T21:59:52.560703,4682,10101.839409692842,9277.803093944303,491.83345800337696,9610.005951689465,101.83940969284231,1643,81,196
2026-02-07T22:01:05.535212,4683,10100.94460068872,9278.011114649835,491.83345800337696,9609.111142685342,100.94460068871922,1643,81,196
2026-02-07T22:02:18.556947,4684,10100.792796346715,9277.986681424103,491.83345800337696,9608.959338343338,100.79279634671548,1643,81,196
2026-02-07T22:03:31.703904,4685,10104.351847354073,9280.81618503544,491.83345800337696,9612.518389350696,104.35184735407347,1643,81,196
2026-02-07T22:04:44.718690,4686,10104.117170206964,9280.654621983715,491.83345800337696,9612.283712203587,104.11717020696415,1643,81,196
2026-02-07T22:05:57.581636,4687,10106.110194260145,9281.544492535899,491.83345800337696,9614.276736256768,106.11019426014536,1643,81,196
2026-02-07T22:07:10.030851,4688,10107.38051217533,9282.69511496745,491.83345800337696,9615.547054171953,107.3805121753303,1643,81,196
2026-02-07T22:08:22.505441,4689,10116.513689091127,9302.876327806507,489.5382351993612,9626.975453891766,116.51368909112716,1644,81,196
2026-02-07T22:09:35.513486,4690,10127.297536946371,9305.27238235283,489.5382351993612,9637.75930174701,127.29753694637111,1644,81,196
2026-02-07T22:10:54.372191,4691,10129.474292127097,9299.336867356791,430.4685935872655,9699.005698539831,129.47429212709721,1646,81,196
2026-02-07T22:12:07.740208,4692,10130.350224643882,9299.062542324811,418.41547296682205,9711.93475167706,130.35022464388203,1647,81,196
2026-02-07T22:13:20.297512,4693,10114.8340164316,9285.387202071604,418.41547296682205,9696.418543464777,114.8340164315996,1647,81,196
2026-02-07T22:14:32.797957,4694,10112.177837682895,9280.512579682245,418.41547296682205,9693.762364716073,112.17783768289519,1647,81,196
2026-02-07T22:15:45.059584,4695,10115.347823659167,9281.659037017569,418.41547296682205,9696.932350692345,115.34782365916726,1647,81,196
2026-02-07T22:16:58.178070,4696,10108.815830317571,9281.617882073728,418.41547296682205,9690.400357350749,108.81583031757145,1647,81,196
2026-02-07T22:18:11.834741,4697,10106.022023595595,9276.5015527939,418.41547296682205,9687.606550628772,106.02202359559487,1647,81,196
2026-02-07T22:19:25.808516,4698,10101.211893335902,9268.211458554319,418.41547296682205,9682.796420369079,101.21189333590155,1647,81,196
2026-02-07T22:20:37.961506,4699,10104.845667054291,9274.96851219454,418.41547296682205,9686.430194087468,104.84566705429097,1647,81,196
2026-02-07T22:21:51.053047,4700,10104.901993810281,9276.931981494396,418.41547296682205,9686.486520843458,104.90199381028106,1647,81,196
2026-02-07T22:23:11.536071,4701,10105.47926160139,9276.467269497349,418.41547296682205,9687.063788634567,105.47926160138923,1647,81,196
2026-02-07T22:24:24.540292,4702,10105.068255271983,9276.129402208751,418.41547296682205,9686.65278230516,105.06825527198271,1647,81,196
2026-02-07T22:25:37.109290,4703,10102.645493772476,9275.036096913474,418.41547296682205,9684.230020805653,102.64549377247567,1647,81,196
2026-02-07T22:26:49.907287,4704,10101.796138217504,9273.698918406119,418.4335943512263,9683.362543866277,101.79613821750354,1649,81,198
2026-02-07T22:28:03.090514,4705,10101.56586214273,9274.154518640647,418.4335943512263,9683.132267791503,101.56586214273011,1649,81,198
2026-02-07T22:29:16.153038,4706,10104.017301261727,9277.368767295564,418.4335943512263,9685.5837069105,104.01730126172697,1649,81,198
2026-02-07T22:30:28.851539,4707,10104.490678308037,9277.565493517443,418.4335943512263,9686.05708395681,104.49067830803688,1649,81,198
2026-02-07T22:31:42.106565,4708,10104.905686944136,9276.879766885186,418.4335943512263,9686.472092592909,104.9056869441356,1649,81,198
2026-02-07T22:32:55.075393,4709,10107.155772487276,9278.678055135955,418.4335943512263,9688.72217813605,107.15577248727641,1649,81,198
2026-02-07T22:34:07.728477,4710,10104.989556445622,9275.186596312258,418.4335943512263,9686.555962094395,104.98955644562193,1649,81,198
2026-02-07T22:35:26.000875,4711,10104.810523249744,9275.985677111054,418.4335943512263,9686.376928898517,104.81052324974371,1649,81,198
2026-02-07T22:36:40.016020,4712,10108.20460979677,9279.256723071023,418.4335943512263,9689.771015445544,108.20460979677046,1649,81,198
2026-02-07T22:37:53.092456,4713,10099.679518217426,9270.457467176828,418.4335943512263,9681.2459238662,99.67951821742645,1649,81,198
2026-02-07T22:39:05.782944,4714,10093.985100496462,9265.850923567492,418.4335943512263,9675.551506145235,93.98510049646211,1649,81,198
2026-02-07T22:40:18.195223,4715,10104.565001194414,9275.516771891782,418.4335943512263,9686.131406843188,104.56500119441444,1649,81,198
2026-02-07T22:41:30.627362,4716,10105.608118255312,9276.931062205265,418.43359453928093,9687.17452371603,105.60811825531164,1650,81,199
2026-02-07T22:42:43.807329,4717,10104.521646472447,9275.823077396617,418.43359453928093,9686.088051933166,104.52164647244717,1650,81,199
2026-02-07T22:43:56.997381,4718,10102.500770168708,9272.132303432376,418.43359453928093,9684.067175629427,102.50077016870819,1650,81,199
2026-02-07T22:45:10.466453,4719,10103.138096273553,9272.27565613553,418.43359453928093,9684.704501734272,103.13809627355295,1650,81,199
2026-02-07T22:46:23.515090,4720,10094.906027643656,9258.152555921954,418.43359453928093,9676.472433104374,94.90602764365576,1650,81,199
2026-02-07T22:47:43.304414,4721,10092.3542592802,9256.374695863446,418.43359453928093,9673.92066474092,92.3542592802005,1650,81,199
2026-02-07T22:48:56.199527,4722,10092.302753656848,9256.113438393204,418.4335946122402,9673.869159044607,92.30275365684793,1650,81,199
2026-02-07T22:50:09.829975,4723,10094.758352670211,9258.905987693357,426.264538612025,9668.493814058185,94.75835267021102,1651,81,200
2026-02-07T22:51:23.288661,4724,10097.322657794175,9264.5175697311,426.264538612025,9671.05811918215,97.32265779417503,1651,81,200
2026-02-07T22:52:37.303835,4725,10096.728532707617,9265.173588310538,426.264538612025,9670.463994095591,96.72853270761698,1651,81,200
2026-02-07T22:53:51.668441,4726,10095.75387997262,9263.283770875309,426.264538612025,9669.489341360595,95.75387997262078,1651,81,200
2026-02-07T22:55:05.331044,4727,10094.276249676228,9261.215969494331,426.264538612025,9668.011711064202,94.27624967622796,1651,81,200
2026-02-07T22:56:18.353357,4728,10094.791852814707,9262.471527144966,426.2645386229942,9668.527314191713,94.79185281470745,1651,81,200
2026-02-07T22:57:30.619638,4729,10097.848443000596,9266.754857211256,426.2645386272498,9671.583904373345,97.84844300059558,1651,81,200
2026-02-07T22:58:45.498366,4730,10098.842937968033,9265.736823115198,426.2645386272498,9672.578399340782,98.84293796803286,1651,81,200
2026-02-07T23:00:05.074382,4731,10100.924796083575,9267.367013043991,426.2645386272498,9674.660257456324,100.92479608357462,1651,81,200
2026-02-07T23:01:18.052884,4732,10099.945052167534,9263.172706583338,426.2645386272498,9673.680513540283,99.9450521675335,1651,81,200
2026-02-07T23:02:31.695278,4733,10100.868530240079,9262.300846475033,426.2645386272498,9674.603991612828,100.86853024007905,1651,81,200
2026-02-07T23:03:44.672318,4734,10095.789358237707,9250.629928349686,426.2645386272498,9669.524819610457,95.78935823770735,1651,81,200
2026-02-07T23:04:56.974938,4735,10095.553142183713,9250.195878093911,426.2645386272498,9669.288603556462,95.55314218371313,1651,81,200
2026-02-07T23:06:09.722504,4736,10079.922575303517,9239.797656982139,426.2645386272498,9653.658036676266,79.92257530351708,1651,81,200
2026-02-07T23:07:22.617777,4737,10046.20702639107,9215.536135004635,426.2645386272498,9619.94248776382,46.20702639107003,1651,81,200
2026-02-07T23:08:35.582490,4738,10045.364632485498,9216.182317733688,426.2645386272498,9619.100093858247,45.36463248549808,1651,81,200
2026-02-07T23:09:48.518713,4739,10044.884286019786,9215.155138328468,426.2645386272498,9618.619747392535,44.88428601978558,1651,81,200
2026-02-07T23:11:01.546659,4740,10044.768307306782,9216.693016680614,426.2645386272498,9618.503768679531,44.768307306781935,1651,81,200
2026-02-07T23:12:20.297223,4741,10048.74260485527,9222.14756848858,414.32913154568683,9634.413473309583,48.74260485526975,1652,81,200
2026-02-07T23:13:32.824976,4742,10047.763590964556,9222.282635108912,402.7279158624076,9645.035675102148,47.76359096455599,1653,81,200
2026-02-07T23:14:45.755750,4743,10050.742416556102,9226.360793889819,402.7279158624076,9648.014500693695,50.7424165561024,1653,81,200
2026-02-07T23:15:58.650020,4744,10051.283320846014,9226.648295958132,402.7279158624076,9648.555404983606,51.28332084601425,1653,81,200
2026-02-07T23:17:10.887061,4745,10059.009968692802,9228.253188498611,391.4515342182602,9667.558434474542,59.00996869280243,1654,81,200
2026-02-07T23:18:23.318186,4746,10054.46902206534,9226.062259407681,391.4515342182602,9663.017487847079,54.46902206533923,1654,81,200
2026-02-07T23:19:36.043905,4747,10056.302878413995,9221.906594724429,391.4515342182602,9664.851344195735,56.30287841399513,1654,81,200
2026-02-07T23:20:48.223706,4748,10047.673377797826,9214.703230742212,391.4515342182602,9656.221843579566,47.673377797826106,1654,81,200
2026-02-07T23:22:01.806635,4749,10024.055748720279,9193.063186124447,391.4515342182602,9632.604214502018,24.055748720278643,1654,81,200
2026-02-07T23:23:14.649021,4750,10031.308887661258,9198.60270759383,391.4515342182602,9639.857353442998,31.308887661258268,1654,81,200
2026-02-07T23:24:34.046723,4751,10037.656496542642,9208.016345463278,391.4515342182602,9646.204962324382,37.656496542642344,1654,81,200
2026-02-07T23:25:46.970511,4752,10037.524416049693,9208.998937155206,391.4515342182602,9646.072881831433,37.52441604969317,1654,81,200
2026-02-07T23:26:59.694050,4753,10043.25237614321,9215.23377698648,391.4515342182602,9651.800841924949,43.2523761432094,1654,81,200
2026-02-07T23:28:11.873757,4754,10039.550411836015,9213.805303461013,385.97121273920453,9653.57919909681,39.55041183601497,1655,81,200
2026-02-07T23:29:39.597157,4755,10043.011593913447,9220.594869071656,385.97121273920453,9657.040381174242,43.01159391344663,1655,81,200
2026-02-07T23:30:52.322746,4756,10047.241202188292,9220.939083720694,385.97121273920453,9661.269989449087,47.241202188291936,1655,81,200
2026-02-07T23:32:06.584810,4757,10047.661488172855,9220.588225452984,385.97121273920453,9661.69027543365,47.66148817285466,1655,81,200
2026-02-07T23:33:18.599674,4758,10046.744042301712,9221.524703564613,385.97121273920453,9660.772829562507,46.7440423017124,1655,81,200
2026-02-07T23:34:31.649612,4759,10049.263363226988,9227.323390449448,385.97121273920453,9663.292150487783,49.263363226988076,1655,81,200
2026-02-07T23:35:44.324271,4760,10053.111404232668,9233.949931346282,385.97121273920453,9667.140191493463,53.111404232668065,1655,81,200
2026-02-07T23:37:02.529696,4761,10052.989506521488,9232.133005693971,385.97121273920453,9667.018293782283,52.98950652148778,1655,81,200
2026-02-07T23:38:15.085474,4762,10053.754608476702,9232.877743740684,385.97121273920453,9667.783395737497,53.75460847670183,1655,81,200
2026-02-07T23:39:27.809352,4763,10052.618755941367,9231.626456077254,385.97121273920453,9666.647543202162,52.618755941366544,1655,81,200
2026-02-07T23:40:40.379868,4764,10052.304895067658,9232.630029233811,385.97121273920453,9666.333682328454,52.304895067658435,1655,81,200
2026-02-07T23:41:53.715780,4765,10052.105893168246,9233.368998316493,385.97121273920453,9666.13468042904,52.10589316824553,1655,81,200
2026-02-07T23:43:07.078527,4766,10054.314784866287,9232.19461238264,385.97121273920453,9668.343572127082,54.31478486628657,1655,81,200
2026-02-07T23:44:19.517908,4767,10056.46075508428,9235.749271096884,385.97121273920453,9670.489542345074,56.4607550842793,1655,81,200
2026-02-07T23:45:32.532026,4768,10057.654397980552,9237.410096829404,385.97121273920453,9671.683185241347,57.65439798055195,1655,81,200
2026-02-07T23:46:44.933279,4769,10056.86072220691,9237.66396883793,385.97121273920453,9670.889509467705,56.860722206909486,1655,81,200
2026-02-07T23:47:57.815467,4770,10059.490120988437,9245.16163124596,385.97121273920453,9673.518908249232,59.49012098843741,1655,81,200
2026-02-07T23:49:30.658775,4771,10062.816745616085,9252.16768901485,385.97121273920453,9676.84553287688,62.81674561608452,1655,81,200
2026-02-07T23:50:43.615500,4772,10060.097233155486,9249.43692501216,385.97121273920453,9674.12602041628,60.09723315548581,1655,81,200
2026-02-07T23:51:57.934649,4773,10064.396237009987,9253.746527421888,385.97121273920453,9678.425024270782,64.39623700998709,1655,81,200
2026-02-07T23:53:10.204202,4774,10069.012616410932,9256.148555268046,385.97121273920453,9683.041403671727,69.01261641093151,1655,81,200
2026-02-07T23:54:23.214209,4775,10066.915570798496,9250.027499883392,385.97121273920453,9680.94435805929,66.91557079849554,1655,81,200
2026-02-07T23:55:35.630512,4776,10067.386140133825,9249.78987372851,385.97121273920453,9681.41492739462,67.38614013382539,1655,81,200
2026-02-07T23:56:47.992971,4777,10065.152374785133,9246.571564833901,385.97121273920453,9679.181162045928,65.15237478513336,1655,81,200
2026-02-07T23:58:02.203769,4778,10065.158517864671,9247.099691252475,385.97121273920453,9679.187305125466,65.15851786467101,1655,81,200
2026-02-07T23:59:15.273718,4779,10065.345965675795,9247.850904514054,385.97121273920453,9679.37475293659,65.34596567579501,1655,81,200
2026-02-08T00:00:28.215214,4780,10063.227802828718,9242.41143699036,385.97121273920453,9677.256590089513,63.22780282871827,1655,81,200
2026-02-08T00:01:46.869861,4781,10061.313774479906,9239.241462544003,385.97121273920453,9675.342561740701,61.31377447990599,1655,81,200
2026-02-08T00:03:00.154065,4782,10066.20631151629,9243.530723888927,385.97121273920453,9680.235098777084,66.20631151628913,1655,81,200
2026-02-08T00:04:12.793633,4783,10068.03238653812,9247.24854832141,385.97121273920453,9682.061173798915,68.03238653811968,1655,81,200
2026-02-08T00:05:25.957525,4784,10069.181635399542,9249.154059306858,385.97121273920453,9683.210422660337,69.18163539954185,1655,81,200
2026-02-08T00:06:38.461018,4785,10064.52209465936,9251.882522200849,385.97121273920453,9678.550881920155,64.52209465935994,1655,81,200
2026-02-08T00:07:51.945369,4786,10062.854884207833,9249.740630394766,385.97121273920453,9676.883671468628,62.85488420783258,1655,81,200
2026-02-08T00:09:04.253204,4787,10061.20024229173,9248.42432489994,385.97121273920453,9675.229029552525,61.20024229173032,1655,81,200
2026-02-08T00:10:16.647403,4788,10058.847837379042,9244.70094045935,385.97121273920453,9672.876624639837,58.847837379042176,1655,81,200
2026-02-08T00:11:28.963541,4789,10058.29060814851,9242.727527628267,385.97121273920453,9672.319395409306,58.29060814851073,1655,81,200
2026-02-08T00:12:44.822748,4790,10056.997042987296,9242.976602377401,385.97121273920453,9671.02583024809,56.99704298729557,1655,81,200
2026-02-08T00:14:03.259097,4791,10057.97690869342,9245.969877037976,387.6381889466444,9670.338719746775,57.97690869341932,1656,81,201
2026-02-08T00:15:16.055922,4792,10056.52129324651,9242.742373550887,387.6381889466444,9668.883104299864,56.52129324650923,1656,81,201
2026-02-08T00:16:29.561950,4793,10051.033764780006,9235.898304841076,387.6381889466444,9663.395575833361,51.033764780006095,1656,81,201
2026-02-08T00:17:41.983782,4794,10047.304599306326,9231.311822954656,387.6381889466444,9659.666410359681,47.304599306326054,1656,81,201
2026-02-08T00:18:54.500940,4795,10047.352147040361,9231.537569641321,387.6381889466444,9659.713958093716,47.35214704036116,1656,81,201
2026-02-08T00:20:09.120816,4796,10024.194076564465,9209.806915321751,387.6381889466444,9636.55588761782,24.194076564464922,1656,81,201
2026-02-08T00:21:21.997572,4797,10028.166254110245,9215.285761919735,387.6381889466444,9640.5280651636,28.166254110245063,1656,81,201
2026-02-08T00:22:34.655885,4798,10026.835461010718,9212.43203080392,387.6381889466444,9639.197272064073,26.835461010718063,1656,81,201
2026-02-08T00:23:47.611776,4799,10025.192618504014,9210.224077423603,387.6381889466444,9637.554429557369,25.192618504013808,1656,81,201
2026-02-08T00:25:00.625324,4800,10025.403171350476,9209.785615949302,387.6381889466444,9637.76498240383,25.40317135047553,1656,81,201
2026-02-08T00:26:19.514869,4801,10032.188449270458,9217.788878348692,387.6381889466444,9644.550260323813,32.18844927045757,1656,81,201
2026-02-08T00:27:32.247496,4802,10032.156678246034,9218.457544465837,387.6381889466444,9644.51848929939,32.15667824603406,1656,81,201
2026-02-08T00:28:45.881277,4803,10030.382037387535,9216.421329399744,387.6381889466444,9642.74384844089,30.382037387535092,1656,81,201
2026-02-08T00:29:59.477422,4804,10027.841329959183,9211.566560221252,387.6381889466444,9640.203141012538,27.841329959182985,1656,81,201
2026-02-08T00:31:11.475206,4805,10023.725984410481,9209.583761550122,387.6381889466444,9636.087795463836,23.725984410481033,1656,81,201
