timestamp,step,symbol,action,side,quantity,price,value_usd,fee,portfolio_value,buyhold_value,pnl_pct
2026-02-03T17:50:05.617193,2,ETH/FDUSD,PAPER,BUY,0.01984446232233843,2212.01,43.896149101635835,0.043896149101635834,0,0,0.0
2026-02-03T17:50:05.648439,2,XRP/FDUSD,PAPER,BUY,184.79829017469953,1.5641,289.04300566224754,0.28904300566224755,0,0,0.0
2026-02-03T17:53:45.858030,5,BNB/FDUSD,PAPER,BUY,0.6084329149167834,753.97,458.74016485980724,0.45874016485980723,0,0,0.0
2026-02-03T17:53:45.873649,5,DOGE/FDUSD,PAPER,BUY,8138.710599158913,0.10486,853.4251934278036,0.8534251934278037,0,0,0.0
2026-02-03T17:53:45.889274,5,LTC/FDUSD,PAPER,BUY,3.882830144819032,58.43,226.87376536177604,0.22687376536177603,0,0,0.0
2026-02-03T17:53:45.920519,5,LINK/FDUSD,PAPER,BUY,20.329238545722905,9.35,190.07838040250917,0.19007838040250918,0,0,0.0
2026-02-03T17:54:59.648014,6,ETH/FDUSD,PAPER,BUY,0.01567771831839779,2209.48,34.63960507013355,0.03463960507013355,0,0,0.0
2026-02-03T17:54:59.676300,6,DOGE/FDUSD,PAPER,BUY,1019.79609436384,0.10483,106.90522457216136,0.10690522457216137,0,0,0.0
2026-02-03T17:54:59.694808,6,LTC/FDUSD,PAPER,BUY,3.612544356517423,58.48,211.2615939691389,0.21126159396913888,0,0,0.0
2026-02-03T17:56:12.568791,7,LTC/FDUSD,PAPER,BUY,3.5113931145349344,58.27,204.60887678395065,0.20460887678395065,0,0,0.0
2026-02-03T17:59:51.221153,10,LINK/FDUSD,PAPER,SELL,18.296314691150616,9.32,170.52165292152375,0.17052165292152377,0,0,0.0
2026-02-03T18:01:08.753880,11,BNB/FDUSD,PAPER,BUY,0.01937079442200229,753.3,14.592019438094326,0.014592019438094326,0,0,0.0
2026-02-03T18:13:21.463146,21,LINK/FDUSD,PAPER,SELL,0.7589582390403211,9.3,7.058311623074987,0.007058311623074987,0,0,0.0
2026-02-03T18:14:34.124425,22,LINK/FDUSD,PAPER,SELL,0.47561382979860123,9.28,4.413696340531019,0.004413696340531019,0,0,0.0
2026-02-03T18:18:12.163880,25,LTC/FDUSD,PAPER,BUY,3.4957047526830447,57.93,202.50617632292878,0.20250617632292878,0,0,0.0
2026-02-03T18:18:12.183774,25,LINK/FDUSD,PAPER,BUY,18.283699732575343,9.29,169.85557051562492,0.16985557051562492,0,0,0.0
2026-02-03T18:19:24.872282,26,ADA/FDUSD,PAPER,BUY,758.5021592204228,0.2861,217.00746775296295,0.21700746775296295,0,0,0.0
2026-02-03T18:19:24.887889,26,LTC/FDUSD,PAPER,BUY,3.2079636183789457,57.79,185.38821750611928,0.18538821750611928,0,0,0.0
2026-02-03T18:19:24.903512,26,LINK/FDUSD,PAPER,BUY,16.795856427313673,9.23,155.0257548241052,0.15502575482410522,0,0,0.0
2026-02-03T18:20:38.495105,27,ETH/FDUSD,PAPER,BUY,0.012950374563809083,2161.06,27.986536454865256,0.027986536454865256,0,0,0.0
2026-02-03T18:20:38.510723,27,DOT/FDUSD,PAPER,BUY,174.36971870732137,1.453,253.35920128173797,0.25335920128173794,0,0,0.0
2026-02-03T18:20:38.532354,27,LTC/FDUSD,PAPER,BUY,2.901916701088684,57.77,167.6437278218933,0.1676437278218933,0,0,0.0
2026-02-03T18:21:51.428522,28,ETH/FDUSD,PAPER,BUY,0.012040345054060743,2143.12,25.803904292258657,0.025803904292258657,0,0,0.0
2026-02-03T18:21:51.440530,28,BNB/FDUSD,PAPER,BUY,0.015569478077322674,744.68,11.594278934620649,0.01159427893462065,0,0,0.0
2026-02-03T18:21:51.471778,28,DOGE/FDUSD,PAPER,BUY,780.1694691314933,0.10332,80.60710955066588,0.08060710955066588,0,0,0.0
2026-02-03T18:21:51.487403,28,LTC/FDUSD,PAPER,BUY,2.7626585502715315,57.5,158.85286664061306,0.15885286664061307,0,0,0.0
2026-02-03T18:21:51.503027,28,LINK/FDUSD,PAPER,BUY,20.761666218366905,9.19,190.79971254679185,0.19079971254679184,0,0,0.0
2026-02-03T18:23:04.287278,29,ETH/FDUSD,PAPER,BUY,0.011069521495138387,2145.52,23.749879758249314,0.023749879758249316,0,0,0.0
2026-02-03T18:23:04.318503,29,BNB/FDUSD,PAPER,BUY,0.014307510005597157,745.09,10.660382630070385,0.010660382630070386,0,0,0.0
2026-02-03T18:23:04.334127,29,DOGE/FDUSD,PAPER,BUY,717.8229019485152,0.10329,74.14392754226215,0.07414392754226215,0,0,0.0
2026-02-03T18:23:04.349751,29,LTC/FDUSD,PAPER,BUY,2.552504406116146,57.56,146.92215361604536,0.14692215361604535,0,0,0.0
2026-02-03T18:24:16.962642,30,DOT/FDUSD,PAPER,BUY,230.17672345919684,1.451,333.98642573929465,0.33398642573929466,0,0,0.0
2026-02-03T18:24:16.986544,30,LTC/FDUSD,PAPER,BUY,2.315631997228568,57.56,133.2877777604764,0.1332877777604764,0,0,0.0
2026-02-03T18:25:34.255539,31,LTC/FDUSD,PAPER,BUY,2.2507943013061684,57.42,129.2406087810002,0.1292406087810002,0,0,0.0
2026-02-03T18:31:39.547915,36,ADA/FDUSD,PAPER,BUY,500.5669587453988,0.2855,142.91186672181135,0.14291186672181136,0,0,0.0
2026-02-03T18:32:52.054621,37,ADA/FDUSD,PAPER,BUY,484.5488160655459,0.2848,137.99950281546748,0.1379995028154675,0,0,0.0
2026-02-03T18:32:52.070243,37,DOT/FDUSD,PAPER,BUY,232.180508943223,1.447,335.9651964408437,0.3359651964408437,0,0,0.0
2026-02-03T18:34:05.073411,38,DOT/FDUSD,PAPER,BUY,213.71664489387604,1.448,309.4617018063325,0.3094617018063325,0,0,0.0
2026-02-03T18:35:17.582132,39,DOT/FDUSD,PAPER,BUY,196.33435777584089,1.448,284.29215005941757,0.28429215005941755,0,0,0.0
2026-02-03T18:42:37.368085,45,ETH/FDUSD,PAPER,BUY,0.006817972863476032,2137.77,14.575257848353157,0.014575257848353158,0,0,0.0
2026-02-03T18:43:50.827068,46,ETH/FDUSD,PAPER,BUY,0.0067956801270300515,2128.41,14.463993539172032,0.014463993539172031,0,0,0.0
2026-02-03T18:43:50.842695,46,BNB/FDUSD,PAPER,BUY,0.008725405868274638,742.57,6.479224635604699,0.0064792246356046995,0,0,0.0
2026-02-03T18:43:50.858318,46,DOGE/FDUSD,PAPER,BUY,439.461956329038,0.103,45.26458150189091,0.04526458150189091,0,0,0.0
2026-02-03T18:43:50.873943,46,DOT/FDUSD,PAPER,BUY,176.41152327263148,1.444,254.73823960567987,0.2547382396056799,0,0,0.0
2026-02-03T18:43:50.889566,46,LTC/FDUSD,PAPER,BUY,1.429171979105405,57.37,81.99159644127708,0.08199159644127708,0,0,0.0
2026-02-03T18:45:04.074073,47,BNB/FDUSD,PAPER,BUY,0.007666056552108835,743.63,5.700709633844693,0.005700709633844693,0,0,0.0
2026-02-03T18:45:04.105312,47,DOT/FDUSD,PAPER,BUY,157.2105600146822,1.446,227.32646978123043,0.22732646978123044,0,0,0.0
2026-02-03T18:45:04.120938,47,LTC/FDUSD,PAPER,BUY,1.2738331592815477,57.42,73.14350000594648,0.07314350000594648,0,0,0.0
2026-02-03T18:46:17.156692,48,LTC/FDUSD,PAPER,BUY,1.2381658308216643,57.3,70.94690210608137,0.07094690210608137,0,0,0.0
2026-02-03T18:47:30.292346,49,LTC/FDUSD,PAPER,BUY,1.2034971875586606,57.2,68.84003912835539,0.06884003912835539,0,0,0.0
2026-02-03T18:48:43.235822,50,ETH/FDUSD,PAPER,BUY,0.005020172248033208,2121.43,10.649944012145088,0.010649944012145088,0,0,0.0
2026-02-03T18:48:43.244837,50,BNB/FDUSD,PAPER,BUY,0.006442556904116659,740.69,4.771937473310168,0.004771937473310168,0,0,0.0
2026-02-03T18:48:43.260462,50,DOT/FDUSD,PAPER,BUY,132.0069195589224,1.442,190.3539780039661,0.19035397800396608,0,0,0.0
2026-02-03T18:48:43.276085,50,LTC/FDUSD,PAPER,BUY,1.0693059879933102,57.2,61.16430251321735,0.061164302513217354,0,0,0.0
2026-02-03T18:49:59.901007,51,DOT/FDUSD,PAPER,BUY,117.87478677862237,1.442,169.97544253477344,0.16997544253477345,0,0,0.0
2026-02-03T18:49:59.920635,51,LTC/FDUSD,PAPER,BUY,0.9548303661426942,57.2,54.616296943362116,0.05461629694336212,0,0,0.0
2026-02-03T18:51:15.098979,52,ETH/FDUSD,PAPER,BUY,0.00399529751075918,2121.9,8.477621788079905,0.008477621788079905,0,0,0.0
2026-02-03T18:51:15.114605,52,BNB/FDUSD,PAPER,BUY,0.0051091135377246966,739.32,3.777269820710623,0.003777269820710623,0,0,0.0
2026-02-03T18:51:15.130226,52,DOT/FDUSD,PAPER,BUY,104.8316453219677,1.442,151.1672325542774,0.15116723255427741,0,0,0.0
2026-02-03T18:51:15.145850,52,LTC/FDUSD,PAPER,BUY,0.8487994304359603,57.18,48.53435143232821,0.04853435143232821,0,0,0.0
2026-02-03T18:52:28.526229,53,LTC/FDUSD,PAPER,BUY,0.8246138932695928,57.18,47.15142241715532,0.047151422417155316,0,0,0.0
2026-02-03T19:01:00.499301,60,ADA/FDUSD,PAPER,BUY,183.79703426605465,0.2836,52.124838917853104,0.052124838917853106,0,0,0.0
2026-02-03T19:08:22.530426,66,LINK/FDUSD,PAPER,SELL,24.166218309968762,9.22,222.812532817912,0.222812532817912,0,0,0.0
2026-02-03T19:09:36.022491,67,LINK/FDUSD,PAPER,SELL,13.855298497715424,9.23,127.88440513391336,0.12788440513391336,0,0,0.0
2026-02-03T19:10:49.127840,68,LINK/FDUSD,PAPER,SELL,7.94370447202351,9.3,73.87645158981866,0.07387645158981866,0,0,0.0
2026-02-03T19:12:02.266549,69,ADA/FDUSD,PAPER,SELL,1516.233108393972,0.2894,438.7978615692155,0.4387978615692155,0,0,0.0
2026-02-03T19:12:02.297797,69,LINK/FDUSD,PAPER,SELL,4.554390563960146,9.33,42.492463961748165,0.04249246396174817,0,0,0.0
2026-02-03T19:13:15.145378,70,ADA/FDUSD,PAPER,SELL,323.4630631240474,0.2901,93.83663461228615,0.09383663461228615,0,0,0.0
2026-02-03T19:14:33.403574,71,ADA/FDUSD,PAPER,SELL,69.00545346646341,0.2908,20.06678586804756,0.02006678586804756,0,0,0.0
2026-02-03T19:15:45.937610,72,ADA/FDUSD,PAPER,SELL,14.721163406178851,0.291,4.283858551198046,0.004283858551198046,0,0,0.0
2026-02-03T19:16:58.661332,73,ADA/FDUSD,PAPER,SELL,3.1405148599848207,0.2908,0.9132617212835858,0.0009132617212835859,0,0,0.0
2026-02-03T19:20:39.718947,76,ADA/FDUSD,PAPER,SELL,0.669976503463428,0.294,0.1969730920182478,0.0001969730920182478,0,0,0.0
2026-02-03T19:21:55.749754,77,ADA/FDUSD,PAPER,SELL,0.14292832073886463,0.294,0.0420209262972262,4.20209262972262e-05,0,0,0.0
2026-02-03T19:41:32.814647,93,DOT/FDUSD,PAPER,BUY,72.71357970352301,1.506,109.50665103350565,0.10950665103350565,0,0,0.0
2026-02-03T19:45:12.573506,96,BNB/FDUSD,PAPER,SELL,0.6399155749316684,757.97,485.0368083309567,0.48503680833095675,0,0,0.0
2026-02-03T19:45:12.589106,96,ADA/FDUSD,PAPER,SELL,0.030491375090957774,0.2944,0.008976660826777968,8.976660826777968e-06,0,0,0.0
2026-02-03T19:45:12.604731,96,DOGE/FDUSD,PAPER,SELL,5104.142069628628,0.10644,543.2848818912712,0.5432848818912712,0,0,0.0
2026-02-03T19:45:12.635447,96,LINK/FDUSD,PAPER,SELL,3.7535768897971535,9.46,35.50883737748108,0.03550883737748108,0,0,0.0
2026-02-03T19:46:26.459869,97,BNB/FDUSD,PAPER,SELL,0.042661038328777844,756.75,32.28374075530263,0.03228374075530263,0,0,0.0
2026-02-03T19:46:26.479529,97,ADA/FDUSD,PAPER,SELL,0.006504826686070988,0.2942,0.0019137200110420848,1.9137200110420847e-06,0,0,0.0
2026-02-03T19:46:26.495153,97,DOGE/FDUSD,PAPER,SELL,2756.236717599459,0.10646,293.4289609556384,0.2934289609556384,0,0,0.0
2026-02-03T19:46:26.510777,97,LINK/FDUSD,PAPER,SELL,1.451383064054899,9.45,13.715569955318795,0.013715569955318795,0,0,0.0
2026-02-03T19:47:39.675358,98,BNB/FDUSD,PAPER,SELL,0.0028440692219185207,755.8,2.1495475179260177,0.002149547517926018,0,0,0.0
2026-02-03T19:47:39.695191,98,LINK/FDUSD,PAPER,SELL,0.5612014514345608,9.44,5.297741701542254,0.005297741701542254,0,0,0.0
2026-02-03T19:57:31.165548,106,ETH/FDUSD,PAPER,BUY,0.008032328250462115,2213.51,17.779638905680397,0.017779638905680396,0,0,0.0
2026-02-03T19:57:31.181151,106,LTC/FDUSD,PAPER,BUY,3.4244910152600596,59.4,203.41476630644755,0.20341476630644756,0,0,0.0
2026-02-03T19:57:31.196773,106,LINK/FDUSD,PAPER,BUY,9.573463092421488,9.49,90.85216474707993,0.09085216474707992,0,0,0.0
2026-02-03T19:58:44.262156,107,DOT/FDUSD,PAPER,BUY,99.50285381505637,1.506,149.8512978454749,0.1498512978454749,0,0,0.0
2026-02-03T19:58:44.271192,107,LTC/FDUSD,PAPER,BUY,3.038103983798756,59.4,180.4633766376461,0.18046337663764608,0,0,0.0
2026-02-03T19:59:56.837638,108,DOT/FDUSD,PAPER,BUY,90.49337897224473,1.506,136.28302873220056,0.13628302873220058,0,0,0.0
2026-02-03T20:01:09.207292,109,DOT/FDUSD,PAPER,BUY,86.7529859747251,1.506,130.64999687793602,0.13064999687793602,0,0,0.0
2026-02-03T20:02:21.707533,110,ETH/FDUSD,PAPER,BUY,0.006212219727501966,2205.16,13.698938454298235,0.013698938454298235,0,0,0.0
2026-02-03T20:02:21.723160,110,XRP/FDUSD,PAPER,BUY,57.421069999601514,1.5837,90.93774855836892,0.09093774855836892,0,0,0.0
2026-02-03T20:02:21.738783,110,DOGE/FDUSD,PAPER,BUY,390.95592592372986,0.10645,41.61725831458104,0.041617258314581046,0,0,0.0
2026-02-03T20:02:21.754407,110,DOT/FDUSD,PAPER,BUY,71.43476027495444,1.506,107.58074897408139,0.10758074897408139,0,0,0.0
2026-02-03T20:03:40.031775,111,ETH/FDUSD,PAPER,BUY,0.00569929328356962,2199.37,12.534854669084515,0.012534854669084515,0,0,0.0
2026-02-03T20:03:40.061155,111,XRP/FDUSD,PAPER,BUY,52.64866873120107,1.5782,83.09012899158154,0.08309012899158154,0,0,0.0
2026-02-03T20:03:40.078015,111,DOGE/FDUSD,PAPER,BUY,358.16220900192684,0.1061,38.001010375104435,0.038001010375104435,0,0,0.0
2026-02-03T20:04:53.081405,112,ETH/FDUSD,PAPER,BUY,0.005427089707352201,2198.96,11.933953182879195,0.011933953182879195,0,0,0.0
2026-02-03T20:06:06.742142,113,ETH/FDUSD,PAPER,BUY,0.005409460195069465,2195.28,11.875279777032096,0.011875279777032097,0,0,0.0
2026-02-03T20:06:06.757786,113,DOT/FDUSD,PAPER,BUY,0.5723923219907192,1.497,0.8568713060201067,0.0008568713060201068,0,0,0.0
2026-02-03T20:07:19.881645,114,DOT/FDUSD,PAPER,BUY,0.47654781901792376,1.497,0.7133920850698319,0.0007133920850698319,0,0,0.0
2026-02-03T20:13:24.276130,119,LTC/FDUSD,PAPER,BUY,1.2489553272173666,59.03,73.72583296564115,0.07372583296564114,0,0,0.0
2026-02-03T20:14:36.692124,120,LTC/FDUSD,PAPER,BUY,1.2139845780552818,59.03,71.66150964260329,0.07166150964260329,0,0,0.0
2026-02-03T20:15:53.957092,121,LTC/FDUSD,PAPER,BUY,1.179993009869733,59.06,69.69038716290643,0.06969038716290643,0,0,0.0
2026-02-03T20:17:06.621702,122,LTC/FDUSD,PAPER,BUY,1.1469532055933769,59.06,67.73905632234484,0.06773905632234484,0,0,0.0
2026-02-03T20:18:20.142808,123,LTC/FDUSD,PAPER,BUY,1.1165118891927577,59.13,66.01934800796776,0.06601934800796777,0,0,0.0
2026-02-03T20:19:33.155617,124,LTC/FDUSD,PAPER,BUY,1.0852495562953592,59.48,64.55064360844797,0.06455064360844798,0,0,0.0
2026-02-03T20:20:45.360483,125,LTC/FDUSD,PAPER,BUY,1.0548625687190878,59.54,62.80651734153449,0.06280651734153449,0,0,0.0
2026-02-03T20:23:12.030472,127,DOT/FDUSD,PAPER,BUY,0.09356639408588308,1.501,0.14044315752291048,0.00014044315752291048,0,0,0.0
2026-02-03T20:25:37.099457,129,DOGE/FDUSD,PAPER,BUY,287.6136917161398,0.1069,30.745903644455343,0.030745903644455345,0,0,0.0
2026-02-03T20:25:37.130701,129,LTC/FDUSD,PAPER,BUY,1.0132715941301242,59.82,60.61390676086403,0.060613906760864034,0,0,0.0
2026-02-03T20:26:49.995774,130,ETH/FDUSD,PAPER,BUY,0.004233946281620535,2238.01,9.475614117729574,0.009475614117729575,0,0,0.0
2026-02-03T20:26:50.027018,130,XRP/FDUSD,PAPER,BUY,39.04696460121397,1.591,62.12372068053143,0.06212372068053143,0,0,0.0
2026-02-03T20:26:50.043050,130,DOGE/FDUSD,PAPER,BUY,266.30393028922117,0.10696,28.483868383735096,0.028483868383735098,0,0,0.0
2026-02-03T20:26:50.061360,130,LTC/FDUSD,PAPER,BUY,0.3863323153757605,59.82,23.110399105777994,0.023110399105777994,0,0,0.0
2026-02-03T20:28:07.569517,131,ETH/FDUSD,PAPER,BUY,0.00398485131484716,2252.61,8.97631592033786,0.00897631592033786,0,0,0.0
2026-02-03T20:28:07.585151,131,LTC/FDUSD,PAPER,BUY,0.001850064040702648,60.14,0.11126285140785726,0.00011126285140785725,0,0,0.0
2026-02-03T20:29:20.124175,132,LTC/FDUSD,PAPER,BUY,0.001580186538610917,60.08,0.0949376072397439,9.49376072397439e-05,0,0,0.0
2026-02-03T20:31:45.975035,134,DOT/FDUSD,PAPER,BUY,0.8464341625672205,1.546,1.3085872153289229,0.0013085872153289228,0,0,0.0
2026-02-03T20:32:59.387237,135,ETH/FDUSD,PAPER,BUY,0.003983009145608396,2295.87,9.144471207127948,0.009144471207127948,0,0,0.0
2026-02-03T20:32:59.418484,135,DOGE/FDUSD,PAPER,BUY,257.68480905579054,0.10928,28.159795933616792,0.028159795933616793,0,0,0.0
2026-02-03T20:32:59.434635,135,DOT/FDUSD,PAPER,BUY,0.7522307528242891,1.548,1.1644532053719996,0.0011644532053719995,0,0,0.0
2026-02-03T20:32:59.457745,135,LTC/FDUSD,PAPER,BUY,0.006781914900159336,60.94,0.4132898940157099,0.00041328989401570994,0,0,0.0
2026-02-03T20:34:12.079580,136,DOGE/FDUSD,PAPER,BUY,254.01640782197592,0.10881,27.6395253351092,0.027639525335109202,0,0,0.0
2026-02-03T20:34:12.095208,136,DOT/FDUSD,PAPER,BUY,0.9108127903300556,1.545,1.4072057610599358,0.001407205761059936,0,0,0.0
2026-02-03T20:35:24.957237,137,DOGE/FDUSD,PAPER,BUY,250.46585477024473,0.10915,27.33834804817221,0.02733834804817221,0,0,0.0
2026-02-03T20:35:24.972855,137,DOT/FDUSD,PAPER,BUY,0.6254133197112424,1.546,0.9668889922735807,0.0009668889922735807,0,0,0.0
2026-02-03T20:36:38.909240,138,DOGE/FDUSD,PAPER,BUY,247.0661762358468,0.10903,26.937625194994375,0.026937625194994375,0,0,0.0
2026-02-03T20:37:51.694269,139,DOT/FDUSD,PAPER,BUY,0.2685583540942389,1.548,0.4157283321378818,0.0004157283321378818,0,0,0.0
2026-02-03T20:48:53.322409,148,ADA/FDUSD,PAPER,SELL,0.0013876963596951434,0.3005,0.00041700275608839055,4.1700275608839057e-07,0,0,0.0
2026-02-03T21:06:04.861231,162,LINK/FDUSD,PAPER,SELL,6.08872192457321,9.85,59.973910957046115,0.059973910957046114,0,0,0.0
2026-02-03T21:07:17.743227,163,LINK/FDUSD,PAPER,SELL,3.3779170329371366,9.85,33.27248277443079,0.03327248277443079,0,0,0.0
2026-02-03T21:08:32.120500,164,LINK/FDUSD,PAPER,SELL,0.4053500439524562,9.85,3.9926979329316934,0.003992697932931694,0,0,0.0
2026-02-03T21:20:06.108709,173,ADA/FDUSD,PAPER,SELL,0.00029604189006829715,0.3004,8.893098377651646e-05,8.893098377651646e-08,0,0,0.0
2026-02-03T21:20:06.120750,173,LINK/FDUSD,PAPER,SELL,0.04864200527429475,9.8,0.4766916516880886,0.0004766916516880886,0,0,0.0
2026-02-03T21:21:35.978342,174,ADA/FDUSD,PAPER,SELL,6.315560321457006e-05,0.3003,1.8965627645335392e-05,1.8965627645335393e-08,0,0,0.0
2026-02-03T21:21:35.993968,174,LINK/FDUSD,PAPER,SELL,0.004068240441122833,9.79,0.03982807391859253,3.9828073918592525e-05,0,0,0.0
2026-02-03T21:22:48.341252,175,ADA/FDUSD,PAPER,SELL,1.3473195352441605e-05,0.3003,4.046000564338214e-06,4.046000564338214e-09,0,0,0.0
2026-02-03T21:40:15.877939,189,DOT/FDUSD,PAPER,BUY,1.302723709733982,1.532,1.9957727233124607,0.0019957727233124605,0,0,0.0
2026-02-03T21:42:45.164577,191,ETH/FDUSD,PAPER,BUY,0.003916967651471703,2298.37,9.002640941113018,0.009002640941113018,0,0,0.0
2026-02-03T21:42:45.184342,191,BNB/FDUSD,PAPER,BUY,0.004962499833890785,767.58,3.809115622497889,0.0038091156224978892,0,0,0.0
2026-02-03T21:44:10.947529,192,BNB/FDUSD,PAPER,BUY,0.00495600851431144,767.68,3.8046286162666063,0.0038046286162666063,0,0,0.0
2026-02-03T21:49:40.440802,196,ADA/FDUSD,PAPER,SELL,2.8742816751875414e-06,0.2972,8.542365138657373e-07,8.542365138657374e-10,0,0,0.0
2026-02-03T21:50:53.738234,197,ADA/FDUSD,PAPER,SELL,6.131800907066755e-07,0.297,1.821144869398826e-07,1.8211448693988262e-10,0,0,0.0
2026-02-03T22:04:17.100347,208,DOT/FDUSD,PAPER,BUY,0.34229752216378984,1.526,0.5223460188219433,0.0005223460188219433,0,0,0.0
2026-02-03T22:05:29.418165,209,XRP/FDUSD,PAPER,BUY,35.6999937666007,1.5994,57.098570030301154,0.05709857003030116,0,0,0.0
2026-02-03T22:05:29.449393,209,DOGE/FDUSD,PAPER,BUY,241.9991770683191,0.10765,26.05121141140455,0.02605121141140455,0,0,0.0
2026-02-03T22:05:29.465415,209,DOT/FDUSD,PAPER,BUY,0.2573132238244398,1.523,0.39188803988462173,0.0003918880398846217,0,0,0.0
2026-02-03T22:06:41.879906,210,DOGE/FDUSD,PAPER,BUY,238.62629806694167,0.10743,25.635623201331544,0.025635623201331545,0,0,0.0
2026-02-03T22:15:15.450761,217,ETH/FDUSD,PAPER,BUY,0.0036941931246928794,2263.93,8.36339464078595,0.00836339464078595,0,0,0.0
2026-02-03T22:15:15.466388,217,BNB/FDUSD,PAPER,BUY,0.004658832781330349,761.39,3.5471886913771145,0.0035471886913771146,0,0,0.0
2026-02-03T22:15:15.482404,217,ADA/FDUSD,PAPER,BUY,194.444977970841,0.2945,57.26404601241267,0.057264046012412674,0,0,0.0
2026-02-03T22:15:15.505557,217,XRP/FDUSD,PAPER,BUY,32.49952034535164,1.5969,51.89848403949203,0.051898484039492036,0,0,0.0
2026-02-03T22:15:15.521472,217,DOGE/FDUSD,PAPER,BUY,220.5759298338089,0.10691,23.58177265853251,0.02358177265853251,0,0,0.0
2026-02-03T22:15:15.524504,217,DOT/FDUSD,PAPER,BUY,3.974494599522586,1.517,6.0293083074757625,0.0060293083074757624,0,0,0.0
2026-02-03T22:16:27.772723,218,ETH/FDUSD,PAPER,BUY,0.0034045726535469334,2262.5,7.7028456286499365,0.007702845628649937,0,0,0.0
2026-02-03T22:16:27.788345,218,BNB/FDUSD,PAPER,BUY,0.004277790797156036,760.22,3.2520621198139614,0.0032520621198139617,0,0,0.0
2026-02-03T22:16:27.803969,218,XRP/FDUSD,PAPER,BUY,30.825534665467444,1.5937,49.126654596355465,0.049126654596355464,0,0,0.0
2026-02-03T22:16:27.821128,218,DOGE/FDUSD,PAPER,BUY,209.1493279048027,0.10669,22.314141794163397,0.022314141794163397,0,0,0.0
2026-02-03T22:17:46.777990,219,DOT/FDUSD,PAPER,BUY,3.963621820582375,1.513,5.996959814541134,0.005996959814541134,0,0,0.0
2026-02-03T22:19:00.056976,220,XRP/FDUSD,PAPER,BUY,29.371825683880672,1.5935,46.804004227263846,0.04680400422726385,0,0,0.0
2026-02-03T22:20:17.885938,221,BNB/FDUSD,PAPER,BUY,0.0039495471910070135,761.13,3.0061188534911683,0.0030061188534911683,0,0,0.0
2026-02-03T22:20:17.908987,221,XRP/FDUSD,PAPER,BUY,28.49570609394067,1.5956,45.46774864349173,0.045467748643491734,0,0,0.0
2026-02-03T22:21:30.667999,222,BNB/FDUSD,PAPER,BUY,0.003834057074608599,763.15,2.925960656487552,0.0029259606564875523,0,0,0.0
2026-02-03T22:21:30.684026,222,DOGE/FDUSD,PAPER,BUY,193.1530378707812,0.10726,20.717594842019988,0.020717594842019987,0,0,0.0
2026-02-03T22:22:44.133899,223,BNB/FDUSD,PAPER,BUY,0.003774189723275534,761.68,2.8747248284245086,0.0028747248284245086,0,0,0.0
2026-02-03T22:22:44.149529,223,DOGE/FDUSD,PAPER,BUY,190.24588056118682,0.10707,20.369626431686275,0.020369626431686275,0,0,0.0
2026-02-03T22:23:56.900702,224,ETH/FDUSD,PAPER,BUY,0.0029339316674104887,2265.9,6.647995765185427,0.0066479957651854275,0,0,0.0
2026-02-03T22:23:56.909035,224,BNB/FDUSD,PAPER,BUY,0.003698687669300031,760.91,2.8143684344470867,0.0028143684344470866,0,0,0.0
2026-02-03T22:23:56.936897,224,DOGE/FDUSD,PAPER,BUY,186.59558923563873,0.10699,19.963862092320987,0.019963862092320987,0,0,0.0
2026-02-03T22:44:42.200240,241,ADA/FDUSD,PAPER,SELL,152.96338280120668,0.2949,45.108901588075845,0.045108901588075845,0,0,0.0
2026-02-03T22:45:54.331166,242,ADA/FDUSD,PAPER,SELL,32.63218833092409,0.2949,9.623232338789514,0.009623232338789514,0,0,0.0
2026-02-03T22:51:58.670876,247,BNB/FDUSD,PAPER,BUY,0.0037778379560251887,756.85,2.859256657017664,0.002859256657017664,0,0,0.0
2026-02-03T22:53:11.469417,248,BNB/FDUSD,PAPER,BUY,0.0037714555131956595,756.66,2.8537095286146275,0.0028537095286146276,0,0,0.0
2026-02-03T22:58:07.999665,252,BNB/FDUSD,PAPER,BUY,0.0037689948762029968,757.12,2.853581400670813,0.0028535814006708134,0,0,0.0
2026-02-03T23:00:33.093810,254,ETH/FDUSD,PAPER,BUY,0.002962943602156126,2238.49,6.632519623990466,0.006632519623990466,0,0,0.0
2026-02-03T23:00:33.112987,254,BNB/FDUSD,PAPER,BUY,0.0037500868624846737,757.97,2.842453339157508,0.002842453339157508,0,0,0.0
2026-02-03T23:00:33.128257,254,XRP/FDUSD,PAPER,BUY,26.97152796927628,1.5905,42.898215235133925,0.04289821523513392,0,0,0.0
2026-02-03T23:00:33.137269,254,DOGE/FDUSD,PAPER,BUY,182.67442472697803,0.1064,19.43655879095046,0.01943655879095046,0,0,0.0
2026-02-03T23:04:11.953455,257,DOGE/FDUSD,PAPER,BUY,180.25178826889533,0.10577,19.06523164520106,0.01906523164520106,0,0,0.0
2026-02-03T23:20:03.131601,270,DOT/FDUSD,PAPER,BUY,0.7200109374325621,1.503,1.0821764389611408,0.0010821764389611409,0,0,0.0
2026-02-03T23:23:47.743318,273,ADA/FDUSD,PAPER,SELL,6.961533510597135,0.2918,2.031375478392244,0.0020313754783922444,0,0,0.0
2026-02-03T23:23:47.761409,273,DOT/FDUSD,PAPER,BUY,0.14638176313064832,1.501,0.21971902645910313,0.00021971902645910314,0,0,0.0
2026-02-03T23:50:40.964819,295,ADA/FDUSD,PAPER,BUY,146.28513683608134,0.2912,42.598231846666884,0.04259823184666688,0,0,0.0
2026-02-03T23:51:53.547323,296,ADA/FDUSD,PAPER,BUY,141.60401245732675,0.2917,41.30589043380221,0.041305890433802214,0,0,0.0
2026-02-03T23:54:17.941294,298,ADA/FDUSD,PAPER,SELL,227.9579245930751,0.2915,66.44973501888138,0.06644973501888138,0,0,0.0
2026-02-03T23:56:43.829903,300,ADA/FDUSD,PAPER,SELL,48.63102391318935,0.2915,14.175943470694696,0.014175943470694697,0,0,0.0
2026-02-04T00:04:03.522158,306,LINK/FDUSD,PAPER,SELL,0.0015730529705674946,9.48,0.014912542160979848,1.4912542160979848e-05,0,0,0.0
2026-02-04T00:12:37.353189,313,LINK/FDUSD,PAPER,SELL,0.0006082471486194312,9.48,0.005766182968912208,5.766182968912208e-06,0,0,0.0
2026-02-04T00:13:50.768435,314,LINK/FDUSD,PAPER,SELL,0.00023518889746618,9.48,0.002229590747979387,2.2295907479793867e-06,0,0,0.0
2026-02-04T00:15:04.275017,315,LINK/FDUSD,PAPER,SELL,9.093970702025626e-05,9.47,0.0008611990254818268,8.611990254818268e-07,0,0,0.0
2026-02-04T00:16:16.666227,316,LINK/FDUSD,PAPER,SELL,3.516335338116574e-05,9.49,0.0003337002235872629,3.337002235872629e-07,0,0,0.0
2026-02-04T00:17:28.754712,317,LINK/FDUSD,PAPER,SELL,1.3596496640717416e-05,9.51,0.00012930268305322263,1.2930268305322262e-07,0,0,0.0
2026-02-04T00:18:42.554988,318,LINK/FDUSD,PAPER,SELL,5.257312034410734e-06,9.51,4.999703744724608e-05,4.999703744724608e-08,0,0,0.0
2026-02-04T00:19:56.861146,319,LINK/FDUSD,PAPER,SELL,2.03282731997215e-06,9.52,1.9352516086134867e-05,1.935251608613487e-08,0,0,0.0
2026-02-04T00:22:28.037541,321,DOT/FDUSD,PAPER,BUY,0.26646163222540054,1.505,0.40102475649922775,0.0004010247564992278,0,0,0.0
2026-02-04T01:04:00.291874,355,ETH/FDUSD,PAPER,BUY,0.0027442749411167033,2268.16,6.224454650443262,0.006224454650443262,0,0,0.0
2026-02-04T01:23:35.420275,371,DOT/FDUSD,PAPER,BUY,4.149590998481017,1.526,6.332275863682032,0.006332275863682032,0,0,0.0
2026-02-04T01:27:14.088335,374,DOGE/FDUSD,PAPER,BUY,177.6034366394806,0.10786,19.156306675934378,0.01915630667593438,0,0,0.0
2026-02-04T02:08:47.239411,408,ETH/FDUSD,PAPER,BUY,0.002724876662803216,2277.17,6.2050073902355996,0.006205007390235599,0,0,0.0
2026-02-04T02:08:47.255028,408,BNB/FDUSD,PAPER,BUY,0.003421917858093086,761.22,2.6048323119376193,0.0026048323119376195,0,0,0.0
2026-02-04T02:11:11.979222,410,ETH/FDUSD,PAPER,BUY,0.0027094624287724023,2275.45,6.165246283550163,0.006165246283550163,0,0,0.0
2026-02-04T02:11:11.994848,410,DOGE/FDUSD,PAPER,BUY,170.28996910114802,0.10788,18.370881866631848,0.018370881866631848,0,0,0.0
2026-02-04T02:12:29.441828,411,ETH/FDUSD,PAPER,BUY,0.002663663575040748,2270.29,6.04728877777926,0.00604728877777926,0,0,0.0
2026-02-04T02:12:29.462921,411,BNB/FDUSD,PAPER,BUY,0.003343379574843368,760.07,2.5412025134511986,0.002541202513451199,0,0,0.0
2026-02-04T02:12:29.481688,411,DOGE/FDUSD,PAPER,BUY,167.30144168223524,0.10772,18.02171129801038,0.01802171129801038,0,0,0.0
2026-02-04T02:12:29.488229,411,DOT/FDUSD,PAPER,BUY,8.434062838698082,1.518,12.802907389143689,0.01280290738914369,0,0,0.0
2026-02-04T02:14:54.422969,413,DOGE/FDUSD,PAPER,BUY,163.4619918151202,0.10761,17.590144939225084,0.017590144939225085,0,0,0.0
2026-02-04T02:16:08.268731,414,BNB/FDUSD,PAPER,BUY,0.003218434913885737,760.54,2.4477484894066586,0.0024477484894066585,0,0,0.0
2026-02-04T02:16:08.299954,414,DOGE/FDUSD,PAPER,BUY,161.39357500546794,0.10773,17.38692983533906,0.01738692983533906,0,0,0.0
2026-02-04T02:17:22.420215,415,DOGE/FDUSD,PAPER,BUY,159.37291533431016,0.10782,17.183587731345323,0.017183587731345325,0,0,0.0
2026-02-04T02:17:22.455626,415,DOT/FDUSD,PAPER,BUY,4.380366987600155,1.519,6.653777454164635,0.006653777454164634,0,0,0.0
2026-02-04T02:40:37.105364,434,DOGE/FDUSD,PAPER,BUY,157.7501326159363,0.10738,16.939209240299242,0.016939209240299243,0,0,0.0
2026-02-04T02:41:50.147418,435,BNB/FDUSD,PAPER,BUY,0.0030933521440230025,753.52,2.3309027075642126,0.0023309027075642127,0,0,0.0
2026-02-04T02:41:50.182834,435,DOGE/FDUSD,PAPER,BUY,156.22163256377098,0.10686,16.693843655764567,0.016693843655764568,0,0,0.0
2026-02-04T02:55:15.777780,446,ETH/FDUSD,PAPER,BUY,0.0024372838812786735,2252.14,5.489104520382951,0.005489104520382951,0,0,0.0
2026-02-04T02:55:15.794787,446,BNB/FDUSD,PAPER,BUY,0.0030404410264579518,754.46,2.2938911368214665,0.0022938911368214666,0,0,0.0
2026-02-04T02:55:15.810414,446,ADA/FDUSD,PAPER,BUY,126.99374677718933,0.2953,37.50125342330401,0.03750125342330401,0,0,0.0
2026-02-04T02:56:28.195232,447,ETH/FDUSD,PAPER,BUY,0.0023454196293734852,2252.75,5.2836440700711185,0.005283644070071119,0,0,0.0
2026-02-04T02:56:28.210856,447,BNB/FDUSD,PAPER,BUY,0.0029268831469360934,754.67,2.2088309044982615,0.0022088309044982616,0,0,0.0
2026-02-04T02:57:40.392572,448,BNB/FDUSD,PAPER,BUY,0.0029224226876222448,754.83,2.2059323172978993,0.002205932317297899,0,0,0.0
2026-02-04T02:58:53.660247,449,BNB/FDUSD,PAPER,BUY,0.002917080300661387,756.1,2.205604415330075,0.002205604415330075,0,0,0.0
2026-02-04T03:14:51.287140,462,BNB/FDUSD,PAPER,BUY,0.0029390553839527545,761.72,2.2387372670644923,0.0022387372670644922,0,0,0.0
2026-02-04T03:16:04.262800,463,DOT/FDUSD,PAPER,BUY,2.0959242625103798,1.529,3.2046681973783704,0.0032046681973783705,0,0,0.0
2026-02-04T03:17:16.519811,464,ETH/FDUSD,PAPER,BUY,0.0023799139279785386,2273.86,5.41159108427328,0.0054115910842732805,0,0,0.0
2026-02-04T03:17:16.535429,464,BNB/FDUSD,PAPER,BUY,0.0029226788612316534,760.76,2.2234571704705925,0.002223457170470593,0,0,0.0
2026-02-04T03:17:16.551053,464,ADA/FDUSD,PAPER,BUY,122.01048998358644,0.2986,36.43233230909891,0.03643233230909891,0,0,0.0
2026-02-04T03:17:16.582235,464,DOGE/FDUSD,PAPER,BUY,970.1726697185459,0.10836,105.12791049070162,0.10512791049070162,0,0,0.0
2026-02-04T03:18:29.934723,465,ETH/FDUSD,PAPER,BUY,0.0020691759782031915,2273.48,4.704230202925392,0.004704230202925392,0,0,0.0
2026-02-04T03:18:29.967210,465,BNB/FDUSD,PAPER,BUY,0.0025456152619076494,760.49,1.9359149505281483,0.0019359149505281483,0,0,0.0
2026-02-04T03:45:11.437745,486,XRP/FDUSD,PAPER,SELL,86.2965170052056,1.6013,138.18661268043573,0.13818661268043572,0,0,0.0
2026-02-04T03:45:11.453358,486,LINK/FDUSD,PAPER,SELL,7.860265637225646e-07,9.74,7.65589873065778e-06,7.65589873065778e-09,0,0,0.0
2026-02-04T03:46:24.500490,487,XRP/FDUSD,PAPER,SELL,71.91376417100469,1.6014,115.1627019434469,0.11516270194344691,0,0,0.0
2026-02-04T03:46:24.516112,487,LINK/FDUSD,PAPER,SELL,3.0393027130605833e-07,9.75,2.963320145234069e-06,2.9633201452340687e-09,0,0,0.0
2026-02-04T03:47:36.541682,488,XRP/FDUSD,PAPER,SELL,59.92813680917055,1.6018,95.99288954092938,0.09599288954092938,0,0,0.0
2026-02-04T03:48:49.454871,489,XRP/FDUSD,PAPER,SELL,49.94011400764211,1.601,79.95412252623501,0.07995412252623502,0,0,0.0
2026-02-04T03:48:49.470487,489,LINK/FDUSD,PAPER,SELL,1.1751970490500918e-07,9.75,1.1458171228238395e-06,1.1458171228238394e-09,0,0,0.0
2026-02-04T03:50:03.422264,490,XRP/FDUSD,PAPER,SELL,41.616761673035086,1.6005,66.60762705769265,0.06660762705769266,0,0,0.0
2026-02-04T03:50:03.453512,490,LINK/FDUSD,PAPER,SELL,4.544095256327021e-08,9.75,4.430492874918845e-07,4.4304928749188455e-10,0,0,0.0
2026-02-04T04:26:56.122202,520,XRP/FDUSD,PAPER,SELL,34.68063472752925,1.5989,55.45086686584652,0.05545086686584652,0,0,0.0
2026-02-04T04:26:56.156954,520,LINK/FDUSD,PAPER,SELL,1.7570501657797808e-08,9.72,1.7078527611379472e-07,1.7078527611379472e-10,0,0,0.0
2026-02-04T04:28:13.453034,521,ADA/FDUSD,PAPER,SELL,206.25795135329068,0.3006,62.001140176799176,0.062001140176799176,0,0,0.0
2026-02-04T04:28:13.468635,521,XRP/FDUSD,PAPER,SELL,28.90052893960771,1.5997,46.23217614469045,0.04623217614469045,0,0,0.0
2026-02-04T05:08:01.507631,551,BNB/FDUSD,PAPER,BUY,0.0041575527764679265,759.17,3.1562893413111555,0.0031562893413111556,0,0,0.0
2026-02-04T05:08:01.511139,551,XRP/FDUSD,PAPER,BUY,29.67776879150074,1.594,47.30636345365218,0.04730636345365218,0,0,0.0
2026-02-04T05:20:18.364381,561,ETH/FDUSD,PAPER,BUY,0.0031577510338134107,2275.14,7.184325687070243,0.007184325687070243,0,0,0.0
2026-02-04T05:20:18.379996,561,XRP/FDUSD,PAPER,BUY,28.81073564291242,1.5942,45.93007476193098,0.045930074761930985,0,0,0.0
2026-02-04T05:21:31.562283,562,ETH/FDUSD,PAPER,BUY,0.003049727286326437,2273.43,6.933341504553111,0.006933341504553111,0,0,0.0
2026-02-04T05:21:31.593125,562,XRP/FDUSD,PAPER,BUY,27.8194754984234,1.5942,44.34980783958659,0.04434980783958659,0,0,0.0
2026-02-04T05:22:44.005255,563,ETH/FDUSD,PAPER,BUY,0.0029561121982319694,2272.89,6.718917854239461,0.006718917854239461,0,0,0.0
2026-02-04T05:22:44.021277,563,BNB/FDUSD,PAPER,BUY,0.0037500687507601993,758.27,2.8435646316389365,0.0028435646316389367,0,0,0.0
2026-02-04T05:22:44.042519,563,XRP/FDUSD,PAPER,BUY,26.833767174156776,1.5946,42.789125135910396,0.0427891251359104,0,0,0.0
2026-02-04T05:23:56.548656,564,ETH/FDUSD,PAPER,BUY,0.002859912591841013,2273.27,6.501353497654419,0.006501353497654419,0,0,0.0
2026-02-04T05:23:56.564265,564,BNB/FDUSD,PAPER,BUY,0.0036218874597730988,758.64,2.7477087024822637,0.002747708702482264,0,0,0.0
2026-02-04T05:23:56.595502,564,XRP/FDUSD,PAPER,BUY,25.91386585510196,1.5946,41.322250492545585,0.041322250492545586,0,0,0.0
2026-02-04T05:23:56.604169,564,DOGE/FDUSD,PAPER,BUY,174.65129071230513,0.10842,18.935692939028122,0.018935692939028123,0,0,0.0
2026-02-04T05:25:09.250524,565,ETH/FDUSD,PAPER,BUY,0.002712714266620203,2274.65,6.170475506567645,0.006170475506567645,0,0,0.0
2026-02-04T05:25:09.272171,565,BNB/FDUSD,PAPER,BUY,0.0034418878703762895,758.61,2.611050557346157,0.002611050557346157,0,0,0.0
2026-02-04T05:27:36.947107,567,BNB/FDUSD,PAPER,BUY,0.0034416919051755007,759.13,2.612691575975878,0.002612691575975878,0,0,0.0
2026-02-04T05:27:36.972264,567,DOGE/FDUSD,PAPER,BUY,171.1652773853384,0.1085,18.57143259630922,0.01857143259630922,0,0,0.0
2026-02-04T05:28:50.615969,568,BNB/FDUSD,PAPER,BUY,0.0033903338236156155,758.79,2.572551402021293,0.002572551402021293,0,0,0.0
2026-02-04T05:28:50.633957,568,DOGE/FDUSD,PAPER,BUY,168.71583135921355,0.10844,18.295544752593116,0.018295544752593117,0,0,0.0
2026-02-04T05:44:49.981253,581,ETH/FDUSD,PAPER,BUY,0.002628887166695071,2267.3,5.960475873047734,0.005960475873047735,0,0,0.0
2026-02-04T05:44:49.996875,581,BNB/FDUSD,PAPER,BUY,0.0033261775313881,757.62,2.519978621330252,0.0025199786213302524,0,0,0.0
2026-02-04T05:44:50.021409,581,DOGE/FDUSD,PAPER,BUY,165.24633695760713,0.10803,17.851561781530297,0.017851561781530297,0,0,0.0
2026-02-04T05:46:03.764540,582,ETH/FDUSD,PAPER,BUY,0.00258418153563314,2268.95,5.863378695274812,0.005863378695274812,0,0,0.0
2026-02-04T05:46:03.780178,582,BNB/FDUSD,PAPER,BUY,0.003261305270807563,757.6,2.4707648731638097,0.0024707648731638098,0,0,0.0
2026-02-04T05:46:03.795801,582,DOGE/FDUSD,PAPER,BUY,162.15241561269613,0.10801,17.51408241032731,0.017514082410327307,0,0,0.0
2026-02-04T05:47:16.560473,583,DOGE/FDUSD,PAPER,BUY,160.03268845620187,0.10806,17.293132314577175,0.017293132314577176,0,0,0.0
2026-02-04T06:17:55.196749,608,ETH/FDUSD,PAPER,BUY,0.0025122914904416593,2274.91,5.7152370345206345,0.005715237034520634,0,0,0.0
2026-02-04T06:17:55.217873,608,BNB/FDUSD,PAPER,BUY,0.0031625500892153574,760.87,2.406289486381289,0.0024062894863812892,0,0,0.0
2026-02-04T06:36:18.253181,623,ADA/FDUSD,PAPER,SELL,44.001696288702,0.2991,13.160907359950768,0.013160907359950768,0,0,0.0
2026-02-04T06:37:30.942233,624,ADA/FDUSD,PAPER,SELL,9.387028541589753,0.3,2.8161085624769258,0.0028161085624769256,0,0,0.0
2026-02-04T06:38:44.015540,625,ADA/FDUSD,PAPER,SELL,2.0025660888724803,0.3,0.600769826661744,0.0006007698266617441,0,0,0.0
2026-02-04T06:39:57.408148,626,ADA/FDUSD,PAPER,SELL,0.4272140989594624,0.2999,0.12812150827794277,0.00012812150827794277,0,0,0.0
2026-02-04T06:43:35.113248,629,ADA/FDUSD,PAPER,SELL,0.09113900777801862,0.3004,0.02737815793651679,2.737815793651679e-05,0,0,0.0
2026-02-04T06:44:48.726938,630,ADA/FDUSD,PAPER,SELL,0.019442988325977295,0.3004,0.00584067369312358,5.84067369312358e-06,0,0,0.0
2026-02-04T06:46:06.103654,631,ADA/FDUSD,PAPER,SELL,0.004147837509541821,0.3004,0.001246010387866363,1.246010387866363e-06,0,0,0.0
2026-02-04T06:47:18.604124,632,ADA/FDUSD,PAPER,SELL,0.0008848720020355881,0.3007,0.0002660810110121014,2.6608101101210137e-07,0,0,0.0
2026-02-04T06:48:32.182047,633,ADA/FDUSD,PAPER,SELL,0.00018877269376759204,0.3003,5.668843993840789e-05,5.668843993840789e-08,0,0,0.0
2026-02-04T06:49:45.021870,634,ADA/FDUSD,PAPER,SELL,4.027150800375294e-05,0.3003,1.2093533853527009e-05,1.2093533853527009e-08,0,0,0.0
2026-02-04T07:00:44.673776,643,ADA/FDUSD,PAPER,SELL,8.591255040800627e-06,0.2998,2.575658261232028e-06,2.575658261232028e-09,0,0,0.0
2026-02-04T07:08:04.103103,649,ADA/FDUSD,PAPER,SELL,1.8328010753708001e-06,0.2983,5.467245607831097e-07,5.467245607831098e-10,0,0,0.0
2026-02-04T07:49:41.378821,683,BNB/FDUSD,PAPER,BUY,0.0031919173668019662,765.05,2.4419763814718443,0.0024419763814718443,0,0,0.0
2026-02-04T07:50:54.628573,684,BNB/FDUSD,PAPER,BUY,0.0031863343621658657,765.17,2.4380874638984555,0.0024380874638984555,0,0,0.0
2026-02-04T07:54:47.327928,687,BNB/FDUSD,PAPER,BUY,0.003190091917318283,764.85,2.4399418029608886,0.0024399418029608885,0,0,0.0
2026-02-04T07:54:47.343553,687,DOGE/FDUSD,PAPER,BUY,157.0903183046721,0.10865,17.067863083802624,0.017067863083802624,0,0,0.0
2026-02-04T08:08:13.590639,698,ADA/FDUSD,PAPER,SELL,3.909975627457705e-07,0.2997,1.1718196955490743e-07,1.1718196955490744e-10,0,0,0.0
2026-02-04T08:08:13.606262,698,XRP/FDUSD,PAPER,SELL,47.2597096100223,1.6052,75.86128586600779,0.0758612858660078,0,0,0.0
2026-02-04T08:09:26.516014,699,ADA/FDUSD,PAPER,SELL,8.341281338576436e-08,0.2997,2.4998820171713583e-08,2.4998820171713585e-11,0,0,0.0
2026-02-04T08:10:39.627067,700,ADA/FDUSD,PAPER,SELL,1.779473352229639e-08,0.2997,5.333081636632229e-09,5.3330816366322284e-12,0,0,0.0
2026-02-04T09:09:20.320468,748,BNB/FDUSD,PAPER,BUY,0.0033121130870681914,760.87,2.5200874845575747,0.002520087484557575,0,0,0.0
2026-02-04T09:14:18.660875,752,XRP/FDUSD,PAPER,BUY,23.623773135350177,1.6082,37.99175195627016,0.03799175195627016,0,0,0.0
2026-02-04T09:21:35.579078,758,BNB/FDUSD,PAPER,BUY,0.0032122456190427084,758.18,2.4354603834458004,0.0024354603834458003,0,0,0.0
2026-02-04T09:39:59.339638,773,BNB/FDUSD,PAPER,BUY,0.0032162155876695464,756.65,2.433549524410162,0.002433549524410162,0,0,0.0
2026-02-04T09:39:59.354963,773,XRP/FDUSD,PAPER,BUY,22.94585003510076,1.6029,36.77990302126301,0.03677990302126301,0,0,0.0
2026-02-04T09:39:59.377688,773,DOGE/FDUSD,PAPER,BUY,153.09384965828758,0.10788,16.515764501136065,0.016515764501136065,0,0,0.0
2026-02-04T09:41:12.965408,774,XRP/FDUSD,PAPER,BUY,21.943101918080572,1.605,35.21867857851932,0.03521867857851932,0,0,0.0
2026-02-04T10:20:26.278122,806,ETH/FDUSD,PAPER,BUY,0.002316110477537825,2261.35,5.23753642838016,0.0052375364283801604,0,0,0.0
2026-02-04T10:51:07.004037,831,BNB/FDUSD,PAPER,BUY,0.0029361244974311917,756.67,2.2216773234712597,0.00222167732347126,0,0,0.0
2026-02-04T10:51:07.019661,831,DOGE/FDUSD,PAPER,BUY,144.61373096199713,0.10784,15.595144746941772,0.015595144746941772,0,0,0.0
2026-02-04T10:52:20.286964,832,BNB/FDUSD,PAPER,BUY,0.0028917687815696314,756.79,2.1884616962040813,0.0021884616962040814,0,0,0.0
2026-02-04T11:04:39.553409,842,BNB/FDUSD,PAPER,BUY,0.0028952168105326748,752.75,2.179374454128471,0.002179374454128471,0,0,0.0
2026-02-04T11:25:26.170690,859,XRP/FDUSD,PAPER,BUY,20.505174089946195,1.5924,32.652439220830324,0.032652439220830325,0,0,0.0
2026-02-04T11:27:55.471016,861,BNB/FDUSD,PAPER,BUY,0.0027998319696972696,751.0,2.1026738092426496,0.0021026738092426497,0,0,0.0
2026-02-04T11:31:35.693801,864,BNB/FDUSD,PAPER,BUY,0.002798869730290615,750.34,2.1001039134262602,0.0021001039134262603,0,0,0.0
2026-02-04T11:31:35.713293,864,DOGE/FDUSD,PAPER,BUY,137.3606428062103,0.10732,14.74154418596249,0.014741544185962489,0,0,0.0
2026-02-04T11:32:48.794931,865,ETH/FDUSD,PAPER,BUY,0.002153941127614717,2242.31,4.829803729861756,0.004829803729861756,0,0,0.0
2026-02-04T11:32:48.810548,865,BNB/FDUSD,PAPER,BUY,0.0027466315691959953,750.13,2.060330739000992,0.002060330739000992,0,0,0.0
2026-02-04T11:32:48.841794,865,DOGE/FDUSD,PAPER,BUY,134.84788629700597,0.10727,14.465132763079831,0.01446513276307983,0,0,0.0
2026-02-04T12:16:53.071628,901,DOGE/FDUSD,PAPER,BUY,133.03404707809568,0.10767,14.323775848898562,0.014323775848898561,0,0,0.0
2026-02-04T12:21:45.855073,905,ADA/FDUSD,PAPER,BUY,107.76745204118335,0.2979,32.10392396306852,0.03210392396306852,0,0,0.0
2026-02-04T12:29:07.220687,911,BNB/FDUSD,PAPER,BUY,0.0025916513330033475,749.03,1.9412245979594973,0.0019412245979594973,0,0,0.0
2026-02-04T12:29:07.236320,911,XRP/FDUSD,PAPER,BUY,18.348061680220326,1.5909,29.189931327062517,0.029189931327062518,0,0,0.0
2026-02-04T12:30:20.388435,912,ETH/FDUSD,PAPER,BUY,0.0019609576994631117,2236.07,4.38483868303848,0.00438483868303848,0,0,0.0
2026-02-04T12:30:20.404059,912,BNB/FDUSD,PAPER,BUY,0.0025012782188783556,749.04,1.8735574370686434,0.0018735574370686435,0,0,0.0
2026-02-04T12:30:20.419682,912,XRP/FDUSD,PAPER,BUY,17.72136060626525,1.591,28.194684724568013,0.028194684724568014,0,0,0.0
2026-02-04T12:30:20.435306,912,DOGE/FDUSD,PAPER,BUY,118.90063305373405,0.10728,12.755659914004589,0.01275565991400459,0,0,0.0
2026-02-04T12:31:32.740215,913,ETH/FDUSD,PAPER,BUY,0.0018720177019883322,2242.24,4.197512972106318,0.004197512972106318,0,0,0.0
2026-02-04T12:31:32.776366,913,BNB/FDUSD,PAPER,BUY,0.0023829605948411936,750.17,1.7876255494320181,0.0017876255494320183,0,0,0.0
2026-02-04T12:31:32.791380,913,XRP/FDUSD,PAPER,BUY,16.90529440042468,1.5939,26.9453487448369,0.026945348744836898,0,0,0.0
2026-02-04T12:31:32.807004,913,DOGE/FDUSD,PAPER,BUY,113.46928732736887,0.10746,12.193409616199059,0.01219340961619906,0,0,0.0
2026-02-04T12:32:45.821844,914,ETH/FDUSD,PAPER,BUY,0.0017844405813802477,2244.37,4.004944907632386,0.004004944907632387,0,0,0.0
2026-02-04T12:32:45.853082,914,BNB/FDUSD,PAPER,BUY,0.002269105798546195,750.32,1.702555462765181,0.0017025554627651811,0,0,0.0
2026-02-04T12:32:45.868706,914,XRP/FDUSD,PAPER,BUY,16.094441672057997,1.5937,25.649711692758828,0.025649711692758828,0,0,0.0
2026-02-04T12:32:45.884331,914,DOGE/FDUSD,PAPER,BUY,108.08502324195615,0.1075,11.619139998510287,0.011619139998510287,0,0,0.0
2026-02-04T12:33:59.658093,915,ETH/FDUSD,PAPER,BUY,0.001698103265601325,2243.73,3.8100852401276613,0.003810085240127661,0,0,0.0
2026-02-04T12:33:59.673696,915,BNB/FDUSD,PAPER,BUY,0.0021563459570674848,750.89,1.6191786157024035,0.0016191786157024035,0,0,0.0
2026-02-04T12:33:59.689320,915,XRP/FDUSD,PAPER,BUY,15.289602304444657,1.5939,24.37009711305434,0.02437009711305434,0,0,0.0
2026-02-04T12:33:59.720569,915,DOGE/FDUSD,PAPER,BUY,102.73467427772084,0.10744,11.037813404398326,0.011037813404398326,0,0,0.0
2026-02-04T13:16:42.815512,950,ETH/FDUSD,PAPER,BUY,0.0016024211015175094,2236.7,3.584135277764213,0.0035841352777642127,0,0,0.0
2026-02-04T13:16:42.846736,950,BNB/FDUSD,PAPER,BUY,0.0020480135869110627,750.65,1.5373413990147893,0.0015373413990147893,0,0,0.0
2026-02-04T13:18:00.709172,951,ETH/FDUSD,PAPER,BUY,0.0015970036731393356,2238.11,3.5742698908898785,0.0035742698908898785,0,0,0.0
2026-02-04T13:18:00.724793,951,BNB/FDUSD,PAPER,BUY,0.002034487898226578,750.66,1.527208685682763,0.001527208685682763,0,0,0.0
2026-02-04T13:18:00.740417,951,DOGE/FDUSD,PAPER,BUY,99.18865960706898,0.10732,10.644926949030644,0.010644926949030645,0,0,0.0
2026-02-04T13:43:39.234091,972,BNB/FDUSD,PAPER,BUY,0.001998312089666693,745.39,1.4895218485166561,0.0014895218485166562,0,0,0.0
2026-02-04T13:43:39.252116,972,ADA/FDUSD,PAPER,BUY,81.01940311889226,0.2935,23.779194815394877,0.023779194815394877,0,0,0.0
2026-02-04T13:46:43.992280,974,ADA/FDUSD,PAPER,BUY,78.61294277369387,0.2931,23.041453526969676,0.023041453526969676,0,0,0.0
2026-02-04T13:47:56.886384,975,BNB/FDUSD,PAPER,BUY,0.0018719138466103402,744.0,1.3927039018780931,0.0013927039018780932,0,0,0.0
2026-02-04T13:47:56.917608,975,ADA/FDUSD,PAPER,BUY,75.99667458834182,0.2931,22.27462532184299,0.02227462532184299,0,0,0.0
2026-02-04T13:47:56.933232,975,XRP/FDUSD,PAPER,BUY,12.83116770901188,1.5779,20.246299528049846,0.020246299528049846,0,0,0.0
2026-02-04T13:49:09.590219,976,BNB/FDUSD,PAPER,BUY,0.001755144184030638,742.12,1.3025276018528171,0.001302527601852817,0,0,0.0
2026-02-04T13:49:09.594246,976,ADA/FDUSD,PAPER,BUY,71.16682408561348,0.2923,20.80206268022482,0.02080206268022482,0,0,0.0
2026-02-04T13:50:21.843529,977,BNB/FDUSD,PAPER,BUY,0.0016958986691361921,741.7,1.2578480428983139,0.0012578480428983138,0,0,0.0
2026-02-04T13:50:21.859153,977,ADA/FDUSD,PAPER,BUY,68.75170674344412,0.2925,20.109874222457403,0.020109874222457403,0,0,0.0
2026-02-04T13:53:59.146246,980,BNB/FDUSD,PAPER,BUY,0.0016398579407732872,743.25,1.2188244144797458,0.0012188244144797457,0,0,0.0
2026-02-04T13:55:16.335543,981,BNB/FDUSD,PAPER,BUY,0.001638703252839574,743.36,1.2181464500308257,0.0012181464500308258,0,0,0.0
2026-02-04T13:55:16.357667,981,ADA/FDUSD,PAPER,BUY,66.48862716981023,0.2926,19.454572309886476,0.019454572309886477,0,0,0.0
2026-02-04T13:56:30.572644,982,ETH/FDUSD,PAPER,BUY,0.0012432374868460438,2212.54,2.750712669146346,0.002750712669146346,0,0,0.0
2026-02-04T13:56:30.603874,982,BNB/FDUSD,PAPER,BUY,0.0015772879932500206,743.59,1.1728555789007828,0.0011728555789007828,0,0,0.0
2026-02-04T13:56:30.623970,982,XRP/FDUSD,PAPER,BUY,11.168335923148618,1.5726,17.563325072743517,0.017563325072743517,0,0,0.0
2026-02-04T13:56:30.639596,982,DOGE/FDUSD,PAPER,BUY,74.9048792366757,0.10618,7.953400077350225,0.007953400077350225,0,0,0.0
2026-02-04T13:57:42.889674,983,ETH/FDUSD,PAPER,BUY,0.001184969083877191,2213.44,2.6228579690171294,0.0026228579690171293,0,0,0.0
2026-02-04T13:57:42.920904,983,BNB/FDUSD,PAPER,BUY,0.0015003363215401189,743.14,1.114959933989324,0.001114959933989324,0,0,0.0
2026-02-04T13:57:42.936529,983,DOGE/FDUSD,PAPER,BUY,73.46801130171298,0.10616,7.79936407978985,0.0077993640797898505,0,0,0.0
2026-02-04T13:58:55.548401,984,LINK/FDUSD,PAPER,BUY,1.4286659005352766,9.42,13.458032783042306,0.013458032783042306,0,0,0.0
2026-02-04T14:00:09.947901,985,ADA/FDUSD,PAPER,BUY,58.59101834028286,0.2918,17.096859151694538,0.017096859151694538,0,0,0.0
2026-02-04T14:01:22.864376,986,ETH/FDUSD,PAPER,BUY,0.0011012101320932166,2205.16,2.4283445348866772,0.0024283445348866773,0,0,0.0
2026-02-04T14:01:22.879998,986,BNB/FDUSD,PAPER,BUY,0.0013935044389966067,742.13,1.0341614493125517,0.0010341614493125518,0,0,0.0
2026-02-04T14:07:31.702379,991,DOT/FDUSD,PAPER,BUY,0.503783685480812,1.483,0.7471112055680442,0.0007471112055680442,0,0,0.0
2026-02-04T14:15:06.872486,997,ETH/FDUSD,PAPER,SELL,0.2151564120335812,2205.51,474.52961830418377,0.4745296183041838,0,0,0.0
2026-02-04T14:15:06.888106,997,BNB/FDUSD,PAPER,SELL,0.18166001665465012,743.11,134.99337497623705,0.13499337497623706,0,0,0.0
2026-02-04T14:15:06.919353,997,ADA/FDUSD,PAPER,SELL,608.394648861262,0.2925,177.95543479191912,0.1779554347919191,0,0,0.0
2026-02-04T14:15:06.934977,997,XRP/FDUSD,PAPER,SELL,433.6747115241626,1.5727,682.0402188140505,0.6820402188140505,0,0,0.0
2026-02-04T14:15:06.950602,997,DOGE/FDUSD,PAPER,SELL,12227.445940167825,0.10621,1298.6770333052248,1.2986770333052249,0,0,0.0
2026-02-04T14:15:06.974218,997,DOT/FDUSD,PAPER,SELL,2191.0939373627957,1.479,3240.627933359575,3.240627933359575,0,0,0.0
2026-02-04T14:15:06.994596,997,LTC/FDUSD,PAPER,SELL,55.25508098654045,59.6,3293.2028267978108,3.2932028267978106,0,0,0.0
2026-02-04T14:15:07.012367,997,LINK/FDUSD,PAPER,SELL,1.4286659005352766,9.43,13.472319442047658,0.013472319442047659,0,0,0.0
2026-02-04T14:17:33.086092,999,XRP/FDUSD,PAPER,BUY,186.3458310016788,1.567,292.00391717963066,0.29200391717963065,0,0,0.0
2026-02-04T14:21:16.373359,1002,ADA/FDUSD,PAPER,BUY,43.415322580645174,0.2927,12.707664919354844,0.012707664919354844,0,0,0.0
2026-02-04T14:21:16.391403,1002,DOGE/FDUSD,PAPER,BUY,2690.6523447636705,0.10616,285.63965292011125,0.28563965292011123,0,0,0.0
2026-02-04T14:21:16.419871,1002,DOT/FDUSD,PAPER,BUY,500.3150292110093,1.478,739.4656131738717,0.7394656131738717,0,0,0.0
2026-02-04T14:22:29.565658,1003,DOGE/FDUSD,PAPER,BUY,7619.931283539609,0.10591,807.02692223968,0.80702692223968,0,0,0.0
2026-02-04T14:22:29.584112,1003,LTC/FDUSD,PAPER,BUY,3.62557620837845,59.6,216.08434201935563,0.21608434201935564,0,0,0.0
2026-02-04T14:23:42.008950,1004,DOGE/FDUSD,PAPER,BUY,985.8140007951861,0.1059,104.3977026842102,0.1043977026842102,0,0,0.0
2026-02-04T14:23:42.027582,1004,LTC/FDUSD,PAPER,BUY,3.477031636246295,59.48,206.8138417239296,0.2068138417239296,0,0,0.0
2026-02-04T14:24:54.747948,1005,BNB/FDUSD,PAPER,BUY,0.46168806595485923,741.86,342.50790860927185,0.3425079086092719,0,0,0.0
2026-02-04T14:24:54.783803,1005,LTC/FDUSD,PAPER,BUY,3.215197245910404,59.48,191.23993218675082,0.19123993218675084,0,0,0.0
2026-02-04T14:26:07.985743,1006,ETH/FDUSD,PAPER,BUY,0.013721706857793224,2205.31,30.260617350559972,0.030260617350559973,0,0,0.0
2026-02-04T14:26:08.005443,1006,LTC/FDUSD,PAPER,BUY,3.118356288587986,59.39,185.19917997924048,0.18519917997924049,0,0,0.0
2026-02-04T14:27:20.414530,1007,LTC/FDUSD,PAPER,BUY,3.031042312507523,59.39,180.0136029398218,0.1800136029398218,0,0,0.0
2026-02-04T14:28:33.467707,1008,DOT/FDUSD,PAPER,BUY,337.0422058154365,1.474,496.80021137195337,0.4968002113719534,0,0,0.0
2026-02-04T14:28:33.494726,1008,LTC/FDUSD,PAPER,BUY,2.7065510466997154,59.39,160.7420666634961,0.1607420666634961,0,0,0.0
2026-02-04T14:29:45.852040,1009,ETH/FDUSD,PAPER,BUY,0.15505774005746217,2203.96,341.7410567770443,0.3417410567770443,0,0,0.0
2026-02-04T14:29:45.867652,1009,LTC/FDUSD,PAPER,BUY,2.465906180035553,59.43,146.54880427951292,0.14654880427951292,0,0,0.0
2026-02-04T14:31:14.141324,1010,ETH/FDUSD,PAPER,BUY,0.010522690729279444,2198.08,23.129716038214557,0.023129716038214558,0,0,0.0
2026-02-04T14:31:14.156942,1010,BNB/FDUSD,PAPER,BUY,0.013380767592728993,740.68,9.91086694058251,0.00991086694058251,0,0,0.0
2026-02-04T14:31:14.180904,1010,DOT/FDUSD,PAPER,BUY,138.6020735435468,1.465,203.05203774129606,0.20305203774129607,0,0,0.0
2026-02-04T14:31:14.198940,1010,LTC/FDUSD,PAPER,BUY,2.2824934026153088,59.1,134.89536009456475,0.13489536009456476,0,0,0.0
2026-02-04T14:32:31.716524,1011,ETH/FDUSD,PAPER,BUY,0.13131806208328622,2187.34,287.2372499172553,0.28723724991725536,0,0,0.0
2026-02-04T14:32:31.732146,1011,BNB/FDUSD,PAPER,BUY,0.011682572387612555,738.56,8.628280662595127,0.008628280662595128,0,0,0.0
2026-02-04T14:32:31.763818,1011,DOGE/FDUSD,PAPER,BUY,3951.1885724656477,0.10519,415.6255259376615,0.4156255259376615,0,0,0.0
2026-02-04T14:32:31.786101,1011,DOT/FDUSD,PAPER,BUY,215.49701933192023,1.465,315.7031333212631,0.31570313332126315,0,0,0.0
2026-02-04T14:32:31.802857,1011,LTC/FDUSD,PAPER,BUY,1.726557408569981,59.02,101.90141825380029,0.1019014182538003,0,0,0.0
2026-02-04T14:33:45.318290,1012,ETH/FDUSD,PAPER,BUY,0.09963751835214818,2187.71,217.97799527417808,0.21797799527417808,0,0,0.0
2026-02-04T14:33:45.333891,1012,BNB/FDUSD,PAPER,BUY,0.008849134442885709,738.17,6.532165571704943,0.006532165571704943,0,0,0.0
2026-02-04T14:33:45.349514,1012,DOGE/FDUSD,PAPER,BUY,439.9120992303451,0.105,46.19077041918624,0.04619077041918624,0,0,0.0
2026-02-04T14:33:45.381274,1012,DOT/FDUSD,PAPER,BUY,177.48718803635393,1.467,260.3737048493312,0.2603737048493312,0,0,0.0
2026-02-04T14:33:45.403568,1012,LTC/FDUSD,PAPER,BUY,1.4282123914086604,58.98,84.23596684528279,0.0842359668452828,0,0,0.0
2026-02-04T14:34:59.012973,1013,ETH/FDUSD,PAPER,BUY,0.0061065023806344265,2184.11,13.337272914567459,0.013337272914567459,0,0,0.0
2026-02-04T14:34:59.022990,1013,BNB/FDUSD,PAPER,BUY,0.007740405854672561,737.94,5.7119550963970696,0.0057119550963970695,0,0,0.0
2026-02-04T14:34:59.054254,1013,DOT/FDUSD,PAPER,BUY,158.05492572944058,1.462,231.07630141644213,0.23107630141644214,0,0,0.0
2026-02-04T14:34:59.069878,1013,LTC/FDUSD,PAPER,BUY,1.2668234973241859,58.93,74.65390869731428,0.07465390869731428,0,0,0.0
2026-02-04T14:37:24.964759,1015,BNB/FDUSD,PAPER,BUY,0.006912172130087546,745.98,5.156342165602708,0.005156342165602708,0,0,0.0
2026-02-04T14:37:24.983336,1015,DOGE/FDUSD,PAPER,BUY,343.7622810462799,0.1064,36.57630670332418,0.03657630670332418,0,0,0.0
2026-02-04T14:38:38.131775,1016,BNB/FDUSD,PAPER,BUY,0.0068090263779999605,744.07,5.066392257078431,0.005066392257078431,0,0,0.0
2026-02-04T14:38:38.163435,1016,DOGE/FDUSD,PAPER,BUY,338.84290039791813,0.10596,35.90379372616341,0.03590379372616341,0,0,0.0
2026-02-04T14:38:38.182727,1016,DOT/FDUSD,PAPER,BUY,136.75213585810093,1.479,202.2564089341313,0.2022564089341313,0,0,0.0
2026-02-04T14:38:38.199481,1016,LTC/FDUSD,PAPER,BUY,1.0970085598027808,59.48,65.2500691370694,0.0652500691370694,0,0,0.0
2026-02-04T14:55:04.048810,1029,ETH/FDUSD,PAPER,BUY,0.004714533477995386,2193.65,10.34203636400458,0.01034203636400458,0,0,0.0
2026-02-04T14:55:04.064429,1029,BNB/FDUSD,PAPER,BUY,0.005965024107595807,740.89,4.419426711076657,0.0044194267110766565,0,0,0.0
2026-02-04T14:55:04.080053,1029,DOGE/FDUSD,PAPER,BUY,296.3456924178845,0.10514,31.157786100816374,0.031157786100816376,0,0,0.0
2026-02-04T14:55:04.095677,1029,DOT/FDUSD,PAPER,BUY,60.94188642821473,1.467,89.40174739019102,0.08940174739019102,0,0,0.0
2026-02-04T14:55:04.111301,1029,LTC/FDUSD,PAPER,BUY,0.9983525980508112,58.77,58.67318218744618,0.05867318218744618,0,0,0.0
2026-02-04T14:56:17.916139,1030,ETH/FDUSD,PAPER,BUY,0.0043287451583624015,2194.93,9.501292610444386,0.009501292610444386,0,0,0.0
2026-02-04T14:56:17.931764,1030,BNB/FDUSD,PAPER,BUY,0.005454050369712804,741.4,4.043632944105073,0.004043632944105073,0,0,0.0
2026-02-04T14:56:17.947385,1030,XRP/FDUSD,PAPER,BUY,38.93469236995358,1.5558,60.57459438917378,0.060574594389173786,0,0,0.0
2026-02-04T14:56:17.963011,1030,DOGE/FDUSD,PAPER,BUY,263.11466070777533,0.10494,27.611252494673945,0.027611252494673947,0,0,0.0
2026-02-04T14:56:17.981157,1030,DOT/FDUSD,PAPER,BUY,54.130112298829545,1.467,79.40887474238295,0.07940887474238295,0,0,0.0
2026-02-04T14:56:18.007868,1030,LTC/FDUSD,PAPER,BUY,0.8838235787379638,58.9,52.05720878766606,0.052057208787666065,0,0,0.0
2026-02-04T14:56:18.028668,1030,LINK/FDUSD,PAPER,BUY,6.819056979993704,9.35,63.758182762941125,0.06375818276294112,0,0,0.0
2026-02-04T14:57:36.410141,1031,BNB/FDUSD,PAPER,BUY,0.004678618979608085,739.13,3.4581076463977234,0.0034581076463977233,0,0,0.0
2026-02-04T14:57:36.432940,1031,DOGE/FDUSD,PAPER,BUY,232.71416034024878,0.10452,24.323284038762804,0.024323284038762803,0,0,0.0
2026-02-04T14:57:36.439961,1031,DOT/FDUSD,PAPER,BUY,47.88037556694894,1.467,70.2405109567141,0.0702405109567141,0,0,0.0
2026-02-04T14:57:36.455586,1031,LTC/FDUSD,PAPER,BUY,0.7854558563255836,58.7,46.10625876631176,0.04610625876631176,0,0,0.0
2026-02-04T14:58:50.083880,1032,ADA/FDUSD,PAPER,BUY,177.6081758961763,0.2875,51.062350570150684,0.05106235057015068,0,0,0.0
2026-02-04T14:58:50.091388,1032,DOT/FDUSD,PAPER,BUY,43.15967183334851,1.458,62.92680153302213,0.06292680153302213,0,0,0.0
2026-02-04T15:00:04.145919,1033,DOT/FDUSD,PAPER,BUY,41.37573873090332,1.454,60.16032411473343,0.060160324114733425,0,0,0.0
2026-02-04T15:03:44.543254,1036,DOT/FDUSD,PAPER,BUY,78.10344543934525,1.461,114.10913378688342,0.11410913378688342,0,0,0.0
2026-02-04T15:04:58.097031,1037,ADA/FDUSD,PAPER,BUY,145.75280098992164,0.2885,42.04968308559239,0.04204968308559239,0,0,0.0
2026-02-04T15:04:58.128256,1037,DOT/FDUSD,PAPER,BUY,69.73318977353256,1.46,101.81045706935754,0.10181045706935754,0,0,0.0
2026-02-04T15:06:10.818895,1038,ADA/FDUSD,PAPER,BUY,129.881016283703,0.2884,37.45768509621994,0.03745768509621994,0,0,0.0
2026-02-04T15:06:10.834523,1038,DOT/FDUSD,PAPER,BUY,62.13602514870399,1.459,90.65646069195913,0.09065646069195912,0,0,0.0
2026-02-04T15:06:10.850145,1038,LTC/FDUSD,PAPER,BUY,0.4963451000438539,58.64,29.105676666571593,0.029105676666571594,0,0,0.0
2026-02-04T15:07:23.584617,1039,DOT/FDUSD,PAPER,BUY,55.483990840384195,1.457,80.84017465443978,0.08084017465443978,0,0,0.0
2026-02-04T15:08:37.299215,1040,DOT/FDUSD,PAPER,BUY,3.668391542993959,1.469,5.388867176658126,0.005388867176658126,0,0,0.0
2026-02-04T15:09:55.316639,1041,DOT/FDUSD,PAPER,BUY,0.7795764019765556,1.472,1.1475364637094898,0.0011475364637094899,0,0,0.0
2026-02-04T15:28:27.863964,1056,ETH/FDUSD,PAPER,BUY,0.0019523291716050384,2176.61,4.2494591982072425,0.004249459198207243,0,0,0.0
2026-02-04T15:28:27.895192,1056,BNB/FDUSD,PAPER,BUY,0.002456835621217346,734.24,1.803906986522624,0.001803906986522624,0,0,0.0
2026-02-04T15:28:27.910816,1056,ADA/FDUSD,PAPER,BUY,101.86076030553915,0.2885,29.38682934814804,0.02938682934814804,0,0,0.0
2026-02-04T15:28:27.926440,1056,LTC/FDUSD,PAPER,BUY,0.42293045209461866,58.52,24.749890056577087,0.024749890056577087,0,0,0.0
2026-02-04T15:29:40.915006,1057,ADA/FDUSD,PAPER,BUY,95.84038192844059,0.2885,27.64995018635511,0.02764995018635511,0,0,0.0
2026-02-04T15:29:40.930628,1057,LTC/FDUSD,PAPER,BUY,0.39793357065401835,58.52,23.287072554673156,0.023287072554673157,0,0,0.0
2026-02-04T15:30:53.554635,1058,LTC/FDUSD,PAPER,BUY,0.3867914306757072,58.52,22.635034523142387,0.02263503452314239,0,0,0.0
2026-02-04T15:47:05.495885,1071,ADA/FDUSD,PAPER,SELL,546.2286536144151,0.2854,155.89365774155405,0.15589365774155406,0,0,0.0
2026-02-04T15:48:18.398533,1072,ADA/FDUSD,PAPER,SELL,116.52877943774183,0.2857,33.29227228536284,0.03329227228536284,0,0,0.0
2026-02-04T15:49:30.746669,1073,ADA/FDUSD,PAPER,SELL,24.85947294671825,0.2853,7.092407631698716,0.007092407631698716,0,0,0.0
2026-02-04T15:49:30.762273,1073,LINK/FDUSD,PAPER,SELL,4.182354947729472,9.21,38.51948906858844,0.038519489068588444,0,0,0.0
2026-02-04T15:53:08.443170,1076,LINK/FDUSD,PAPER,SELL,1.6171772464553957,9.2,14.87803066738964,0.01487803066738964,0,0,0.0
2026-02-04T15:54:20.760990,1077,ADA/FDUSD,PAPER,SELL,5.303354228633223,0.2852,1.5125166260061953,0.0015125166260061952,0,0,0.0
2026-02-04T15:54:20.776611,1077,LINK/FDUSD,PAPER,SELL,0.6253085352960862,9.19,5.746585439371032,0.005746585439371032,0,0,0.0
2026-02-04T15:55:33.502529,1078,ADA/FDUSD,PAPER,SELL,1.1313822354417542,0.2873,0.32504611624241597,0.000325046116242416,0,0,0.0
2026-02-04T15:55:33.534256,1078,LINK/FDUSD,PAPER,SELL,0.2417859669811533,9.25,2.236520194575668,0.002236520194575668,0,0,0.0
2026-02-04T15:56:46.622517,1079,ADA/FDUSD,PAPER,SELL,0.24136154356090744,0.2873,0.0693431714650487,6.93431714650487e-05,0,0,0.0
2026-02-04T15:56:46.640548,1079,LINK/FDUSD,PAPER,SELL,0.09349057389937926,9.25,0.8647878085692582,0.0008647878085692582,0,0,0.0
2026-02-04T15:57:59.149278,1080,ADA/FDUSD,PAPER,SELL,0.0514904626263269,0.2863,0.014741719449917392,1.4741719449917393e-05,0,0,0.0
2026-02-04T15:57:59.164915,1080,LINK/FDUSD,PAPER,SELL,0.03614968857442664,9.22,0.3333001286562136,0.00033330012865621364,0,0,0.0
2026-02-04T15:59:18.048174,1081,ADA/FDUSD,PAPER,SELL,0.010984632026949735,0.2872,0.003154786318139964,3.154786318139964e-06,0,0,0.0
2026-02-04T16:10:12.824046,1090,ADA/FDUSD,PAPER,SELL,0.002343388165749276,0.2871,0.0006727867423866172,6.727867423866172e-07,0,0,0.0
2026-02-04T16:11:29.660644,1091,ADA/FDUSD,PAPER,SELL,0.0004999228086931787,0.2863,0.00014312790012885706,1.4312790012885705e-07,0,0,0.0
2026-02-04T16:11:29.691886,1091,LINK/FDUSD,PAPER,SELL,0.013977879582111634,9.21,0.12873627095124815,0.00012873627095124815,0,0,0.0
2026-02-04T16:17:36.244144,1096,ADA/FDUSD,PAPER,SELL,0.00010665019918787812,0.2853,3.042730182830163e-05,3.042730182830163e-08,0,0,0.0
2026-02-04T16:18:50.226611,1097,ADA/FDUSD,PAPER,SELL,2.2752042493413988e-05,0.2852,6.48888251912167e-06,6.48888251912167e-09,0,0,0.0
2026-02-04T16:33:47.075801,1109,LTC/FDUSD,PAPER,BUY,0.9055030503153461,57.92,52.44673667426485,0.052446736674264846,0,0,0.0
2026-02-04T16:35:01.608602,1110,LTC/FDUSD,PAPER,BUY,0.8590205603991592,57.76,49.61702756865543,0.04961702756865543,0,0,0.0
2026-02-04T16:36:18.483989,1111,LTC/FDUSD,PAPER,BUY,0.8157359838567686,57.72,47.08428098821268,0.047084280988212684,0,0,0.0
2026-02-04T16:37:31.172476,1112,LTC/FDUSD,PAPER,BUY,0.4221763867748436,57.6,24.31735987823099,0.02431735987823099,0,0,0.0
2026-02-04T16:38:44.437492,1113,LTC/FDUSD,PAPER,BUY,0.4103554479451432,57.61,23.6405773561197,0.0236405773561197,0,0,0.0
2026-02-04T16:39:57.545933,1114,LTC/FDUSD,PAPER,BUY,0.39886549540268135,57.57,22.962686570332366,0.022962686570332368,0,0,0.0
2026-02-04T16:41:10.131062,1115,LTC/FDUSD,PAPER,BUY,0.3876972615314074,57.57,22.319731346363124,0.022319731346363125,0,0,0.0
2026-02-04T16:42:23.531577,1116,LTC/FDUSD,PAPER,BUY,0.6908765200489668,57.54,39.75303496361755,0.03975303496361755,0,0,0.0
2026-02-04T16:43:36.055355,1117,LTC/FDUSD,PAPER,BUY,0.6554115253531165,57.59,37.74514974508598,0.037745149745085985,0,0,0.0
2026-02-04T16:57:16.520772,1128,LTC/FDUSD,PAPER,BUY,0.6229048873373983,57.91,36.07242202570874,0.03607242202570874,0,0,0.0
2026-02-04T16:58:31.352872,1129,LTC/FDUSD,PAPER,BUY,0.3223249653385878,58.04,18.707740988251636,0.018707740988251637,0,0,0.0
2026-02-04T16:59:46.701827,1130,BNB/FDUSD,PAPER,BUY,0.0017782034615059228,730.54,1.2990487567685367,0.0012990487567685366,0,0,0.0
2026-02-04T16:59:46.733054,1130,LTC/FDUSD,PAPER,BUY,0.3128293950384915,58.04,18.156618088034048,0.018156618088034048,0,0,0.0
2026-02-04T17:01:08.751146,1131,BNB/FDUSD,PAPER,BUY,0.0017265545843275776,732.35,1.2644422498323016,0.0012644422498323015,0,0,0.0
2026-02-04T17:04:47.152467,1134,ETH/FDUSD,PAPER,BUY,0.0013499004796721503,2142.09,2.8916083185009165,0.0028916083185009166,0,0,0.0
2026-02-04T17:04:47.168104,1134,BNB/FDUSD,PAPER,BUY,0.001720660940824681,729.44,1.2551189166751553,0.0012551189166751552,0,0,0.0
2026-02-04T17:04:47.203557,1134,DOGE/FDUSD,PAPER,BUY,84.7320219275316,0.10314,8.739260741605609,0.008739260741605609,0,0,0.0
2026-02-04T17:05:59.737642,1135,BNB/FDUSD,PAPER,BUY,0.0016927516037947843,728.54,1.233237253428652,0.001233237253428652,0,0,0.0
2026-02-04T17:19:41.878476,1146,ADA/FDUSD,PAPER,SELL,4.85376906526165e-06,0.2866,1.391090214103989e-06,1.3910902141039889e-09,0,0,0.0
2026-02-04T17:20:54.446938,1147,ADA/FDUSD,PAPER,SELL,1.0354707339224846e-06,0.2859,2.9604108282843835e-07,2.960410828284384e-10,0,0,0.0
2026-02-04T17:20:54.464601,1147,LINK/FDUSD,PAPER,SELL,0.005404780105083163,9.18,0.04961588136466344,4.961588136466344e-05,0,0,0.0
2026-02-04T17:22:08.281680,1148,LINK/FDUSD,PAPER,SELL,0.002089848307298823,9.16,0.01914301049485722,1.914301049485722e-05,0,0,0.0
2026-02-04T17:35:36.293981,1159,LINK/FDUSD,PAPER,SELL,0.0008080746788222113,9.17,0.007410044804799678,7.4100448047996776e-06,0,0,0.0
2026-02-04T17:38:07.759031,1161,LINK/FDUSD,PAPER,SELL,0.00031245554247792164,9.13,0.0028527191028234248,2.8527191028234247e-06,0,0,0.0
2026-02-04T18:04:22.132275,1182,LTC/FDUSD,PAPER,BUY,0.29329757781082577,57.6,16.893940481903567,0.016893940481903565,0,0,0.0
2026-02-04T18:10:26.471540,1187,LTC/FDUSD,PAPER,BUY,0.2849914521642347,57.48,16.38130867040021,0.016381308670400208,0,0,0.0
2026-02-04T18:11:38.983367,1188,LTC/FDUSD,PAPER,BUY,0.27701169150363825,57.75,15.997425184335109,0.01599742518433511,0,0,0.0
2026-02-04T18:12:51.950796,1189,LTC/FDUSD,PAPER,BUY,0.26925536414153584,57.75,15.549497279173695,0.015549497279173695,0,0,0.0
2026-02-04T18:14:05.198525,1190,BNB/FDUSD,PAPER,BUY,0.001494370761094932,710.93,1.06239300518522,0.00106239300518522,0,0,0.0
2026-02-04T18:14:05.230247,1190,LTC/FDUSD,PAPER,BUY,0.2614938930905808,57.75,15.101272325981041,0.015101272325981041,0,0,0.0
2026-02-04T18:15:23.401930,1191,LTC/FDUSD,PAPER,BUY,0.25417206408403814,57.5,14.614893684832193,0.014614893684832193,0,0,0.0
2026-02-04T18:16:35.841557,1192,LTC/FDUSD,PAPER,BUY,0.24705524628969044,57.21,14.13403064023319,0.01413403064023319,0,0,0.0
2026-02-04T18:17:49.664708,1193,LTC/FDUSD,PAPER,BUY,0.2400981575362735,57.28,13.752822463677747,0.013752822463677747,0,0,0.0
2026-02-04T18:19:02.329189,1194,LTC/FDUSD,PAPER,BUY,0.23352922386187203,57.28,13.37655394280803,0.01337655394280803,0,0,0.0
2026-02-04T18:20:14.882289,1195,BNB/FDUSD,PAPER,BUY,0.0012956448684593447,710.56,0.9206334177324719,0.0009206334177324719,0,0,0.0
2026-02-04T18:20:14.913538,1195,LTC/FDUSD,PAPER,BUY,0.2265737577464222,57.52,13.032522545574205,0.013032522545574205,0,0,0.0
2026-02-04T18:21:27.361973,1196,LTC/FDUSD,PAPER,BUY,0.2202659921327097,57.47,12.658686567866827,0.012658686567866827,0,0,0.0
2026-02-04T18:22:39.937868,1197,LTC/FDUSD,PAPER,BUY,0.21420446381755198,57.47,12.310330535594712,0.012310330535594712,0,0,0.0
2026-02-04T18:23:53.497972,1198,LTC/FDUSD,PAPER,BUY,0.2082067388306612,57.47,11.9656412805981,0.0119656412805981,0,0,0.0
2026-02-04T18:25:05.915571,1199,XRP/FDUSD,PAPER,BUY,8.248883036854124,1.5083,12.441790284487075,0.012441790284487076,0,0,0.0
2026-02-04T18:25:05.931191,1199,LTC/FDUSD,PAPER,BUY,0.1963056416390998,57.47,11.281685224999066,0.011281685224999066,0,0,0.0
2026-02-04T18:26:19.968626,1200,LTC/FDUSD,PAPER,BUY,0.19080908367320148,57.47,10.965798038698889,0.010965798038698888,0,0,0.0
2026-02-04T18:30:05.403668,1203,LTC/FDUSD,PAPER,BUY,0.1858341750593624,58.29,10.832274064210234,0.010832274064210234,0,0,0.0
2026-02-04T18:31:18.255233,1204,LTC/FDUSD,PAPER,BUY,0.18063081815770232,58.03,10.482006377691466,0.010482006377691465,0,0,0.0
2026-02-04T18:32:31.504159,1205,BNB/FDUSD,PAPER,BUY,0.0010011973409623787,717.11,0.7179686251775313,0.0007179686251775314,0,0,0.0
2026-02-04T18:32:31.519782,1205,ADA/FDUSD,PAPER,BUY,40.54652193653055,0.2871,11.640906447977923,0.011640906447977923,0,0,0.0
2026-02-04T18:32:31.551030,1205,LTC/FDUSD,PAPER,BUY,0.16995188790702542,58.35,9.916692659374934,0.009916692659374934,0,0,0.0
2026-02-04T18:33:44.305439,1206,ADA/FDUSD,PAPER,BUY,38.162828061793036,0.2863,10.926017674091346,0.010926017674091347,0,0,0.0
2026-02-04T18:33:44.321066,1206,LTC/FDUSD,PAPER,BUY,0.15990705152416496,58.35,9.330576456435026,0.009330576456435025,0,0,0.0
2026-02-04T18:34:57.136518,1207,LTC/FDUSD,PAPER,BUY,0.15542965408148746,58.35,9.069320315654794,0.009069320315654794,0,0,0.0
2026-02-04T18:36:10.136678,1208,LTC/FDUSD,PAPER,BUY,0.15107762376720757,58.15,8.78516382206312,0.008785163822063121,0,0,0.0
2026-02-04T18:37:22.401009,1209,LTC/FDUSD,PAPER,BUY,0.14684745030172763,58.41,8.57735957212391,0.00857735957212391,0,0,0.0
2026-02-04T18:38:34.868512,1210,LTC/FDUSD,PAPER,BUY,0.14273572169327764,58.62,8.367168005659934,0.008367168005659934,0,0,0.0
2026-02-04T18:39:52.879181,1211,LTC/FDUSD,PAPER,BUY,0.13873912148586243,58.73,8.1481486048647,0.0081481486048647,0,0,0.0
2026-02-04T18:41:05.978011,1212,LTC/FDUSD,PAPER,BUY,0.13485442608426013,58.9,7.942925696362921,0.00794292569636292,0,0,0.0
2026-02-04T18:42:19.312518,1213,LTC/FDUSD,PAPER,BUY,0.1310785021539047,59.01,7.734942412101916,0.007734942412101917,0,0,0.0
2026-02-04T18:43:32.883057,1214,LTC/FDUSD,PAPER,BUY,0.12740830409359205,59.1,7.52983077193129,0.00752983077193129,0,0,0.0
2026-02-04T18:44:46.577890,1215,LTC/FDUSD,PAPER,BUY,0.12386137842970868,59.1,7.320207465195783,0.007320207465195783,0,0,0.0
2026-02-04T18:45:59.393415,1216,LTC/FDUSD,PAPER,BUY,0.12039325983367632,58.92,7.093570869400209,0.007093570869400209,0,0,0.0
2026-02-04T18:47:12.026830,1217,LTC/FDUSD,PAPER,BUY,0.1170222485583281,58.92,6.894950885056692,0.0068949508850566915,0,0,0.0
2026-02-04T18:48:25.402294,1218,DOT/FDUSD,PAPER,BUY,0.02943070568744588,1.474,0.043380860183295226,4.338086018329523e-05,0,0,0.0
2026-02-04T18:49:39.048471,1219,ADA/FDUSD,PAPER,BUY,26.321174098110063,0.2893,7.614715666583241,0.007614715666583242,0,0,0.0
2026-02-04T18:50:51.342660,1220,BNB/FDUSD,PAPER,BUY,0.0006284414573746178,714.82,0.4492225225605243,0.0004492225225605243,0,0,0.0
2026-02-04T18:50:51.358290,1220,XRP/FDUSD,PAPER,BUY,4.4835686674869635,1.5396,6.902902320462929,0.0069029023204629295,0,0,0.0
2026-02-04T18:50:51.373917,1220,DOGE/FDUSD,PAPER,BUY,29.914201760355354,0.1039,3.1080855629009214,0.0031080855629009216,0,0,0.0
2026-02-04T18:50:51.389542,1220,LTC/FDUSD,PAPER,BUY,0.10547940471390405,58.7,6.1916410567061675,0.006191641056706168,0,0,0.0
2026-02-04T18:52:08.725363,1221,ADA/FDUSD,PAPER,BUY,23.734345512019914,0.289,6.859225852973754,0.006859225852973754,0,0,0.0
2026-02-04T18:52:08.751513,1221,DOT/FDUSD,PAPER,BUY,0.04746400957037622,1.464,0.06948731001103078,6.948731001103078e-05,0,0,0.0
2026-02-04T18:52:08.767137,1221,LTC/FDUSD,PAPER,BUY,0.09916240955823952,58.7,5.82083344106866,0.00582083344106866,0,0,0.0
2026-02-04T18:59:26.667949,1227,LINK/FDUSD,PAPER,SELL,0.000120816143091463,9.3,0.001123590130750606,1.123590130750606e-06,0,0,0.0
2026-02-04T19:00:38.895294,1228,LINK/FDUSD,PAPER,SELL,4.671557532869902e-05,9.3,0.0004344548505569009,4.344548505569009e-07,0,0,0.0
2026-02-04T19:01:52.956202,1229,LINK/FDUSD,PAPER,SELL,1.806335579376362e-05,9.33,0.00016853110955581456,1.6853110955581456e-07,0,0,0.0
2026-02-04T19:15:14.098205,1240,LINK/FDUSD,PAPER,SELL,6.9844975735885975e-06,9.33,6.516536236158161e-05,6.516536236158161e-08,0,0,0.0
2026-02-04T19:20:25.101741,1244,LINK/FDUSD,PAPER,SELL,2.700672395120924e-06,9.35,2.5251286894380637e-05,2.5251286894380637e-08,0,0,0.0
2026-02-04T19:31:24.084196,1253,ETH/FDUSD,PAPER,BUY,0.00042655333067243006,2140.4,0.9129947489712693,0.0009129947489712693,0,0,0.0
2026-02-04T19:33:50.009757,1255,DOT/FDUSD,PAPER,BUY,3.5212140398452902,1.456,5.126887642014743,0.005126887642014743,0,0,0.0
2026-02-04T19:49:43.499635,1268,LINK/FDUSD,PAPER,SELL,1.0442599927800905e-06,9.39,9.80560133220505e-06,9.80560133220505e-09,0,0,0.0
2026-02-04T19:50:56.407275,1269,LINK/FDUSD,PAPER,SELL,4.037805305416349e-07,9.36,3.779385765869702e-06,3.7793857658697024e-09,0,0,0.0
2026-02-04T19:52:08.689262,1270,LINK/FDUSD,PAPER,SELL,1.5612847180943212e-07,9.39,1.4660463502905677e-06,1.4660463502905677e-09,0,0,0.0
2026-02-04T20:00:07.406383,1276,LTC/FDUSD,PAPER,BUY,0.09241451783390175,59.57,5.505132827365528,0.005505132827365528,0,0,0.0
2026-02-04T20:01:19.932257,1277,LTC/FDUSD,PAPER,BUY,0.0898269113345549,59.53,5.347396031746053,0.005347396031746053,0,0,0.0
2026-02-04T20:02:34.283815,1278,BNB/FDUSD,PAPER,BUY,0.0004976848196452943,716.87,0.35677531665912215,0.00035677531665912214,0,0,0.0
2026-02-04T20:02:34.307495,1278,DOGE/FDUSD,PAPER,BUY,24.512604514908162,0.10515,2.577500364742593,0.0025775003647425933,0,0,0.0
2026-02-04T20:02:34.324484,1278,LTC/FDUSD,PAPER,BUY,0.08618623668138525,59.53,5.130666669642864,0.0051306666696428645,0,0,0.0
2026-02-04T20:03:47.033144,1279,BNB/FDUSD,PAPER,BUY,0.00047644169102811773,718.68,0.34240911450808764,0.00034240911450808764,0,0,0.0
2026-02-04T20:03:47.049303,1279,LTC/FDUSD,PAPER,BUY,0.08364683073864398,59.43,4.971131150797612,0.004971131150797612,0,0,0.0
2026-02-04T20:04:59.765558,1280,LTC/FDUSD,PAPER,BUY,0.0813047194779628,59.43,4.83193947857533,0.00483193947857533,0,0,0.0
2026-02-04T20:06:38.818045,1281,LTC/FDUSD,PAPER,BUY,0.07902818733258243,59.55,4.706128555655284,0.004706128555655284,0,0,0.0
2026-02-04T20:07:51.810683,1282,LTC/FDUSD,PAPER,BUY,0.07681539808726967,59.55,4.574356956096909,0.004574356956096909,0,0,0.0
2026-02-04T20:09:05.738697,1283,LTC/FDUSD,PAPER,BUY,0.07466456694082524,59.2,4.420142362896854,0.004420142362896854,0,0,0.0
2026-02-04T20:10:19.656994,1284,LTC/FDUSD,PAPER,BUY,0.07257395906648156,59.2,4.296378376735709,0.0042963783767357095,0,0,0.0
2026-02-04T20:11:57.148849,1285,LTC/FDUSD,PAPER,BUY,0.07054188821261675,59.16,4.173258106658407,0.004173258106658407,0,0,0.0
2026-02-04T20:13:09.628842,1286,LTC/FDUSD,PAPER,BUY,0.06856671534266212,59.16,4.056406879671891,0.004056406879671891,0,0,0.0
2026-02-04T20:26:33.564148,1297,ADA/FDUSD,PAPER,SELL,101.29503097955057,0.2909,29.466724511951263,0.029466724511951262,0,0,0.0
2026-02-04T20:26:33.595392,1297,LINK/FDUSD,PAPER,SELL,6.036967576631374e-08,9.39,5.66871255445686e-07,5.66871255445686e-10,0,0,0.0
2026-02-04T20:27:46.843254,1298,ADA/FDUSD,PAPER,SELL,21.60960660897078,0.2909,6.286234562549599,0.0062862345625496,0,0,0.0
2026-02-04T20:28:59.300124,1299,ADA/FDUSD,PAPER,SELL,4.610049409913763,0.2909,1.3410633733439137,0.0013410633733439137,0,0,0.0
2026-02-04T20:40:15.601052,1308,LTC/FDUSD,PAPER,BUY,0.08422476685956326,59.15,4.981894959743166,0.004981894959743167,0,0,0.0
2026-02-04T20:41:28.199814,1309,LTC/FDUSD,PAPER,BUY,0.08189342531288446,59.15,4.843996107257116,0.004843996107257116,0,0,0.0
2026-02-04T20:42:41.583683,1310,BNB/FDUSD,PAPER,BUY,0.0004547247490502837,715.19,0.3252145932732724,0.0003252145932732724,0,0,0.0
2026-02-04T20:42:41.599292,1310,LTC/FDUSD,PAPER,BUY,0.07944120858531534,59.15,4.698947487821402,0.004698947487821402,0,0,0.0
2026-02-04T20:43:59.220297,1311,ETH/FDUSD,PAPER,BUY,0.0003450832690203298,2175.47,0.7507182992556568,0.0007507182992556569,0,0,0.0
2026-02-04T20:43:59.235900,1311,BNB/FDUSD,PAPER,BUY,0.00044004057764079896,714.94,0.31460261057851285,0.00031460261057851286,0,0,0.0
2026-02-04T20:43:59.251524,1311,DOGE/FDUSD,PAPER,BUY,21.606671990815812,0.1048,2.2643792246374974,0.0022643792246374974,0,0,0.0
2026-02-04T20:43:59.283944,1311,LTC/FDUSD,PAPER,BUY,0.07584118773849013,59.15,4.4860062547316915,0.004486006254731691,0,0,0.0
2026-02-04T20:46:23.779067,1313,ETH/FDUSD,PAPER,BUY,0.0003289937864964232,2175.0,0.7155614856297204,0.0007155614856297204,0,0,0.0
2026-02-04T20:46:23.810291,1313,LTC/FDUSD,PAPER,BUY,0.07343422815446132,58.98,4.331150776550128,0.004331150776550129,0,0,0.0
2026-02-04T20:47:36.893961,1314,LTC/FDUSD,PAPER,BUY,0.07138986389530544,58.98,4.2105741725451145,0.004210574172545114,0,0,0.0
2026-02-04T20:54:55.030289,1320,LTC/FDUSD,PAPER,BUY,0.06948279541995106,58.98,4.098095273868713,0.004098095273868714,0,0,0.0
2026-02-04T20:56:14.400996,1321,LTC/FDUSD,PAPER,BUY,0.06759319474807768,58.98,3.986646626241621,0.003986646626241621,0,0,0.0
2026-02-04T21:12:05.464354,1334,LTC/FDUSD,PAPER,BUY,0.06567883373568861,59.03,3.877021555417699,0.0038770215554176993,0,0,0.0
2026-02-04T21:13:18.455027,1335,LTC/FDUSD,PAPER,BUY,0.06383982639109576,59.03,3.7684649518663824,0.0037684649518663826,0,0,0.0
2026-02-04T21:22:19.731508,1342,LTC/FDUSD,PAPER,BUY,0.06207286177748017,58.76,3.6474013580447346,0.0036474013580447347,0,0,0.0
2026-02-04T21:23:47.503172,1343,LTC/FDUSD,PAPER,BUY,0.06036480913361686,58.83,3.55126172133068,0.00355126172133068,0,0,0.0
2026-02-04T21:25:00.318794,1344,LTC/FDUSD,PAPER,BUY,0.05867459447787837,58.77,3.448305917464912,0.0034483059174649122,0,0,0.0
2026-02-04T21:26:13.037227,1345,LTC/FDUSD,PAPER,BUY,0.057031705832493174,58.77,3.351753351775624,0.003351753351775624,0,0,0.0
2026-02-04T21:27:26.368651,1346,LTC/FDUSD,PAPER,BUY,0.055434818069187486,58.8,3.259567302468224,0.003259567302468224,0,0,0.0
2026-02-04T21:28:38.854122,1347,DOGE/FDUSD,PAPER,BUY,15.090740262312465,0.1036,1.5634006911755713,0.0015634006911755714,0,0,0.0
2026-02-04T21:28:38.871246,1347,LTC/FDUSD,PAPER,BUY,0.05312828615896592,58.8,3.1239432261471958,0.0031239432261471957,0,0,0.0
2026-02-04T21:29:51.961633,1348,LTC/FDUSD,PAPER,BUY,0.05164069414651351,58.8,3.036472815814994,0.0030364728158149942,0,0,0.0
2026-02-04T21:32:18.131596,1350,ADA/FDUSD,PAPER,BUY,11.545773902997437,0.2873,3.317100842331164,0.003317100842331164,0,0,0.0
2026-02-04T21:33:37.184343,1351,ADA/FDUSD,PAPER,BUY,11.180037059761995,0.2873,3.212024647269621,0.003212024647269621,0,0,0.0
2026-02-04T21:33:37.199965,1351,DOT/FDUSD,PAPER,BUY,0.7289815028948397,1.466,1.068686883243835,0.001068686883243835,0,0,0.0
2026-02-04T21:42:05.733881,1358,BNB/FDUSD,PAPER,BUY,0.0002661536547462484,707.03,0.18817861851524,0.00018817861851524,0,0,0.0
2026-02-04T21:42:05.744947,1358,XRP/FDUSD,PAPER,BUY,1.8873557054909327,1.5269,2.881803426714105,0.002881803426714105,0,0,0.0
2026-02-04T21:42:05.776214,1358,DOGE/FDUSD,PAPER,BUY,12.663124077567772,0.10368,1.3129127043622266,0.0013129127043622266,0,0,0.0
2026-02-04T21:42:05.791839,1358,LTC/FDUSD,PAPER,BUY,0.04467433673823962,59.02,2.6366793542909024,0.0026366793542909025,0,0,0.0
2026-02-04T21:43:18.456520,1359,ETH/FDUSD,PAPER,BUY,0.0001937906910644549,2142.26,0.4151500458397392,0.0004151500458397392,0,0,0.0
2026-02-04T21:43:18.488190,1359,BNB/FDUSD,PAPER,BUY,0.0002466833406346014,706.31,0.1742349103236253,0.00017423491032362532,0,0,0.0
2026-02-04T21:43:18.509919,1359,ADA/FDUSD,PAPER,BUY,9.948824193303231,0.2866,2.8513330138007063,0.0028513330138007064,0,0,0.0
2026-02-04T21:43:18.528734,1359,DOGE/FDUSD,PAPER,BUY,11.72208619441517,0.10363,1.214759792327244,0.001214759792327244,0,0,0.0
2026-02-04T21:43:18.544379,1359,LTC/FDUSD,PAPER,BUY,0.041217601231608114,59.02,2.432662824689511,0.002432662824689511,0,0,0.0
2026-02-04T21:44:31.082880,1360,ETH/FDUSD,PAPER,BUY,0.00017918223094670616,2125.96,0.3809342557034594,0.0003809342557034594,0,0,0.0
2026-02-04T21:44:31.096270,1360,BNB/FDUSD,PAPER,BUY,0.00022784924501273451,703.7,0.1603375137154613,0.0001603375137154613,0,0,0.0
2026-02-04T21:44:31.123607,1360,ADA/FDUSD,PAPER,BUY,9.20546827065899,0.2853,2.62632009761901,0.0026263200976190102,0,0,0.0
2026-02-04T21:44:31.140498,1360,XRP/FDUSD,PAPER,BUY,1.5643867209144844,1.5156,2.3709845142179926,0.002370984514217993,0,0,0.0
2026-02-04T21:44:31.147518,1360,DOGE/FDUSD,PAPER,BUY,10.50591120430181,0.10304,1.0825290904912586,0.0010825290904912586,0,0,0.0
2026-02-04T21:44:31.163143,1360,LTC/FDUSD,PAPER,BUY,0.03694307966967614,58.7,2.168558776609989,0.002168558776609989,0,0,0.0
2026-02-04T21:45:48.716022,1361,ETH/FDUSD,PAPER,BUY,0.000160434796464326,2126.5,0.34116459468138927,0.0003411645946813893,0,0,0.0
2026-02-04T21:45:48.735591,1361,BNB/FDUSD,PAPER,BUY,0.0002037290262240088,702.43,0.1431053798905305,0.0001431053798905305,0,0,0.0
2026-02-04T21:45:48.756171,1361,ADA/FDUSD,PAPER,BUY,8.26506312776948,0.2847,2.353063472475971,0.002353063472475971,0,0,0.0
2026-02-04T21:45:48.772854,1361,DOGE/FDUSD,PAPER,BUY,9.686238133512234,0.10286,0.9963264544130683,0.0009963264544130684,0,0,0.0
2026-02-04T21:45:48.788491,1361,LTC/FDUSD,PAPER,BUY,0.03406189149936267,58.65,1.9977299364376206,0.0019977299364376208,0,0,0.0
2026-02-04T21:47:00.907752,1362,LTC/FDUSD,PAPER,BUY,0.033108158537380916,58.54,1.9381516007782789,0.0019381516007782788,0,0,0.0
2026-02-04T21:48:13.790159,1363,LTC/FDUSD,PAPER,BUY,0.03218113009833701,58.54,1.8838833559566484,0.0018838833559566483,0,0,0.0
2026-02-04T21:49:26.622038,1364,LTC/FDUSD,PAPER,BUY,0.0312800584555859,58.43,1.8276938155598843,0.0018276938155598844,0,0,0.0
2026-02-04T21:50:42.336348,1365,LTC/FDUSD,PAPER,BUY,0.03040421681883032,58.38,1.7749981778833142,0.0017749981778833143,0,0,0.0
2026-02-04T21:51:55.809779,1366,LTC/FDUSD,PAPER,BUY,0.02955289874790168,58.33,1.7238205839651048,0.0017238205839651048,0,0,0.0
2026-02-04T22:00:56.759830,1373,LINK/FDUSD,PAPER,SELL,2.334294129630798e-08,9.22,2.152219187519596e-07,2.1522191875195962e-10,0,0,0.0
2026-02-04T22:28:28.763919,1395,ETH/FDUSD,PAPER,BUY,0.00012721423719835867,2165.25,0.2754506270937461,0.0002754506270937461,0,0,0.0
2026-02-04T22:29:41.962181,1396,ETH/FDUSD,PAPER,BUY,0.00012722152375815865,2164.7,0.275396432479286,0.000275396432479286,0,0,0.0
2026-02-04T22:29:41.977807,1396,BNB/FDUSD,PAPER,BUY,0.00016212180111918606,702.79,0.11393758060855276,0.00011393758060855276,0,0,0.0
2026-02-04T22:29:42.004440,1396,ADA/FDUSD,PAPER,BUY,6.553090882427476,0.2893,1.8958091922862688,0.0018958091922862688,0,0,0.0
2026-02-04T22:29:42.020071,1396,DOGE/FDUSD,PAPER,BUY,7.6496668584877625,0.10474,0.8012261067580082,0.0008012261067580082,0,0,0.0
2026-02-04T22:29:42.035693,1396,LTC/FDUSD,PAPER,BUY,0.027048440051345324,59.47,1.6085707298535064,0.0016085707298535063,0,0,0.0
2026-02-04T22:30:54.288747,1397,LTC/FDUSD,PAPER,BUY,0.026313058891837215,59.47,1.5648376122975591,0.0015648376122975591,0,0,0.0
2026-02-04T22:56:36.937264,1418,LTC/FDUSD,PAPER,BUY,0.02552508950854815,58.7,1.4983227541517765,0.0014983227541517765,0,0,0.0
2026-02-04T22:57:50.017300,1419,BNB/FDUSD,PAPER,BUY,0.00014158089725013756,691.82,0.09794849633559018,9.794849633559017e-05,0,0,0.0
2026-02-04T22:57:50.037988,1419,ADA/FDUSD,PAPER,BUY,5.741987920396447,0.2842,1.6318729669766703,0.0016318729669766703,0,0,0.0
2026-02-04T22:57:50.056713,1419,LTC/FDUSD,PAPER,BUY,0.023968421709000154,58.51,1.402392354193599,0.001402392354193599,0,0,0.0
2026-02-04T22:59:02.881828,1420,ADA/FDUSD,PAPER,BUY,5.411773543437079,0.2833,1.5331554448557243,0.0015331554448557243,0,0,0.0
2026-02-04T22:59:02.897446,1420,LTC/FDUSD,PAPER,BUY,0.02260080955043975,58.43,1.3205653020321946,0.0013205653020321945,0,0,0.0
2026-02-04T23:00:21.011382,1421,ADA/FDUSD,PAPER,BUY,5.095371740651885,0.2833,1.443518814126679,0.001443518814126679,0,0,0.0
2026-02-04T23:00:21.027019,1421,LTC/FDUSD,PAPER,BUY,0.021265011302773473,58.43,1.242514610421054,0.001242514610421054,0,0,0.0
2026-02-04T23:01:34.163488,1422,BNB/FDUSD,PAPER,BUY,0.00011792031073676323,692.16,0.08161972227955804,8.161972227955804e-05,0,0,0.0
2026-02-04T23:01:34.188622,1422,ADA/FDUSD,PAPER,BUY,4.7813815449939625,0.2833,1.3545653916967895,0.0013545653916967894,0,0,0.0
2026-02-04T23:02:47.522539,1423,BNB/FDUSD,PAPER,BUY,0.00011393986879382201,691.68,0.0788099284473108,7.88099284473108e-05,0,0,0.0
2026-02-04T23:02:47.545142,1423,ADA/FDUSD,PAPER,BUY,4.619120580883049,0.2834,1.309058772622256,0.001309058772622256,0,0,0.0
2026-02-04T23:02:47.562062,1423,LTC/FDUSD,PAPER,BUY,0.019284060244508794,58.43,1.1267676400866489,0.001126767640086649,0,0,0.0
2026-02-04T23:04:00.564416,1424,ADA/FDUSD,PAPER,BUY,4.346112078070533,0.2834,1.231688162925189,0.001231688162925189,0,0,0.0
2026-02-04T23:04:00.595666,1424,LTC/FDUSD,PAPER,BUY,0.018144295147820344,58.43,1.0601711654871426,0.0010601711654871426,0,0,0.0
2026-02-04T23:05:14.224980,1425,BNB/FDUSD,PAPER,BUY,0.00010075232929795952,691.59,0.06967930341917583,6.967930341917583e-05,0,0,0.0
2026-02-04T23:05:14.240615,1425,LTC/FDUSD,PAPER,BUY,0.01760098237391361,58.43,1.0284254001077722,0.0010284254001077721,0,0,0.0
2026-02-04T23:06:28.026052,1426,ETH/FDUSD,PAPER,BUY,7.668203225552617e-05,2118.99,0.16248845952913737,0.00016248845952913736,0,0,0.0
2026-02-04T23:06:28.041659,1426,BNB/FDUSD,PAPER,BUY,9.738605313058812e-05,691.43,0.06733563871608254,6.733563871608255e-05,0,0,0.0
2026-02-04T23:06:28.072909,1426,ADA/FDUSD,PAPER,BUY,3.952445428323358,0.2834,1.1201230343868396,0.0011201230343868395,0,0,0.0
2026-02-04T23:06:28.088531,1426,DOGE/FDUSD,PAPER,BUY,4.614732068970625,0.1027,0.47393298348328317,0.0004739329834832832,0,0,0.0
2026-02-04T23:06:28.119780,1426,DOT/FDUSD,PAPER,BUY,0.7390599345167175,1.45,1.0716369050492403,0.0010716369050492404,0,0,0.0
2026-02-04T23:06:28.142686,1426,LTC/FDUSD,PAPER,BUY,0.015742659330832964,58.43,0.9198435847005701,0.0009198435847005701,0,0,0.0
2026-02-04T23:07:41.315573,1427,BNB/FDUSD,PAPER,BUY,8.733212928591083e-05,693.36,0.06055260516167914,6.055260516167914e-05,0,0,0.0
2026-02-04T23:07:41.331592,1427,ADA/FDUSD,PAPER,BUY,3.5434074924640555,0.2839,1.0059733871105454,0.0010059733871105455,0,0,0.0
2026-02-04T23:08:53.658392,1428,ETH/FDUSD,PAPER,BUY,6.625639922674953e-05,2129.57,0.141097640101309,0.00014109764010130903,0,0,0.0
2026-02-04T23:08:53.673397,1428,BNB/FDUSD,PAPER,BUY,8.405909899122932e-05,693.71,0.058312637561205694,5.831263756120569e-05,0,0,0.0
2026-02-04T23:08:53.704654,1428,ADA/FDUSD,PAPER,BUY,3.4083429768583358,0.2845,0.9696735769161965,0.0009696735769161966,0,0,0.0
2026-02-04T23:08:53.720289,1428,XRP/FDUSD,PAPER,BUY,0.5761526434374105,1.5131,0.8717765647851458,0.0008717765647851457,0,0,0.0
2026-02-04T23:08:53.736398,1428,DOGE/FDUSD,PAPER,BUY,3.8641964636044577,0.10312,0.3984759393268917,0.0003984759393268917,0,0,0.0
2026-02-04T23:10:07.521371,1429,ETH/FDUSD,PAPER,BUY,6.113024131487732e-05,2125.43,0.1299280487978797,0.0001299280487978797,0,0,0.0
2026-02-04T23:10:07.539922,1429,BNB/FDUSD,PAPER,BUY,7.739942133266897e-05,692.51,0.05359987326708659,5.359987326708659e-05,0,0,0.0
2026-02-04T23:10:07.558742,1429,ADA/FDUSD,PAPER,BUY,3.1387582534429583,0.2845,0.8929767231045216,0.0008929767231045217,0,0,0.0
2026-02-04T23:10:07.575933,1429,LTC/FDUSD,PAPER,BUY,0.013080939457424279,58.43,0.7643192924973006,0.0007643192924973005,0,0,0.0
2026-02-04T23:11:20.443649,1430,BNB/FDUSD,PAPER,BUY,7.268208162547474e-05,693.5,0.05040502360726673,5.040502360726673e-05,0,0,0.0
2026-02-04T23:11:20.459253,1430,ADA/FDUSD,PAPER,BUY,2.947338595460195,0.2845,0.8385178304084254,0.0008385178304084254,0,0,0.0
2026-02-04T23:12:37.437448,1431,ADA/FDUSD,PAPER,BUY,2.8569173445206673,0.2845,0.8127929845161298,0.0008127929845161299,0,0,0.0
2026-02-04T23:12:37.468673,1431,LTC/FDUSD,PAPER,BUY,0.011912092966177568,58.43,0.6960235920137553,0.0006960235920137553,0,0,0.0
2026-02-04T23:13:50.882337,1432,ETH/FDUSD,PAPER,BUY,5.219189827765369e-05,2131.67,0.11125590380152604,0.00011125590380152604,0,0,0.0
2026-02-04T23:13:50.906953,1432,BNB/FDUSD,PAPER,BUY,6.604519865005543e-05,694.06,0.045839330575057465,4.583933057505747e-05,0,0,0.0
2026-02-04T23:13:50.938784,1432,LTC/FDUSD,PAPER,BUY,0.011528579913829162,58.53,0.6747677823564209,0.0006747677823564209,0,0,0.0
2026-02-04T23:15:05.003634,1433,LTC/FDUSD,PAPER,BUY,0.011200123048446642,58.53,0.6555432020255819,0.0006555432020255819,0,0,0.0
2026-02-04T23:19:58.616696,1437,LTC/FDUSD,PAPER,BUY,0.010908545945227388,59.04,0.644040552606225,0.000644040552606225,0,0,0.0
2026-02-04T23:34:54.373033,1449,LTC/FDUSD,PAPER,BUY,0.01058882397594374,58.98,0.6245288381011618,0.0006245288381011618,0,0,0.0
2026-02-04T23:37:25.748363,1451,DOT/FDUSD,PAPER,BUY,1.2095165179275682,1.469,1.7767797648355979,0.0017767797648355979,0,0,0.0
2026-02-04T23:37:25.780787,1451,LTC/FDUSD,PAPER,BUY,0.009491986507981665,58.98,0.5598373642407586,0.0005598373642407586,0,0,0.0
2026-02-04T23:38:38.030357,1452,ETH/FDUSD,PAPER,BUY,4.167603048083057e-05,2158.51,0.08995812855317761,8.995812855317762e-05,0,0,0.0
2026-02-04T23:38:38.045957,1452,BNB/FDUSD,PAPER,BUY,5.2587530171677166e-05,700.68,0.03684703064069075,3.684703064069075e-05,0,0,0.0
2026-02-04T23:38:38.076588,1452,ADA/FDUSD,PAPER,BUY,2.1426157390740173,0.2876,0.6162162865576875,0.0006162162865576875,0,0,0.0
2026-02-04T23:38:38.092216,1452,DOGE/FDUSD,PAPER,BUY,17.04293163967668,0.10434,1.7782594872838648,0.0017782594872838649,0,0,0.0
2026-02-04T23:38:38.107841,1452,DOT/FDUSD,PAPER,BUY,0.9440063218353316,1.469,1.3867452867761023,0.0013867452867761024,0,0,0.0
2026-02-04T23:38:38.123465,1452,LTC/FDUSD,PAPER,BUY,0.007395503869830122,58.98,0.4361868182425806,0.0004361868182425806,0,0,0.0
2026-02-04T23:54:34.102956,1465,ETH/FDUSD,PAPER,BUY,3.276968949805781e-05,2156.66,0.07067307855288135,7.067307855288136e-05,0,0,0.0
2026-02-04T23:54:34.118558,1465,DOGE/FDUSD,PAPER,BUY,2.031948401021509,0.10432,0.21197285719456382,0.00021197285719456383,0,0,0.0
2026-02-04T23:54:34.134182,1465,LTC/FDUSD,PAPER,BUY,0.007140674674950276,59.1,0.4220138732895613,0.0004220138732895613,0,0,0.0
2026-02-05T00:12:54.549168,1480,ADA/FDUSD,PAPER,BUY,1.6235101576059634,0.2858,0.46399920304378434,0.00046399920304378436,0,0,0.0
2026-02-05T00:12:54.552722,1480,LTC/FDUSD,PAPER,BUY,0.0067639029123043315,58.8,0.39771749124349465,0.0003977174912434947,0,0,0.0
2026-02-05T01:14:08.239467,1530,LTC/FDUSD,PAPER,BUY,0.006626029060569749,59.24,0.39252596154815195,0.00039252596154815193,0,0,0.0
2026-02-05T01:15:25.812613,1531,LTC/FDUSD,PAPER,BUY,0.006451734330681802,59.24,0.38220074174958996,0.00038220074174958994,0,0,0.0
2026-02-05T03:00:14.989892,1615,LTC/FDUSD,PAPER,BUY,0.006078129292511392,58.29,0.354294156460489,0.000354294156460489,0,0,0.0
2026-02-05T03:01:29.294069,1616,LTC/FDUSD,PAPER,BUY,0.005907941672326444,58.34,0.3446693171635248,0.0003446693171635248,0,0,0.0
2026-02-05T03:02:42.245353,1617,LTC/FDUSD,PAPER,BUY,0.005742519305499627,58.58,0.33639678091616815,0.00033639678091616814,0,0,0.0
2026-02-05T03:03:54.725459,1618,ADA/FDUSD,PAPER,BUY,1.3015690393593076,0.2856,0.37172811764101826,0.0003717281176410183,0,0,0.0
2026-02-05T03:03:54.741082,1618,LTC/FDUSD,PAPER,BUY,0.005417768439400561,58.58,0.31737287518008483,0.0003173728751800848,0,0,0.0
2026-02-05T03:05:08.577754,1619,LTC/FDUSD,PAPER,BUY,0.005266963780151457,58.58,0.3085387382412723,0.00030853873824127233,0,0,0.0
2026-02-05T03:06:22.061491,1620,LTC/FDUSD,PAPER,BUY,0.005119488794306903,58.58,0.2998996535704984,0.0002998996535704984,0,0,0.0
2026-02-05T03:07:40.073255,1621,ADA/FDUSD,PAPER,BUY,1.159821855419466,0.2845,0.32996931786683803,0.00032996931786683805,0,0,0.0
2026-02-05T03:07:40.091871,1621,LTC/FDUSD,PAPER,BUY,0.004816906528610332,58.15,0.2801031146386908,0.0002801031146386908,0,0,0.0
2026-02-05T03:08:54.238461,1622,ADA/FDUSD,PAPER,BUY,1.0912717444767566,0.2854,0.31144895587366633,0.00031144895587366633,0,0,0.0
2026-02-05T03:08:54.266149,1622,LTC/FDUSD,PAPER,BUY,0.004532208085144873,58.43,0.2648169184150149,0.0002648169184150149,0,0,0.0
2026-02-05T03:10:07.521608,1623,LTC/FDUSD,PAPER,BUY,0.004405306258760788,58.7,0.2585914773892583,0.0002585914773892583,0,0,0.0
2026-02-05T03:14:57.686089,1627,XRP/FDUSD,PAPER,BUY,0.1768325318168138,1.4565,0.2575565825911893,0.0002575565825911893,0,0,0.0
2026-02-05T03:16:10.656000,1628,BNB/FDUSD,PAPER,BUY,2.463237148531139e-05,694.31,0.01710250184596655,1.710250184596655e-05,0,0,0.0
2026-02-05T03:16:10.687266,1628,ADA/FDUSD,PAPER,BUY,0.9701723075871627,0.284,0.27552893535475415,0.00027552893535475414,0,0,0.0
2026-02-05T03:16:10.702890,1628,XRP/FDUSD,PAPER,BUY,0.1662825328290296,1.4506,0.24120944212179032,0.00024120944212179034,0,0,0.0
2026-02-05T03:16:10.718514,1628,DOGE/FDUSD,PAPER,BUY,1.1034423834971676,0.10264,0.11325732624214928,0.00011325732624214928,0,0,0.0
2026-02-05T03:21:09.108802,1632,DOGE/FDUSD,PAPER,BUY,1.0910359168738069,0.10365,0.11308587278397009,0.00011308587278397009,0,0,0.0
2026-02-05T03:22:21.534042,1633,DOGE/FDUSD,PAPER,BUY,1.0766955951185082,0.1033,0.1112226549757419,0.0001112226549757419,0,0,0.0
2026-02-05T03:22:21.542068,1633,LTC/FDUSD,PAPER,BUY,0.0037423975931076825,58.7,0.21967873871542098,0.00021967873871542098,0,0,0.0
2026-02-05T03:23:34.590751,1634,ETH/FDUSD,PAPER,BUY,1.658652204855615e-05,2124.46,0.0352374026312756,3.5237402631275605e-05,0,0,0.0
2026-02-05T03:23:34.610624,1634,DOGE/FDUSD,PAPER,BUY,1.0284702162643953,0.10339,0.10633353565957582,0.00010633353565957582,0,0,0.0
2026-02-05T03:23:34.631081,1634,LTC/FDUSD,PAPER,BUY,0.003572376243710096,58.7,0.20969848550578263,0.00020969848550578263,0,0,0.0
2026-02-05T03:24:47.051159,1635,DOGE/FDUSD,PAPER,BUY,0.9866308940727322,0.10334,0.10195843659347614,0.00010195843659347615,0,0,0.0
2026-02-05T03:37:04.239071,1645,ETH/FDUSD,PAPER,BUY,1.5770860584796154e-05,2108.18,0.03324781286765555,3.324781286765555e-05,0,0,0.0
2026-02-05T03:37:04.255090,1645,BNB/FDUSD,PAPER,BUY,2.034545222973083e-05,694.68,0.014133578754949413,1.4133578754949413e-05,0,0,0.0
2026-02-05T03:37:04.270730,1645,ADA/FDUSD,PAPER,BUY,0.8013612469727605,0.2836,0.22726604964147487,0.00022726604964147488,0,0,0.0
2026-02-05T03:37:04.301977,1645,XRP/FDUSD,PAPER,BUY,0.13679761699816595,1.4462,0.19783671370274758,0.00019783671370274757,0,0,0.0
2026-02-05T03:37:04.317601,1645,DOGE/FDUSD,PAPER,BUY,0.911765113054571,0.10274,0.09367474771522662,9.367474771522662e-05,0,0,0.0
2026-02-05T03:37:04.348850,1645,LTC/FDUSD,PAPER,BUY,0.003154548723323103,58.39,0.184194099954836,0.00018419409995483599,0,0,0.0
2026-02-05T03:38:17.096125,1646,BNB/FDUSD,PAPER,BUY,1.827546678101477e-05,694.55,0.012693225452753809,1.2693225452753809e-05,0,0,0.0
2026-02-05T03:38:17.119053,1646,ADA/FDUSD,PAPER,BUY,0.7202015045907189,0.2836,0.20424914670192787,0.00020424914670192788,0,0,0.0
2026-02-05T03:38:17.137061,1646,LTC/FDUSD,PAPER,BUY,0.0029677321500827247,58.24,0.17284072042081788,0.0001728407204208179,0,0,0.0
2026-02-05T03:48:08.572409,1654,BNB/FDUSD,PAPER,BUY,1.734776057038534e-05,695.62,0.01206744920797145,1.206744920797145e-05,0,0,0.0
2026-02-05T03:48:08.588031,1654,ADA/FDUSD,PAPER,BUY,0.6829942768067667,0.2835,0.19362887747471835,0.00019362887747471834,0,0,0.0
2026-02-05T03:48:08.621559,1654,DOGE/FDUSD,PAPER,BUY,0.7998426897065656,0.10285,0.08226382063632026,8.226382063632026e-05,0,0,0.0
2026-02-05T03:48:08.627286,1654,LTC/FDUSD,PAPER,BUY,0.002766632476479458,58.44,0.16168200192545953,0.00016168200192545954,0,0,0.0
2026-02-05T03:50:34.995238,1656,BNB/FDUSD,PAPER,BUY,1.6171047519941695e-05,695.9,0.011253431969127425,1.1253431969127425e-05,0,0,0.0
2026-02-05T03:51:47.776041,1657,BNB/FDUSD,PAPER,BUY,1.616843887020103e-05,694.87,0.01123496311773659,1.123496311773659e-05,0,0,0.0
2026-02-05T03:53:00.724188,1658,BNB/FDUSD,PAPER,BUY,1.6131655624862518e-05,694.41,0.01120198298246078,1.120198298246078e-05,0,0,0.0
2026-02-05T04:10:13.971983,1672,LTC/FDUSD,PAPER,BUY,0.002647562894672717,58.45,0.1547500511936203,0.00015475005119362033,0,0,0.0
2026-02-05T04:11:27.636667,1673,LTC/FDUSD,PAPER,BUY,0.0025734311336265137,58.47,0.15046851838314226,0.00015046851838314228,0,0,0.0
2026-02-05T04:12:41.741134,1674,LTC/FDUSD,PAPER,BUY,0.002501375061882527,58.32,0.145880193608989,0.00014588019360898898,0,0,0.0
2026-02-05T04:13:55.076278,1675,LTC/FDUSD,PAPER,BUY,0.0024313365601500436,58.32,0.14179554818795054,0.00014179554818795055,0,0,0.0
2026-02-05T04:15:07.807505,1676,LTC/FDUSD,PAPER,BUY,0.002363259136465956,58.14,0.13739988619413068,0.00013739988619413068,0,0,0.0
2026-02-05T04:16:20.355753,1677,BNB/FDUSD,PAPER,BUY,1.3921371022407314e-05,692.57,0.009641523928988633,9.641523928988633e-06,0,0,0.0
2026-02-05T04:16:20.371383,1677,LTC/FDUSD,PAPER,BUY,0.002297974393385971,58.12,0.1335582717435926,0.00013355827174359262,0,0,0.0
2026-02-05T04:17:33.676303,1678,LTC/FDUSD,PAPER,BUY,0.0022386006815580117,58.12,0.13010747161215164,0.00013010747161215164,0,0,0.0
2026-02-05T04:18:48.132522,1679,LTC/FDUSD,PAPER,BUY,0.002175919862473563,58.12,0.1264644624069635,0.00012646446240696348,0,0,0.0
2026-02-05T04:20:00.995013,1680,LTC/FDUSD,PAPER,BUY,0.002114994106321433,58.32,0.12334645628066596,0.00012334645628066595,0,0,0.0
2026-02-05T04:21:19.416325,1681,LTC/FDUSD,PAPER,BUY,0.0020557742713478433,58.45,0.12016000616028144,0.00012016000616028145,0,0,0.0
2026-02-05T04:22:32.162057,1682,LTC/FDUSD,PAPER,BUY,0.0019982125917508142,58.45,0.1167955259878351,0.00011679552598783511,0,0,0.0
2026-02-05T04:23:48.391768,1683,LTC/FDUSD,PAPER,BUY,0.0019422626391758513,58.45,0.11352525125982851,0.00011352525125982852,0,0,0.0
2026-02-05T04:25:00.740883,1684,LTC/FDUSD,PAPER,BUY,0.001887879285284555,58.45,0.11034654422488224,0.00011034654422488224,0,0,0.0
2026-02-05T04:59:27.797098,1711,ADA/FDUSD,PAPER,BUY,0.4290521833259362,0.2833,0.12155048353623772,0.00012155048353623773,0,0,0.0
2026-02-05T04:59:27.813951,1711,LTC/FDUSD,PAPER,BUY,0.0017669236655351028,58.08,0.10262292649427877,0.00010262292649427878,0,0,0.0
2026-02-05T05:00:40.775054,1712,ADA/FDUSD,PAPER,BUY,0.403693483082634,0.2833,0.1143663637573102,0.0001143663637573102,0,0,0.0
2026-02-05T05:00:40.798144,1712,XRP/FDUSD,PAPER,BUY,0.0695956394388304,1.4484,0.10080232416320195,0.00010080232416320195,0,0,0.0
2026-02-05T05:00:40.813772,1712,LTC/FDUSD,PAPER,BUY,0.0016126166669323538,58.08,0.0936607760154311,9.366077601543111e-05,0,0,0.0
2026-02-05T05:01:53.329114,1713,LTC/FDUSD,PAPER,BUY,0.0015674634002564858,58.22,0.0912577191629326,9.12577191629326e-05,0,0,0.0
2026-02-05T05:03:06.007875,1714,LTC/FDUSD,PAPER,BUY,0.0015235744250503558,58.22,0.0887025030264317,8.870250302643171e-05,0,0,0.0
2026-02-05T05:04:18.223985,1715,LTC/FDUSD,PAPER,BUY,0.0014809143411511627,58.19,0.08617440551158616,8.617440551158616e-05,0,0,0.0
2026-02-05T05:05:31.497469,1716,LTC/FDUSD,PAPER,BUY,0.0014394487395961164,58.27,0.08387667805626571,8.387667805626571e-05,0,0,0.0
2026-02-05T05:06:44.898993,1717,LTC/FDUSD,PAPER,BUY,0.0013991441748899547,58.27,0.08152813107083766,8.152813107083766e-05,0,0,0.0
2026-02-05T05:12:53.574632,1722,XRP/FDUSD,PAPER,BUY,0.05725887487975001,1.4492,0.08297956147573372,8.297956147573372e-05,0,0,0.0
2026-02-05T05:25:08.629580,1732,XRP/FDUSD,PAPER,BUY,0.05574247964625556,1.4366,0.08007964625981075,8.007964625981075e-05,0,0,0.0
2026-02-05T05:34:50.280494,1740,LTC/FDUSD,PAPER,BUY,0.0012743871277649532,57.8,0.07365957598481429,7.36595759848143e-05,0,0,0.0
2026-02-05T05:36:07.827932,1741,BNB/FDUSD,PAPER,BUY,7.525176587863669e-06,692.57,0.005211711549456741,5.211711549456741e-06,0,0,0.0
2026-02-05T05:36:07.857083,1741,XRP/FDUSD,PAPER,BUY,0.053017107973857946,1.4409,0.07639235087953192,7.639235087953191e-05,0,0,0.0
2026-02-05T05:36:07.872980,1741,DOGE/FDUSD,PAPER,BUY,0.3427276677575719,0.10204,0.03497193121798264,3.4971931217982636e-05,0,0,0.0
2026-02-05T05:36:07.886004,1741,LTC/FDUSD,PAPER,BUY,0.0011879919519159898,57.8,0.0686659348207442,6.86659348207442e-05,0,0,0.0
2026-02-05T06:01:49.499765,1762,ETH/FDUSD,PAPER,BUY,5.298102353612499e-06,2109.27,0.011175128351404237,1.1175128351404236e-05,0,0,0.0
2026-02-05T06:01:49.519121,1762,LTC/FDUSD,PAPER,BUY,0.001149339445767339,58.25,0.06694902271594749,6.694902271594749e-05,0,0,0.0
2026-02-05T06:25:21.830243,1781,LTC/FDUSD,PAPER,BUY,0.0011175387040509577,57.74,0.06452668477190229,6.45266847719023e-05,0,0,0.0
2026-02-05T06:26:35.015052,1782,LTC/FDUSD,PAPER,BUY,0.0010877305522427605,57.74,0.062805562086497,6.2805562086497e-05,0,0,0.0
2026-02-05T06:27:48.382939,1783,LTC/FDUSD,PAPER,BUY,0.0010572740967802474,57.69,0.06099414264325247,6.0994142643252474e-05,0,0,0.0
2026-02-05T06:29:02.734391,1784,LTC/FDUSD,PAPER,BUY,0.0010290753030304245,57.6,0.05927473745455245,5.927473745455246e-05,0,0,0.0
2026-02-05T06:30:15.765531,1785,LTC/FDUSD,PAPER,BUY,0.0010012878054155294,57.62,0.0576942033480428,5.7694203348042804e-05,0,0,0.0
2026-02-05T08:13:35.363085,1868,LTC/FDUSD,PAPER,BUY,0.0009828346367513063,57.78,0.056788185311490484,5.678818531149048e-05,0,0,0.0
2026-02-05T08:14:48.361672,1869,LTC/FDUSD,PAPER,BUY,0.0009582949367938909,57.78,0.05537028144795102,5.537028144795102e-05,0,0,0.0
2026-02-05T08:16:00.697884,1870,LTC/FDUSD,PAPER,BUY,0.0009314626785652536,57.83,0.053866486701428615,5.386648670142862e-05,0,0,0.0
2026-02-05T08:27:04.432805,1879,ADA/FDUSD,PAPER,BUY,0.21326358884395802,0.28,0.05971380487630825,5.971380487630825e-05,0,0,0.0
2026-02-05T08:38:05.666086,1888,ADA/FDUSD,PAPER,BUY,0.20732770129221478,0.2821,0.0584871445345338,5.84871445345338e-05,0,0,0.0
2026-02-05T08:38:05.681693,1888,LTC/FDUSD,PAPER,BUY,0.0008514627784848017,58.33,0.04966582386901848,4.966582386901848e-05,0,0,0.0
2026-02-05T08:39:21.020510,1889,LTC/FDUSD,PAPER,BUY,0.0008276218206901831,58.33,0.04827518080085838,4.827518080085838e-05,0,0,0.0
2026-02-05T08:40:34.611272,1890,LTC/FDUSD,PAPER,BUY,0.0008044484097098348,58.33,0.04692347573837466,4.6923475738374663e-05,0,0,0.0
2026-02-05T08:41:52.585327,1891,LTC/FDUSD,PAPER,BUY,0.0007819238542339235,58.33,0.045609618417464755,4.5609618417464756e-05,0,0,0.0
2026-02-05T08:43:06.201042,1892,LTC/FDUSD,PAPER,BUY,0.000760029986317079,58.33,0.044332549101875215,4.433254910187522e-05,0,0,0.0
2026-02-05T08:44:19.548693,1893,LTC/FDUSD,PAPER,BUY,0.0007387491466985807,58.33,0.04309123772692821,4.309123772692821e-05,0,0,0.0
2026-02-05T09:07:38.068225,1912,LTC/FDUSD,PAPER,BUY,0.0007133498585076836,58.19,0.04150982826656211,4.150982826656211e-05,0,0,0.0
2026-02-05T09:16:09.668858,1919,ETH/FDUSD,PAPER,BUY,3.1980873679837707e-06,2139.21,0.0068413804784645624,6.841380478464563e-06,0,0,0.0
2026-02-05T09:16:09.684477,1919,ADA/FDUSD,PAPER,BUY,0.16339225278078118,0.2826,0.04617465063584877,4.617465063584877e-05,0,0,0.0
2026-02-05T09:16:09.700101,1919,DOGE/FDUSD,PAPER,BUY,0.19106171917519532,0.10275,0.019631591645251318,1.9631591645251318e-05,0,0,0.0
2026-02-05T09:16:09.721627,1919,LTC/FDUSD,PAPER,BUY,0.0006617901707386409,58.44,0.038675017577966174,3.8675017577966174e-05,0,0,0.0
2026-02-05T09:17:22.435154,1920,LTC/FDUSD,PAPER,BUY,0.0006432600459618243,58.63,0.03771433649474176,3.7714336494741764e-05,0,0,0.0
2026-02-05T09:18:40.212955,1921,LTC/FDUSD,PAPER,BUY,0.0006252487646776217,58.63,0.03665833507304896,3.6658335073048965e-05,0,0,0.0
2026-02-05T09:19:53.146666,1922,LTC/FDUSD,PAPER,BUY,0.0006077417992642609,58.63,0.03563190169086362,3.5631901690863615e-05,0,0,0.0
2026-02-05T09:21:06.354090,1923,LTC/FDUSD,PAPER,BUY,0.0005907250288856858,58.45,0.03452787793836833,3.4527877938368336e-05,0,0,0.0
2026-02-05T09:27:11.595827,1928,ADA/FDUSD,PAPER,BUY,0.1352085926197617,0.2815,0.03806121882246292,3.806121882246292e-05,0,0,0.0
2026-02-05T09:49:17.596837,1946,LTC/FDUSD,PAPER,BUY,0.0005502708567632908,58.1,0.0319707367779472,3.19707367779472e-05,0,0,0.0
2026-02-05T09:50:30.306165,1947,LTC/FDUSD,PAPER,BUY,0.000534863272775965,58.1,0.031075556148283567,3.107555614828357e-05,0,0,0.0
2026-02-05T09:51:43.093098,1948,LTC/FDUSD,PAPER,BUY,0.0005198871011415918,58.1,0.030205440576326483,3.0205440576326482e-05,0,0,0.0
2026-02-05T09:52:56.277330,1949,LTC/FDUSD,PAPER,BUY,0.0005053302623068134,58.1,0.029359688240025862,2.9359688240025864e-05,0,0,0.0
2026-02-05T09:54:09.078799,1950,LTC/FDUSD,PAPER,BUY,0.0004911810149650364,58.1,0.028537616969468615,2.8537616969468615e-05,0,0,0.0
2026-02-05T10:11:26.057087,1964,XRP/FDUSD,PAPER,BUY,0.020961920681116908,1.4011,0.0293697470663129,2.93697470663129e-05,0,0,0.0
2026-02-05T10:24:59.804925,1975,DOGE/FDUSD,PAPER,BUY,0.13272304099155008,0.10158,0.013482006503921657,1.3482006503921658e-05,0,0,0.0
2026-02-05T10:26:12.688253,1976,ETH/FDUSD,PAPER,BUY,2.0839951431761428e-06,2139.92,0.0044595828867854915,4.459582886785491e-06,0,0,0.0
2026-02-05T10:26:12.727733,1976,ADA/FDUSD,PAPER,BUY,0.10825548877687652,0.2805,0.030365664601913867,3.036566460191387e-05,0,0,0.0
2026-02-05T10:26:12.729989,1976,XRP/FDUSD,PAPER,BUY,0.019508624618310932,1.4044,0.027397912413955876,2.7397912413955877e-05,0,0,0.0
2026-02-05T10:26:12.761395,1976,DOGE/FDUSD,PAPER,BUY,0.12295752755744616,0.10146,0.012475270745978486,1.2475270745978486e-05,0,0,0.0
2026-02-05T10:26:12.779184,1976,LTC/FDUSD,PAPER,BUY,0.00042302776837033207,58.15,0.02459906473073481,2.459906473073481e-05,0,0,0.0
2026-02-05T10:27:25.535475,1977,ADA/FDUSD,PAPER,BUY,0.0977683948275967,0.2805,0.027424034749140874,2.7424034749140875e-05,0,0,0.0
2026-02-05T10:27:25.554929,1977,DOGE/FDUSD,PAPER,BUY,0.11416102488874458,0.10151,0.011588485636456463,1.1588485636456464e-05,0,0,0.0
2026-02-05T10:27:25.571614,1977,LTC/FDUSD,PAPER,BUY,0.0003932681283771444,58.15,0.022868541665130946,2.2868541665130947e-05,0,0,0.0
2026-02-05T10:28:37.958494,1978,ETH/FDUSD,PAPER,BUY,1.7328390795601223e-06,2141.14,0.00371025106680936,3.71025106680936e-06,0,0,0.0
2026-02-05T10:28:37.976715,1978,BNB/FDUSD,PAPER,BUY,2.2602186998677e-06,699.73,0.0015815428308584257,1.5815428308584257e-06,0,0,0.0
2026-02-05T10:28:37.981731,1978,ADA/FDUSD,PAPER,BUY,0.09009819946842867,0.2805,0.025272544950894246,2.5272544950894246e-05,0,0,0.0
2026-02-05T10:28:38.012979,1978,XRP/FDUSD,PAPER,BUY,0.01625582582440188,1.4075,0.022880074847845648,2.288007484784565e-05,0,0,0.0
2026-02-05T10:28:38.028618,1978,DOGE/FDUSD,PAPER,BUY,0.1022208652466361,0.1015,0.010375417822533563,1.0375417822533563e-05,0,0,0.0
2026-02-05T10:28:38.044242,1978,LTC/FDUSD,PAPER,BUY,0.0003514818711423118,58.15,0.02043867080692543,2.0438670806925428e-05,0,0,0.0
2026-02-05T10:29:50.787288,1979,ADA/FDUSD,PAPER,BUY,0.08107862660051524,0.2805,0.022742554761444527,2.274255476144453e-05,0,0,0.0
2026-02-05T10:29:50.818543,1979,LTC/FDUSD,PAPER,BUY,0.00033070788662570294,58.15,0.019230663607284624,1.9230663607284623e-05,0,0,0.0
2026-02-05T10:31:04.058536,1980,ADA/FDUSD,PAPER,BUY,0.07628655545391894,0.2805,0.021398378804824262,2.1398378804824264e-05,0,0,0.0
2026-02-05T10:31:04.089778,1980,LTC/FDUSD,PAPER,BUY,0.00031116172769429795,58.15,0.018094054465423424,1.8094054465423423e-05,0,0,0.0
2026-02-05T10:32:21.940751,1981,LTC/FDUSD,PAPER,BUY,0.00030244919931732284,58.11,0.01757532297232963,1.757532297232963e-05,0,0,0.0
2026-02-05T10:33:34.640077,1982,LTC/FDUSD,PAPER,BUY,0.00029398062174124107,58.11,0.017083213929383518,1.7083213929383518e-05,0,0,0.0
2026-02-05T10:42:08.057114,1989,ADA/FDUSD,PAPER,BUY,0.0676684944595678,0.2773,0.01876447351363815,1.876447351363815e-05,0,0,0.0
2026-02-05T10:43:20.452368,1990,ADA/FDUSD,PAPER,BUY,0.06564437460515649,0.277,0.01818349176562835,1.818349176562835e-05,0,0,0.0
2026-02-05T10:43:20.468006,1990,LTC/FDUSD,PAPER,BUY,0.0002672449631617724,57.79,0.015444086421118825,1.5444086421118827e-05,0,0,0.0
2026-02-05T10:44:38.932075,1991,LTC/FDUSD,PAPER,BUY,0.00025976210419287327,57.79,0.015011652001306146,1.5011652001306146e-05,0,0,0.0
2026-02-05T10:45:51.997982,1992,ADA/FDUSD,PAPER,BUY,0.06009993207915443,0.2766,0.016623641213094117,1.6623641213094116e-05,0,0,0.0
2026-02-05T10:45:52.014132,1992,LTC/FDUSD,PAPER,BUY,0.00024478975848296614,57.56,0.014090098498279531,1.4090098498279532e-05,0,0,0.0
2026-02-05T10:47:04.292055,1993,ADA/FDUSD,PAPER,BUY,0.05673151496114315,0.2761,0.015663571280771622,1.5663571280771623e-05,0,0,0.0
2026-02-05T10:47:04.307677,1993,XRP/FDUSD,PAPER,BUY,0.010258255216626821,1.385,0.014207683475028147,1.4207683475028148e-05,0,0,0.0
2026-02-05T10:47:04.323301,1993,DOGE/FDUSD,PAPER,BUY,0.06420818862898159,0.10035,0.006443291728918302,6.443291728918302e-06,0,0,0.0
2026-02-05T10:47:04.349520,1993,LTC/FDUSD,PAPER,BUY,0.0002202842847083275,57.45,0.012655332156493415,1.2655332156493416e-05,0,0,0.0
2026-02-05T10:48:17.548602,1994,BNB/FDUSD,PAPER,BUY,1.2705993307493557e-06,693.96,0.0008817451115668229,8.817451115668229e-07,0,0,0.0
2026-02-05T10:48:17.570031,1994,ADA/FDUSD,PAPER,BUY,0.05104225199420398,0.2757,0.014072348874802037,1.4072348874802037e-05,0,0,0.0
2026-02-05T10:48:17.587022,1994,XRP/FDUSD,PAPER,BUY,0.009236775767220706,1.3836,0.012780002951526568,1.2780002951526569e-05,0,0,0.0
2026-02-05T10:48:17.604012,1994,DOGE/FDUSD,PAPER,BUY,0.057716524413990555,0.10001,0.005772229606643195,5.772229606643195e-06,0,0,0.0
2026-02-05T10:48:17.615004,1994,LTC/FDUSD,PAPER,BUY,0.00019876419086273245,57.41,0.01141105219742947,1.141105219742947e-05,0,0,0.0
2026-02-05T10:49:29.932772,1995,ETH/FDUSD,PAPER,SELL,0.4309735793114912,2116.33,912.0823151042882,0.9120823151042883,0,0,0.0
2026-02-05T10:49:29.965675,1995,BNB/FDUSD,PAPER,SELL,0.5510956622204147,693.41,382.1352431402578,0.3821352431402578,0,0,0.0
2026-02-05T10:49:29.967091,1995,ADA/FDUSD,PAPER,SELL,120.59152733430997,0.2753,33.19884747513554,0.03319884747513554,0,0,0.0
2026-02-05T10:49:29.999608,1995,XRP/FDUSD,PAPER,SELL,242.83261833150667,1.3813,335.42469570131016,0.33542469570131017,0,0,0.0
2026-02-05T10:49:30.016646,1995,DOGE/FDUSD,PAPER,SELL,17426.040730569293,0.1001,1744.3466771299861,1.7443466771299863,0,0,0.0
2026-02-05T10:49:30.032286,1995,DOT/FDUSD,PAPER,SELL,2188.3626545632674,1.41,3085.5913429342068,3.085591342934207,0,0,0.0
2026-02-05T10:49:30.047896,1995,LTC/FDUSD,PAPER,SELL,49.40460780908504,57.41,2836.3185343195723,2.8363185343195725,0,0,0.0
2026-02-05T10:51:55.152205,1997,ETH/FDUSD,PAPER,BUY,0.022278079363865742,2112.71,47.067121052832796,0.0470671210528328,0,0,0.0
2026-02-05T10:51:55.169967,1997,ADA/FDUSD,PAPER,BUY,1121.961071932299,0.2745,307.97831424541613,0.30797831424541616,0,0,0.0
2026-02-05T10:51:55.185985,1997,XRP/FDUSD,PAPER,BUY,190.91289600000005,1.3706,261.6652152576001,0.2616652152576001,0,0,0.0
2026-02-05T10:51:55.201612,1997,LINK/FDUSD,PAPER,BUY,25.33539678310232,9.04,229.03198691924493,0.22903198691924492,0,0,0.0
2026-02-05T10:53:08.462815,1998,BNB/FDUSD,PAPER,BUY,0.6256128152867729,691.56,432.64879853972064,0.43264879853972066,0,0,0.0
2026-02-05T10:53:08.478435,1998,ADA/FDUSD,PAPER,BUY,984.0791739384495,0.2738,269.44087782434747,0.26944087782434745,0,0,0.0
2026-02-05T10:53:08.494058,1998,DOGE/FDUSD,PAPER,BUY,8022.544418567944,0.09966,799.5267767544814,0.7995267767544814,0,0,0.0
2026-02-05T10:53:08.509682,1998,LTC/FDUSD,PAPER,BUY,3.698904184253643,57.12,211.28140700456808,0.21128140700456807,0,0,0.0
2026-02-05T10:54:22.349794,1999,LTC/FDUSD,PAPER,BUY,3.5965902214475767,57.12,205.43723344908557,0.20543723344908557,0,0,0.0
2026-02-05T10:55:35.304655,2000,ADA/FDUSD,PAPER,SELL,14.040268305805057,0.2721,3.820357006009556,0.003820357006009556,0,0,0.0
2026-02-05T10:55:35.320284,2000,XRP/FDUSD,PAPER,SELL,31.818816000000027,1.3646,43.41995631360004,0.04341995631360004,0,0,0.0
2026-02-05T10:55:35.345121,2000,LINK/FDUSD,PAPER,SELL,22.295149169130042,9.0,200.65634252217038,0.20065634252217038,0,0,0.0
2026-02-05T11:00:31.488983,2004,BNB/FDUSD,PAPER,SELL,0.5839052942676547,692.05,404.0916588979304,0.4040916588979304,0,0,0.0
2026-02-05T11:00:31.504600,2004,ADA/FDUSD,PAPER,SELL,1645.7066490177556,0.2732,449.6070565116508,0.4496070565116508,0,0,0.0
2026-02-05T11:01:45.024722,2005,LINK/FDUSD,PAPER,SELL,1.297172315294838,9.0,11.674550837653541,0.01167455083765354,0,0,0.0
2026-02-05T11:02:59.437231,2006,ETH/FDUSD,PAPER,SELL,0.012030162856487501,2101.89,25.28607900642251,0.02528607900642251,0,0,0.0
2026-02-05T11:05:25.738728,2008,ADA/FDUSD,PAPER,SELL,351.0840851237879,0.2734,95.98638887284359,0.0959863888728436,0,0,0.0
2026-02-05T11:05:25.758293,2008,LINK/FDUSD,PAPER,SELL,1.069086183188829,9.0,9.621775648699462,0.009621775648699461,0,0,0.0
2026-02-05T11:06:39.946395,2009,DOGE/FDUSD,PAPER,SELL,3690.3704325412546,0.09982,368.37277657626805,0.36837277657626805,0,0,0.0
2026-02-05T11:17:46.010615,2018,BNB/FDUSD,PAPER,BUY,0.024796304401985034,690.36,17.11837670695439,0.01711837670695439,0,0,0.0
2026-02-05T11:17:46.026241,2018,LTC/FDUSD,PAPER,BUY,4.215525390510663,56.51,238.21933981775757,0.23821933981775759,0,0,0.0
2026-02-05T11:43:34.896776,2039,LINK/FDUSD,PAPER,SELL,0.41337999083301386,9.01,3.724553717405455,0.0037245537174054547,0,0,0.0
2026-02-05T12:09:22.247779,2060,DOT/FDUSD,PAPER,BUY,239.7623716121069,1.397,334.94803314211333,0.33494803314211335,0,0,0.0
2026-02-05T12:10:40.840057,2061,DOT/FDUSD,PAPER,BUY,229.85219358547317,1.392,319.95425347097864,0.31995425347097867,0,0,0.0
2026-02-05T12:11:53.507371,2062,DOT/FDUSD,PAPER,BUY,220.35163625060693,1.396,307.61088420584724,0.30761088420584726,0,0,0.0
2026-02-05T12:11:53.538595,2062,LTC/FDUSD,PAPER,BUY,3.573281690209633,56.36,201.39015606021493,0.20139015606021493,0,0,0.0
2026-02-05T12:13:05.978740,2063,DOT/FDUSD,PAPER,BUY,205.32894309758558,1.395,286.4338756211319,0.28643387562113193,0,0,0.0
2026-02-05T12:13:05.993763,2063,LTC/FDUSD,PAPER,BUY,3.3296696376979007,56.48,188.0597411371774,0.1880597411371774,0,0,0.0
2026-02-05T12:14:20.730762,2064,DOT/FDUSD,PAPER,BUY,191.46006474035823,1.395,267.08679031279974,0.26708679031279975,0,0,0.0
2026-02-05T12:14:20.746394,2064,LTC/FDUSD,PAPER,BUY,3.1026660804782082,56.54,175.42474019023788,0.17542474019023788,0,0,0.0
2026-02-05T12:15:33.376071,2065,DOT/FDUSD,PAPER,BUY,178.40708336661942,1.393,248.52106712970084,0.24852106712970085,0,0,0.0
2026-02-05T12:15:33.404421,2065,LTC/FDUSD,PAPER,BUY,2.8994719422926813,56.45,163.67519114242188,0.16367519114242188,0,0,0.0
2026-02-05T12:16:45.690533,2066,DOT/FDUSD,PAPER,BUY,166.58258453991903,1.387,231.0500447568677,0.2310500447568677,0,0,0.0
2026-02-05T12:16:45.706170,2066,LTC/FDUSD,PAPER,BUY,2.7017975431549353,56.2,151.84102192530736,0.15184102192530735,0,0,0.0
2026-02-05T12:17:59.103012,2067,DOT/FDUSD,PAPER,BUY,155.22565025632548,1.383,214.67707430449815,0.21467707430449814,0,0,0.0
2026-02-05T12:17:59.118634,2067,LTC/FDUSD,PAPER,BUY,2.5175997938528063,56.0,140.98558845575715,0.14098558845575715,0,0,0.0
2026-02-05T12:19:11.935760,2068,DOT/FDUSD,PAPER,BUY,144.64298632445025,1.384,200.18589307303913,0.20018589307303913,0,0,0.0
2026-02-05T12:19:11.951374,2068,LTC/FDUSD,PAPER,BUY,2.3459599103070943,55.95,131.25645698168194,0.13125645698168195,0,0,0.0
2026-02-05T12:20:25.303927,2069,DOT/FDUSD,PAPER,BUY,134.8733698157571,1.382,186.39499708537627,0.18639499708537627,0,0,0.0
2026-02-05T12:20:25.319545,2069,LTC/FDUSD,PAPER,BUY,2.186021747462,55.84,122.06745437827809,0.1220674543782781,0,0,0.0
2026-02-05T12:21:37.967774,2070,DOT/FDUSD,PAPER,BUY,125.67824295519813,1.38,173.4359752781734,0.1734359752781734,0,0,0.0
2026-02-05T12:21:38.000784,2070,LTC/FDUSD,PAPER,BUY,2.036987528807032,55.9,113.86760286031307,0.11386760286031307,0,0,0.0
2026-02-05T12:27:48.864654,2075,BNB/FDUSD,PAPER,BUY,0.011742126513996282,679.33,7.976778804753095,0.007976778804753094,0,0,0.0
2026-02-05T12:27:48.895902,2075,ADA/FDUSD,PAPER,BUY,462.47621682911347,0.2729,126.20975957266505,0.12620975957266506,0,0,0.0
2026-02-05T12:27:48.911526,2075,XRP/FDUSD,PAPER,BUY,79.266039760284,1.3729,108.8243459868939,0.1088243459868939,0,0,0.0
2026-02-05T12:27:48.927150,2075,DOGE/FDUSD,PAPER,BUY,526.005385866054,0.09873,51.93251174655551,0.05193251174655551,0,0,0.0
2026-02-05T12:27:48.942774,2075,DOT/FDUSD,PAPER,BUY,108.42627913697015,1.391,150.8209542795255,0.1508209542795255,0,0,0.0
2026-02-05T12:29:01.592911,2076,DOT/FDUSD,PAPER,BUY,103.94465959930858,1.395,145.00280014103546,0.14500280014103548,0,0,0.0
2026-02-05T12:30:14.896290,2077,DOT/FDUSD,PAPER,BUY,50.09704489103024,1.391,69.68498944342306,0.06968498944342306,0,0,0.0
2026-02-05T12:31:28.666644,2078,DOT/FDUSD,PAPER,BUY,0.26982775343367393,1.397,0.3769493715468425,0.0003769493715468425,0,0,0.0
2026-02-05T12:32:41.202269,2079,DOGE/FDUSD,PAPER,BUY,468.00644386212844,0.09857,46.131395171490006,0.04613139517149001,0,0,0.0
2026-02-05T12:33:54.001762,2080,DOGE/FDUSD,PAPER,BUY,461.8550762631521,0.0983,45.40035399666785,0.04540035399666786,0,0,0.0
2026-02-05T12:33:54.017379,2080,DOT/FDUSD,PAPER,BUY,1.956941594996806,1.388,2.7162349338555667,0.0027162349338555668,0,0,0.0
2026-02-05T12:33:54.033003,2080,LTC/FDUSD,PAPER,BUY,1.6039607069629085,55.99,89.80575998285325,0.08980575998285324,0,0,0.0
2026-02-05T12:35:13.296676,2081,BNB/FDUSD,PAPER,BUY,0.009254875042550584,678.62,6.280543301375677,0.006280543301375677,0,0,0.0
2026-02-05T12:35:13.327919,2081,DOGE/FDUSD,PAPER,BUY,441.8040583549955,0.09881,43.6546590060571,0.043654659006057105,0,0,0.0
2026-02-05T12:35:13.343543,2081,LTC/FDUSD,PAPER,BUY,1.53519301263605,56.1,86.12432800888242,0.08612432800888242,0,0,0.0
2026-02-05T12:36:26.590330,2082,ETH/FDUSD,PAPER,BUY,0.006809415456150268,2059.26,14.022356872232002,0.014022356872232003,0,0,0.0
2026-02-05T12:36:26.609847,2082,BNB/FDUSD,PAPER,BUY,0.00881274192978844,676.06,5.957942309052772,0.005957942309052772,0,0,0.0
2026-02-05T12:36:26.626836,2082,DOGE/FDUSD,PAPER,BUY,421.5798159181577,0.09842,41.491885482665076,0.041491885482665074,0,0,0.0
2026-02-05T12:38:52.175523,2084,DOT/FDUSD,PAPER,BUY,0.7609904908326826,1.393,1.0600597537299268,0.0010600597537299267,0,0,0.0
2026-02-05T12:47:27.243018,2091,BNB/FDUSD,PAPER,BUY,0.008697858217061497,675.97,5.87949121898706,0.005879491218987061,0,0,0.0
2026-02-05T12:48:56.444615,2092,ETH/FDUSD,PAPER,BUY,0.006709721455873629,2061.84,13.834372086578483,0.013834372086578483,0,0,0.0
2026-02-05T12:48:56.460237,2092,BNB/FDUSD,PAPER,BUY,0.00867304657674707,677.35,5.874688098759628,0.005874688098759628,0,0,0.0
2026-02-05T12:48:56.475862,2092,ADA/FDUSD,PAPER,BUY,341.6359680580316,0.2715,92.75416532775559,0.09275416532775559,0,0,0.0
2026-02-05T12:48:56.507108,2092,DOT/FDUSD,PAPER,BUY,1.9410528859129954,1.39,2.6980635114190634,0.0026980635114190635,0,0,0.0
2026-02-05T12:48:56.522733,2092,LTC/FDUSD,PAPER,BUY,1.4032944180111073,55.89,78.4301250226408,0.0784301250226408,0,0,0.0
2026-02-05T12:50:09.761275,2093,ETH/FDUSD,PAPER,BUY,0.006298656122792165,2063.08,12.99463147381006,0.01299463147381006,0,0,0.0
2026-02-05T12:50:09.794582,2093,BNB/FDUSD,PAPER,BUY,0.008113450186263055,677.04,5.493130314107538,0.005493130314107538,0,0,0.0
2026-02-05T12:50:09.811431,2093,ADA/FDUSD,PAPER,BUY,319.78329709347986,0.2717,86.88512182029848,0.08688512182029848,0,0,0.0
2026-02-05T12:50:09.828451,2093,DOGE/FDUSD,PAPER,BUY,2552.6831556998177,0.09854,251.54139816266004,0.25154139816266,0,0,0.0
2026-02-05T12:50:09.844079,2093,LTC/FDUSD,PAPER,BUY,1.19038461135046,55.81,66.43536515946917,0.06643536515946917,0,0,0.0
2026-02-05T12:51:22.913226,2094,ETH/FDUSD,PAPER,BUY,0.005336420222518904,2066.63,11.028406124464244,0.011028406124464244,0,0,0.0
2026-02-05T12:51:22.944455,2094,BNB/FDUSD,PAPER,BUY,0.006858408876197972,678.4,4.652744581612704,0.0046527445816127045,0,0,0.0
2026-02-05T12:51:22.960526,2094,ADA/FDUSD,PAPER,BUY,271.05463763026455,0.2724,73.83528329048406,0.07383528329048406,0,0,0.0
2026-02-05T12:51:22.984869,2094,DOGE/FDUSD,PAPER,BUY,2160.2665484340305,0.09857,212.93747367914239,0.2129374736791424,0,0,0.0
2026-02-05T12:51:23.001614,2094,LTC/FDUSD,PAPER,BUY,1.007885796666578,55.81,56.250106311961716,0.056250106311961715,0,0,0.0
2026-02-05T12:52:36.426832,2095,DOT/FDUSD,PAPER,BUY,3.01691332276323,1.396,4.211610998577469,0.004211610998577469,0,0,0.0
2026-02-05T12:52:36.442455,2095,LTC/FDUSD,PAPER,BUY,0.978403415330952,56.08,54.868863531759786,0.054868863531759786,0,0,0.0
2026-02-05T12:59:59.555680,2101,BNB/FDUSD,PAPER,BUY,0.005698701857594801,677.05,3.85830609268456,0.00385830609268456,0,0,0.0
2026-02-05T12:59:59.586534,2101,ADA/FDUSD,PAPER,BUY,224.36214393092132,0.2724,61.11624800678296,0.06111624800678296,0,0,0.0
2026-02-05T12:59:59.604363,2101,DOT/FDUSD,PAPER,BUY,5.93241004366655,1.393,8.263847190827505,0.008263847190827506,0,0,0.0
2026-02-05T12:59:59.620351,2101,LTC/FDUSD,PAPER,BUY,0.9176229919765362,55.99,51.37771132076626,0.05137771132076626,0,0,0.0
2026-02-05T13:01:12.911982,2102,BNB/FDUSD,PAPER,BUY,0.005363144856544794,677.0,3.6308490678808254,0.0036308490678808253,0,0,0.0
2026-02-05T13:02:25.634461,2103,BNB/FDUSD,PAPER,BUY,0.005347927438308975,676.89,3.6199586037169618,0.0036199586037169618,0,0,0.0
2026-02-05T13:03:38.019764,2104,BNB/FDUSD,PAPER,BUY,0.005352796766512791,676.92,3.623415187187838,0.003623415187187838,0,0,0.0
2026-02-05T13:09:43.362814,2109,XRP/FDUSD,PAPER,SELL,39.72668662671401,1.3638,54.17925522151257,0.05417925522151257,0,0,0.0
2026-02-05T13:09:43.387232,2109,DOGE/FDUSD,PAPER,SELL,5379.1372493345125,0.09908,532.9649186640635,0.5329649186640635,0,0,0.0
2026-02-05T13:10:57.450741,2110,DOGE/FDUSD,PAPER,SELL,2833.01228464951,0.09903,280.553206548841,0.28055320654884097,0,0,0.0
2026-02-05T13:10:57.466345,2110,LINK/FDUSD,PAPER,SELL,0.15984026312209867,8.95,1.430570354942783,0.001430570354942783,0,0,0.0
2026-02-05T13:12:15.335452,2111,LINK/FDUSD,PAPER,SELL,0.06180490174054482,8.95,0.5531538705778761,0.0005531538705778761,0,0,0.0
2026-02-05T13:13:28.208503,2112,LINK/FDUSD,PAPER,SELL,0.016624622844992925,8.96,0.14895662069113663,0.00014895662069113665,0,0,0.0
2026-02-05T13:21:57.941638,2119,LTC/FDUSD,PAPER,BUY,1.3149029124830705,55.93,73.54251989517813,0.07354251989517813,0,0,0.0
2026-02-05T13:23:10.910145,2120,LTC/FDUSD,PAPER,BUY,1.2780856309335462,55.93,71.48332933811324,0.07148332933811324,0,0,0.0
2026-02-05T13:24:28.596232,2121,LTC/FDUSD,PAPER,BUY,1.2422992332674028,55.9,69.44452713964782,0.06944452713964781,0,0,0.0
2026-02-05T13:25:41.376435,2122,LTC/FDUSD,PAPER,BUY,1.2075148547359191,55.9,67.50008037973788,0.06750008037973788,0,0,0.0
2026-02-05T13:26:53.510907,2123,LTC/FDUSD,PAPER,BUY,1.1737044388033127,55.73,65.41054837450861,0.0654105483745086,0,0,0.0
2026-02-05T13:28:08.949134,2124,BNB/FDUSD,PAPER,BUY,0.006927317690872098,670.73,4.646359794798642,0.004646359794798643,0,0,0.0
2026-02-05T13:28:08.964753,2124,ADA/FDUSD,PAPER,BUY,269.42167898111575,0.2709,72.98633283598424,0.07298633283598424,0,0,0.0
2026-02-05T13:28:08.989574,2124,DOGE/FDUSD,PAPER,BUY,314.6631612573001,0.0982,30.899922435466866,0.030899922435466867,0,0,0.0
2026-02-05T13:28:09.021579,2124,LTC/FDUSD,PAPER,BUY,1.0917169178698956,55.73,60.84138383288928,0.06084138383288928,0,0,0.0
2026-02-05T13:29:21.918033,2125,ADA/FDUSD,PAPER,BUY,250.12526636004668,0.2709,67.75893465693665,0.06775893465693665,0,0,0.0
2026-02-05T13:29:21.933648,2125,LTC/FDUSD,PAPER,BUY,1.0271920811561088,55.64,57.1529673955259,0.0571529673955259,0,0,0.0
2026-02-05T13:30:35.054430,2126,LTC/FDUSD,PAPER,BUY,0.9984307028837378,55.64,55.55268430845117,0.05555268430845117,0,0,0.0
2026-02-05T13:31:47.410008,2127,LTC/FDUSD,PAPER,BUY,0.9704746432029978,55.69,54.04573287997495,0.05404573287997495,0,0,0.0
2026-02-05T13:33:00.421419,2128,LTC/FDUSD,PAPER,BUY,0.9433013531933128,56.01,52.83430879235745,0.05283430879235745,0,0,0.0
2026-02-05T13:34:13.165743,2129,LTC/FDUSD,PAPER,BUY,0.16664496801686823,56.01,9.33378465862479,0.00933378465862479,0,0,0.0
2026-02-05T14:11:01.619125,2159,ADA/FDUSD,PAPER,BUY,213.29004196771712,0.2718,57.97223340682551,0.05797223340682551,0,0,0.0
2026-02-05T14:15:58.058098,2163,LTC/FDUSD,PAPER,BUY,0.004301781241977665,56.14,0.2415019989246261,0.0002415019989246261,0,0,0.0
2026-02-05T14:17:11.824484,2164,LTC/FDUSD,PAPER,BUY,0.04205737928472075,55.96,2.3535309447729733,0.0023535309447729733,0,0,0.0
2026-02-05T14:19:37.425402,2166,LINK/FDUSD,PAPER,SELL,0.013701459994748333,8.86,0.12139493555347022,0.00012139493555347022,0,0,0.0
2026-02-05T14:23:30.749646,2169,XRP/FDUSD,PAPER,BUY,36.93007011960512,1.3633,50.34676459405766,0.05034676459405766,0,0,0.0
2026-02-05T14:41:57.515839,2184,ADA/FDUSD,PAPER,SELL,1925.2553488289514,0.2757,530.7928996721419,0.5307928996721418,0,0,0.0
2026-02-05T14:46:50.514737,2188,BNB/FDUSD,PAPER,BUY,0.006742341272329505,682.55,4.601985035428504,0.004601985035428504,0,0,0.0
2026-02-05T14:46:50.530359,2188,XRP/FDUSD,PAPER,BUY,47.387522062365264,1.3772,65.26209538428944,0.06526209538428944,0,0,0.0
2026-02-05T14:48:02.737607,2189,ETH/FDUSD,PAPER,BUY,0.004970054296167717,2088.75,10.381200911120319,0.010381200911120318,0,0,0.0
2026-02-05T14:48:02.753229,2189,BNB/FDUSD,PAPER,BUY,0.006519914607458627,684.27,4.461381968445714,0.004461381968445715,0,0,0.0
2026-02-05T14:48:02.768854,2189,XRP/FDUSD,PAPER,BUY,46.04913017379448,1.381,63.593848770010176,0.06359384877001018,0,0,0.0
2026-02-05T14:48:02.784476,2189,DOGE/FDUSD,PAPER,BUY,296.94827598454503,0.09995,29.679980184655275,0.029679980184655275,0,0,0.0
2026-02-05T15:13:03.504995,2209,ETH/FDUSD,PAPER,BUY,0.004711206831220581,1999.26,9.41892736938606,0.00941892736938606,0,0,0.0
2026-02-05T15:18:00.733198,2213,ETH/FDUSD,PAPER,BUY,0.004716049482654139,2010.71,9.482607855267503,0.009482607855267503,0,0,0.0
2026-02-05T15:18:00.764422,2213,DOT/FDUSD,PAPER,BUY,0.5312778346246887,1.351,0.7177563545779544,0.0007177563545779544,0,0,0.0
2026-02-05T16:03:24.018903,2250,DOT/FDUSD,PAPER,BUY,0.52744547187649,1.328,0.7004475866519788,0.0007004475866519788,0,0,0.0
2026-02-05T16:10:46.375392,2256,ADA/FDUSD,PAPER,BUY,241.22423655461307,0.2632,63.49021906117416,0.06349021906117416,0,0,0.0
2026-02-05T16:19:22.980454,2263,ETH/FDUSD,PAPER,BUY,0.004601776615221195,1970.46,9.067616749228756,0.009067616749228756,0,0,0.0
2026-02-05T16:19:22.996057,2263,BNB/FDUSD,PAPER,BUY,0.005946262787518669,662.87,3.9415992139625002,0.0039415992139625,0,0,0.0
2026-02-05T16:49:27.544304,2286,DOT/FDUSD,PAPER,BUY,1.104605483872092,1.325,1.463602266130522,0.001463602266130522,0,0,0.0
2026-02-05T17:01:42.233285,2296,ETH/FDUSD,PAPER,BUY,0.004590543423693846,1991.49,9.142021322852058,0.009142021322852058,0,0,0.0
2026-02-05T17:01:42.264739,2296,BNB/FDUSD,PAPER,BUY,0.005930944353676887,667.68,3.9599729260629837,0.003959972926062984,0,0,0.0
2026-02-05T17:01:42.283448,2296,ADA/FDUSD,PAPER,BUY,232.1986576225853,0.2642,61.34688534388703,0.061346885343887034,0,0,0.0
2026-02-05T17:01:42.300103,2296,DOGE/FDUSD,PAPER,BUY,272.610203346228,0.09379,25.568110971842724,0.025568110971842726,0,0,0.0
2026-02-05T17:01:42.314120,2296,DOT/FDUSD,PAPER,BUY,2.4094090893099747,1.34,3.228608179675366,0.003228608179675366,0,0,0.0
2026-02-05T17:02:54.927948,2297,BNB/FDUSD,PAPER,BUY,0.0056366408569858695,666.77,3.758343024212468,0.003758343024212468,0,0,0.0
2026-02-05T17:02:54.943581,2297,LTC/FDUSD,PAPER,BUY,0.10083941158383425,54.17,5.4624709254963015,0.005462470925496302,0,0,0.0
2026-02-05T17:04:09.223181,2298,LTC/FDUSD,PAPER,BUY,0.05718977170797501,54.04,3.0905352630989698,0.00309053526309897,0,0,0.0
2026-02-05T17:25:35.542210,2315,ADA/FDUSD,PAPER,BUY,219.04325891836322,0.2631,57.630281421421365,0.05763028142142137,0,0,0.0
2026-02-05T17:25:35.557827,2315,XRP/FDUSD,PAPER,BUY,39.0781810683153,1.2719,49.70353850079024,0.04970353850079024,0,0,0.0
2026-02-05T17:25:35.589076,2315,DOGE/FDUSD,PAPER,BUY,249.90521880414963,0.09394,23.476096254461815,0.023476096254461815,0,0,0.0
2026-02-05T17:34:58.542482,2322,ADA/FDUSD,PAPER,BUY,203.4445767801053,0.2595,52.79386767443733,0.052793867674437334,0,0,0.0
2026-02-05T17:38:38.073287,2325,ADA/FDUSD,PAPER,BUY,197.14535141277383,0.2602,51.29722043760375,0.05129722043760375,0,0,0.0
2026-02-05T17:49:39.257107,2334,ADA/FDUSD,PAPER,BUY,191.65809199038108,0.259,49.6394458255087,0.0496394458255087,0,0,0.0
2026-02-05T17:49:39.288941,2334,DOT/FDUSD,PAPER,BUY,1.092065420201834,1.315,1.4360660275654118,0.001436066027565412,0,0,0.0
2026-02-05T17:50:52.355244,2335,DOT/FDUSD,PAPER,BUY,0.9958561966682282,1.317,1.3115426110120565,0.0013115426110120564,0,0,0.0
2026-02-05T17:57:26.222448,2340,LINK/FDUSD,PAPER,SELL,0.005297897864636021,8.37,0.04434340512700349,4.43434051270035e-05,0,0,0.0
2026-02-05T18:19:46.920720,2358,ADA/FDUSD,PAPER,BUY,184.1983111548866,0.2572,47.37580562903683,0.047375805629036837,0,0,0.0
2026-02-05T18:19:46.936340,2358,DOT/FDUSD,PAPER,BUY,4.537552071128175,1.305,5.921505452822268,0.005921505452822269,0,0,0.0
2026-02-05T18:22:38.431706,2360,BNB/FDUSD,PAPER,BUY,0.004485720242692892,651.0,2.920203877993073,0.002920203877993073,0,0,0.0
2026-02-05T18:28:52.963700,2365,ETH/FDUSD,PAPER,BUY,0.0034634697341875686,1935.41,6.703233958243962,0.006703233958243963,0,0,0.0
2026-02-05T18:28:52.979310,2365,ADA/FDUSD,PAPER,BUY,176.9508012734791,0.2556,45.228624805501255,0.04522862480550126,0,0,0.0
2026-02-05T18:28:53.010557,2365,DOGE/FDUSD,PAPER,BUY,206.91632390953237,0.09104,18.837662128723824,0.018837662128723825,0,0,0.0
2026-02-05T18:40:03.263290,2374,ADA/FDUSD,PAPER,BUY,168.76952983426008,0.2543,42.91809143685234,0.042918091436852344,0,0,0.0
2026-02-05T18:44:56.365760,2378,LINK/FDUSD,PAPER,SELL,0.0020485205076592617,8.26,0.0169207793932655,1.69207793932655e-05,0,0,0.0
2026-02-05T18:46:12.538722,2379,LINK/FDUSD,PAPER,SELL,0.0007920945962949142,8.29,0.006566464203284838,6.566464203284838e-06,0,0,0.0
2026-02-05T18:47:34.190085,2380,LINK/FDUSD,PAPER,SELL,0.00030627657723403343,8.25,0.0025267817621807756,2.5267817621807757e-06,0,0,0.0
2026-02-05T18:48:55.264170,2381,LINK/FDUSD,PAPER,SELL,0.00011842694319715958,8.26,0.0009782065508085382,9.782065508085383e-07,0,0,0.0
2026-02-05T19:22:17.181341,2407,XRP/FDUSD,PAPER,BUY,30.062456723544813,1.2438,37.39168367274504,0.03739168367274504,0,0,0.0
2026-02-05T19:24:56.072841,2409,XRP/FDUSD,PAPER,BUY,29.25299332014714,1.2379,36.21228043101014,0.036212280431010144,0,0,0.0
2026-02-05T19:38:37.629992,2420,XRP/FDUSD,PAPER,BUY,28.60098878419268,1.236,35.35082213726215,0.03535082213726215,0,0,0.0
2026-02-05T19:38:37.645614,2420,DOGE/FDUSD,PAPER,BUY,179.91054492297553,0.09234,16.61293971818756,0.01661293971818756,0,0,0.0
2026-02-05T19:39:56.534371,2421,ETH/FDUSD,PAPER,BUY,0.0028210298102847864,1940.88,5.475280338185536,0.005475280338185536,0,0,0.0
2026-02-05T19:39:56.554210,2421,ADA/FDUSD,PAPER,BUY,146.54158958460403,0.2553,37.41206782094941,0.03741206782094941,0,0,0.0
2026-02-05T19:39:56.577320,2421,XRP/FDUSD,PAPER,BUY,26.408128534430602,1.2335,32.57442654722015,0.03257442654722015,0,0,0.0
2026-02-05T19:39:56.598163,2421,DOGE/FDUSD,PAPER,BUY,166.44321450108328,0.09215,15.337742216274822,0.015337742216274822,0,0,0.0
2026-02-05T19:41:13.969400,2422,ETH/FDUSD,PAPER,BUY,0.002601202599159441,1935.7,5.0351478711929305,0.0050351478711929305,0,0,0.0
2026-02-05T19:41:14.000653,2422,BNB/FDUSD,PAPER,BUY,0.003392650451780166,646.66,2.193891341148162,0.002193891341148162,0,0,0.0
2026-02-05T19:41:14.016278,2422,ADA/FDUSD,PAPER,BUY,135.25155998233504,0.2548,34.46209748349897,0.034462097483498974,0,0,0.0
2026-02-05T19:41:14.031915,2422,XRP/FDUSD,PAPER,BUY,24.34687199164364,1.2277,29.890654744140896,0.029890654744140897,0,0,0.0
2026-02-05T19:41:14.047539,2422,DOGE/FDUSD,PAPER,BUY,153.41912542903083,0.09186,14.09308086191077,0.014093080861910771,0,0,0.0
2026-02-05T19:42:31.929886,2423,ADA/FDUSD,PAPER,BUY,125.21786349435934,0.2551,31.943076977411067,0.03194307697741107,0,0,0.0
2026-02-05T19:42:31.945509,2423,XRP/FDUSD,PAPER,BUY,22.582552849416857,1.2265,27.69750106980977,0.027697501069809772,0,0,0.0
2026-02-05T19:43:45.262168,2424,ADA/FDUSD,PAPER,BUY,117.57456510666361,0.2551,29.993271558709885,0.029993271558709886,0,0,0.0
2026-02-05T19:56:10.062825,2434,ADA/FDUSD,PAPER,BUY,113.77128352234377,0.2544,28.943414528084254,0.028943414528084254,0,0,0.0
2026-02-05T19:56:10.086768,2434,DOT/FDUSD,PAPER,BUY,1.79517874358271,1.302,2.3373227241446886,0.0023373227241446884,0,0,0.0
2026-02-05T19:57:24.421839,2435,ADA/FDUSD,PAPER,BUY,109.91648234312561,0.2537,27.885811570450965,0.027885811570450964,0,0,0.0
2026-02-05T19:57:24.437463,2435,DOT/FDUSD,PAPER,BUY,0.5700723290892711,1.301,0.7416641001451416,0.0007416641001451416,0,0,0.0
2026-02-05T19:58:44.826005,2436,ADA/FDUSD,PAPER,BUY,106.45919746357959,0.2537,27.008698396510137,0.02700869839651014,0,0,0.0
2026-02-05T19:58:44.841615,2436,XRP/FDUSD,PAPER,BUY,19.266840298448642,1.2118,23.347557073660063,0.023347557073660062,0,0,0.0
2026-02-05T19:59:57.710278,2437,ADA/FDUSD,PAPER,BUY,100.1051197965985,0.2539,25.41668991635636,0.02541668991635636,0,0,0.0
2026-02-05T19:59:57.730282,2437,XRP/FDUSD,PAPER,BUY,18.111602825892646,1.2138,21.983863510068495,0.021983863510068497,0,0,0.0
2026-02-05T19:59:57.752717,2437,DOGE/FDUSD,PAPER,BUY,113.18431671525377,0.09124,10.326937057099755,0.010326937057099755,0,0,0.0
2026-02-05T20:01:13.170486,2438,ETH/FDUSD,PAPER,BUY,0.001763937603104851,1931.65,3.4073100710374855,0.0034073100710374856,0,0,0.0
2026-02-05T20:01:13.186087,2438,ADA/FDUSD,PAPER,BUY,92.34618219145295,0.2535,23.409757185533323,0.023409757185533325,0,0,0.0
2026-02-05T20:01:13.201711,2438,XRP/FDUSD,PAPER,BUY,16.71256473278038,1.2165,20.33083499742733,0.02033083499742733,0,0,0.0
2026-02-05T20:01:13.232974,2438,DOGE/FDUSD,PAPER,BUY,104.53732516906712,0.09146,9.560983759962879,0.00956098375996288,0,0,0.0
2026-02-05T20:02:35.556698,2439,BNB/FDUSD,PAPER,BUY,0.0021314149610849042,644.44,1.3735690575215558,0.0013735690575215557,0,0,0.0
2026-02-05T20:02:35.587922,2439,ADA/FDUSD,PAPER,BUY,85.60258028045837,0.2558,21.897140035741252,0.021897140035741253,0,0,0.0
2026-02-05T20:02:35.603546,2439,XRP/FDUSD,PAPER,BUY,15.48638752130455,1.2247,18.96617879734168,0.01896617879734168,0,0,0.0
2026-02-05T20:02:35.629679,2439,DOGE/FDUSD,PAPER,BUY,96.7522412944536,0.09193,8.894433542199119,0.00889443354219912,0,0,0.0
2026-02-05T20:03:49.505984,2440,ETH/FDUSD,PAPER,BUY,0.0015079879952276803,1932.38,2.914005842218065,0.002914005842218065,0,0,0.0
2026-02-05T20:03:49.530562,2440,BNB/FDUSD,PAPER,BUY,0.00196329627461464,643.18,1.262752897906644,0.001262752897906644,0,0,0.0
2026-02-05T20:03:49.540606,2440,ADA/FDUSD,PAPER,BUY,78.95327463371859,0.2547,20.109399049208125,0.020109399049208127,0,0,0.0
2026-02-05T20:03:49.571858,2440,XRP/FDUSD,PAPER,BUY,14.311304962487384,1.219,17.44548074927212,0.017445480749272123,0,0,0.0
2026-02-05T20:03:49.583866,2440,DOGE/FDUSD,PAPER,BUY,89.35227617086457,0.0917,8.193603724868282,0.008193603724868282,0,0,0.0
2026-02-05T20:05:10.061971,2441,ETH/FDUSD,PAPER,BUY,0.001389844081829017,1928.39,2.6801614289582583,0.002680161428958258,0,0,0.0
2026-02-05T20:05:10.077595,2441,BNB/FDUSD,PAPER,BUY,0.0018063813046282629,641.71,1.1591729469930026,0.0011591729469930027,0,0,0.0
2026-02-05T20:05:10.108247,2441,ADA/FDUSD,PAPER,BUY,72.8210784585549,0.2547,18.54752868339393,0.018547528683393932,0,0,0.0
2026-02-05T20:05:10.124633,2441,XRP/FDUSD,PAPER,BUY,13.222806201955336,1.214,16.05248672917378,0.016052486729173778,0,0,0.0
2026-02-05T20:05:10.129657,2441,DOGE/FDUSD,PAPER,BUY,82.17291941376334,0.09145,7.514713480388657,0.007514713480388658,0,0,0.0
2026-02-05T20:06:38.178917,2442,ETH/FDUSD,PAPER,BUY,0.0012848101849637777,1923.84,2.4717692262407143,0.0024717692262407145,0,0,0.0
2026-02-05T20:06:38.194517,2442,BNB/FDUSD,PAPER,BUY,0.0016646033473301514,639.93,1.0652296200569837,0.0010652296200569838,0,0,0.0
2026-02-05T20:06:38.210141,2442,ADA/FDUSD,PAPER,BUY,67.33795214094744,0.2538,17.09037225337246,0.01709037225337246,0,0,0.0
2026-02-05T20:06:38.241392,2442,XRP/FDUSD,PAPER,BUY,12.175455625484915,1.2061,14.684817029897355,0.014684817029897355,0,0,0.0
2026-02-05T20:06:38.257017,2442,DOGE/FDUSD,PAPER,BUY,75.69160745293357,0.09128,6.909129928303776,0.006909129928303777,0,0,0.0
2026-02-05T20:07:51.568967,2443,ETH/FDUSD,PAPER,BUY,0.0011873709782652675,1927.16,2.288253854473693,0.002288253854473693,0,0,0.0
2026-02-05T20:07:51.600198,2443,BNB/FDUSD,PAPER,BUY,0.0015350714742244087,640.4,0.9830597720933113,0.0009830597720933113,0,0,0.0
2026-02-05T20:07:51.615834,2443,ADA/FDUSD,PAPER,BUY,62.24663553427581,0.2538,15.798196098599202,0.015798196098599202,0,0,0.0
2026-02-05T20:07:51.631459,2443,XRP/FDUSD,PAPER,BUY,11.285298997117934,1.2096,13.650697666913853,0.013650697666913854,0,0,0.0
2026-02-05T20:07:51.647083,2443,DOGE/FDUSD,PAPER,BUY,69.94638699358075,0.09151,6.400793873782574,0.006400793873782573,0,0,0.0
2026-02-05T20:09:04.659208,2444,ETH/FDUSD,PAPER,BUY,0.0010903916972217487,1941.23,2.116701074397775,0.002116701074397775,0,0,0.0
2026-02-05T20:09:04.675270,2444,ADA/FDUSD,PAPER,BUY,57.212452121523256,0.2563,14.66355147874641,0.01466355147874641,0,0,0.0
2026-02-05T20:09:04.698968,2444,XRP/FDUSD,PAPER,BUY,10.402397006671208,1.2196,12.686763389336205,0.012686763389336206,0,0,0.0
2026-02-05T20:17:18.642934,2450,BNB/FDUSD,PAPER,BUY,0.001327887759730223,632.77,0.8402475377244932,0.0008402475377244932,0,0,0.0
2026-02-05T20:18:37.314665,2451,DOGE/FDUSD,PAPER,BUY,64.61913747373274,0.09016,5.826061434631744,0.005826061434631744,0,0,0.0
2026-02-05T20:19:50.505420,2452,ETH/FDUSD,PAPER,BUY,0.001006564112068481,1895.32,1.9077610928856332,0.0019077610928856332,0,0,0.0
2026-02-05T20:22:19.086645,2454,BNB/FDUSD,PAPER,BUY,0.0013110924935622603,629.94,0.8259096053946103,0.0008259096053946103,0,0,0.0
2026-02-05T20:23:31.599768,2455,ETH/FDUSD,PAPER,BUY,0.0010072235010996217,1878.63,1.8922002858707823,0.0018922002858707823,0,0,0.0
2026-02-05T20:23:31.615385,2455,BNB/FDUSD,PAPER,BUY,0.0013066303965396098,630.23,0.8234776748111583,0.0008234776748111583,0,0,0.0
2026-02-05T20:23:31.646635,2455,DOGE/FDUSD,PAPER,BUY,63.33028593677318,0.0893,5.655394534153845,0.0056553945341538455,0,0,0.0
2026-02-05T20:24:44.537470,2456,BNB/FDUSD,PAPER,BUY,0.0012871033025222411,627.09,0.8071296099786722,0.0008071296099786722,0,0,0.0
2026-02-05T20:25:58.911336,2457,BNB/FDUSD,PAPER,BUY,0.001287862190227529,619.17,0.7974056323231791,0.0007974056323231791,0,0,0.0
2026-02-05T20:33:34.714166,2463,LINK/FDUSD,PAPER,SELL,4.5791751369568366e-05,8.03,0.0003677077634976339,3.677077634976339e-07,0,0,0.0
2026-02-05T20:34:49.293253,2464,LINK/FDUSD,PAPER,SELL,1.7706143862899762e-05,8.02,0.0001420032737804561,1.420032737804561e-07,0,0,0.0
2026-02-05T20:52:26.566994,2478,ETH/FDUSD,PAPER,BUY,0.0009864390566386022,1845.0,1.8199800594982212,0.0018199800594982211,0,0,0.0
2026-02-05T20:53:39.527611,2479,BNB/FDUSD,PAPER,BUY,0.0012792524162490992,616.21,0.7882881314168575,0.0007882881314168575,0,0,0.0
2026-02-05T20:54:52.567209,2480,ETH/FDUSD,PAPER,BUY,0.0009831377980611122,1837.75,1.806761488386809,0.0018067614883868091,0,0,0.0
2026-02-05T20:54:52.574217,2480,BNB/FDUSD,PAPER,BUY,0.0012734394604596022,615.57,0.7838911286751173,0.0007838911286751173,0,0,0.0
2026-02-05T20:57:24.157537,2482,BNB/FDUSD,PAPER,BUY,0.0012761907169205056,615.17,0.7850742433279874,0.0007850742433279874,0,0,0.0
2026-02-05T21:32:45.072473,2509,XRP/FDUSD,PAPER,BUY,9.584280143288083,1.1908,11.41296079462745,0.01141296079462745,0,0,0.0
2026-02-05T21:33:58.741608,2510,LTC/FDUSD,PAPER,BUY,0.002629426005661628,51.43,0.13523137947117753,0.00013523137947117752,0,0,0.0
2026-02-05T22:12:28.999456,2540,ADA/FDUSD,PAPER,SELL,2995.7004384110205,0.2486,744.7311289889797,0.7447311289889796,0,0,0.0
2026-02-05T22:13:48.791275,2541,ADA/FDUSD,PAPER,SELL,639.0827601943508,0.2486,158.87597418431562,0.15887597418431562,0,0,0.0
2026-02-05T22:13:48.806901,2541,LINK/FDUSD,PAPER,SELL,6.846375626987909e-06,8.01,5.4839468772173146e-05,5.4839468772173144e-08,0,0,0.0
2026-02-05T22:23:33.786952,2549,ETH/FDUSD,PAPER,BUY,0.0032368701022862517,1833.29,5.9341215898203625,0.005934121589820362,0,0,0.0
2026-02-05T22:23:33.804879,2549,BNB/FDUSD,PAPER,BUY,0.004185063731947575,604.7,2.5307080387086986,0.0025307080387086986,0,0,0.0
2026-02-05T22:23:33.823080,2549,XRP/FDUSD,PAPER,BUY,31.137167865175,1.1564,36.00702091928837,0.036007020919288375,0,0,0.0
2026-02-05T22:23:33.838705,2549,DOGE/FDUSD,PAPER,BUY,194.46274238796286,0.0877,17.054382507424343,0.017054382507424342,0,0,0.0
2026-02-05T22:24:46.406425,2550,ETH/FDUSD,PAPER,BUY,0.0030758133056201925,1831.89,5.634551636432575,0.005634551636432576,0,0,0.0
2026-02-05T22:24:46.422048,2550,XRP/FDUSD,PAPER,BUY,29.676164320005114,1.1556,34.29377548819791,0.03429377548819791,0,0,0.0
2026-02-05T22:24:46.429552,2550,DOT/FDUSD,PAPER,BUY,8.32115427630697,1.245,10.35983707400218,0.01035983707400218,0,0,0.0
2026-02-05T22:26:09.470096,2551,ETH/FDUSD,PAPER,BUY,0.0029609453827409288,1838.1,5.442513708016101,0.005442513708016101,0,0,0.0
2026-02-05T22:26:09.485727,2551,BNB/FDUSD,PAPER,BUY,0.003815276621277286,605.15,2.3088146473659497,0.0023088146473659497,0,0,0.0
2026-02-05T22:26:09.506358,2551,XRP/FDUSD,PAPER,BUY,28.40935158919001,1.1585,32.91223381607663,0.03291223381607663,0,0,0.0
2026-02-05T22:26:09.537486,2551,DOGE/FDUSD,PAPER,BUY,177.59313489641954,0.08788,15.60688469469735,0.01560688469469735,0,0,0.0
2026-02-05T22:26:09.554467,2551,DOT/FDUSD,PAPER,BUY,1.195693323472824,1.25,1.49461665434103,0.00149461665434103,0,0,0.0
2026-02-05T22:27:23.160141,2552,ETH/FDUSD,PAPER,BUY,0.0028187299450960074,1842.14,5.19249518105916,0.00519249518105916,0,0,0.0
2026-02-05T22:27:23.177880,2552,BNB/FDUSD,PAPER,BUY,0.0036257761768037355,606.51,2.1990695089932335,0.0021990695089932335,0,0,0.0
2026-02-05T22:27:23.192910,2552,DOGE/FDUSD,PAPER,BUY,174.09847049503878,0.08802,15.324147372973314,0.015324147372973315,0,0,0.0
2026-02-05T22:27:23.208549,2552,DOT/FDUSD,PAPER,BUY,1.69036665866588,1.251,2.1146486899910157,0.002114648689991016,0,0,0.0
2026-02-05T22:28:35.765044,2553,ETH/FDUSD,PAPER,BUY,0.002766251735506556,1860.97,5.147911492225635,0.005147911492225635,0,0,0.0
2026-02-05T22:28:35.784292,2553,BNB/FDUSD,PAPER,BUY,0.0035597082525471446,614.57,2.1876899007678987,0.0021876899007678987,0,0,0.0
2026-02-05T22:28:35.803279,2553,ADA/FDUSD,PAPER,BUY,141.79447159732456,0.2489,35.292643980574084,0.035292643980574086,0,0,0.0
2026-02-05T22:28:35.808928,2553,XRP/FDUSD,PAPER,BUY,25.737613735602395,1.1899,30.625186583993287,0.030625186583993286,0,0,0.0
2026-02-05T22:28:35.824560,2553,DOGE/FDUSD,PAPER,BUY,160.83619394500693,0.08978,14.439873492382722,0.014439873492382722,0,0,0.0
2026-02-05T22:28:35.853681,2553,DOT/FDUSD,PAPER,BUY,4.27163575077293,1.251,5.3438163242169345,0.005343816324216935,0,0,0.0
2026-02-05T22:29:52.277581,2554,BNB/FDUSD,PAPER,BUY,0.0032734764115590342,621.23,2.033581751152819,0.0020335817511528188,0,0,0.0
2026-02-05T22:29:52.293205,2554,ADA/FDUSD,PAPER,BUY,130.6635153136125,0.2517,32.88800680443626,0.03288800680443626,0,0,0.0
2026-02-05T22:29:52.328887,2554,XRP/FDUSD,PAPER,BUY,23.722514665616472,1.193,28.300959996080454,0.028300959996080455,0,0,0.0
2026-02-05T22:29:52.344044,2554,DOGE/FDUSD,PAPER,BUY,148.37335928445282,0.08989,13.337281266079463,0.013337281266079463,0,0,0.0
2026-02-05T22:29:52.355069,2554,DOT/FDUSD,PAPER,BUY,1.5413192720025108,1.273,1.9620994332591961,0.001962099433259196,0,0,0.0
2026-02-05T22:31:15.081995,2555,ETH/FDUSD,PAPER,BUY,0.002350818135813379,1880.65,4.421066127117431,0.004421066127117431,0,0,0.0
2026-02-05T22:31:15.097613,2555,BNB/FDUSD,PAPER,BUY,0.0030231178353165855,619.89,1.8740005149343981,0.001874000514934398,0,0,0.0
2026-02-05T22:31:15.128039,2555,ADA/FDUSD,PAPER,BUY,121.04677763524944,0.2513,30.419055219738187,0.030419055219738186,0,0,0.0
2026-02-05T22:31:15.151032,2555,XRP/FDUSD,PAPER,BUY,21.935264128984045,1.1957,26.22799531902622,0.026227995319026223,0,0,0.0
2026-02-05T22:31:15.156070,2555,DOGE/FDUSD,PAPER,BUY,933.8073807965984,0.08994,83.98663582884606,0.08398663582884607,0,0,0.0
2026-02-05T22:31:15.187321,2555,DOT/FDUSD,PAPER,BUY,4.082040353372577,1.282,5.233175733023644,0.005233175733023644,0,0,0.0
2026-02-05T22:32:31.893511,2556,ETH/FDUSD,PAPER,BUY,0.0019721113355724296,1869.89,3.6876312652735304,0.0036876312652735304,0,0,0.0
2026-02-05T22:32:31.909118,2556,ADA/FDUSD,PAPER,BUY,101.95269895872286,0.2494,25.427003120305482,0.02542700312030548,0,0,0.0
2026-02-05T22:32:31.942792,2556,XRP/FDUSD,PAPER,BUY,18.491835381157102,1.1936,22.07185471094912,0.022071854710949117,0,0,0.0
2026-02-05T22:32:31.960710,2556,DOGE/FDUSD,PAPER,BUY,786.3940509575987,0.08947,70.35867573917635,0.07035867573917635,0,0,0.0
2026-02-05T22:32:31.982365,2556,DOT/FDUSD,PAPER,BUY,1.0275048570165382,1.275,1.310068692696086,0.001310068692696086,0,0,0.0
2026-02-05T22:37:24.099330,2560,ETH/FDUSD,PAPER,BUY,0.0016911715415535988,1867.81,3.1587871170292274,0.0031587871170292276,0,0,0.0
2026-02-05T22:37:24.132126,2560,BNB/FDUSD,PAPER,BUY,0.0021698273493515607,618.46,1.3419514224799662,0.0013419514224799662,0,0,0.0
2026-02-05T22:37:24.150948,2560,XRP/FDUSD,PAPER,BUY,16.314805855160785,1.2035,19.634868846686004,0.019634868846686006,0,0,0.0
2026-02-05T22:37:24.167002,2560,DOGE/FDUSD,PAPER,BUY,693.7121684937283,0.08976,62.267604243997056,0.062267604243997056,0,0,0.0
2026-02-05T23:34:47.314004,2606,XRP/FDUSD,PAPER,BUY,14.836023244806825,1.2408,18.408537642156308,0.018408537642156306,0,0,0.0
2026-02-05T23:36:00.113488,2607,XRP/FDUSD,PAPER,BUY,14.44138077209925,1.2294,17.75423352121882,0.01775423352121882,0,0,0.0
2026-02-06T03:05:39.896164,2770,ETH/FDUSD,PAPER,SELL,0.10095788104997198,1911.3,192.96079805081146,0.19296079805081146,0,0,0.0
2026-02-06T03:05:39.911779,2770,BNB/FDUSD,PAPER,SELL,0.2391031684228806,624.54,149.32949280682584,0.14932949280682584,0,0,0.0
2026-02-06T03:05:39.927402,2770,ADA/FDUSD,PAPER,SELL,668.7680425406654,0.2473,165.38633692030655,0.16538633692030655,0,0,0.0
2026-02-06T03:05:39.943026,2770,XRP/FDUSD,PAPER,SELL,894.593388634254,1.267,1133.4498233995996,1.1334498233995995,0,0,0.0
2026-02-06T03:05:39.958650,2770,DOGE/FDUSD,PAPER,SELL,9021.905002473077,0.08984,810.5279454221812,0.8105279454221812,0,0,0.0
2026-02-06T03:05:39.974275,2770,DOT/FDUSD,PAPER,SELL,2304.204423395279,1.243,2864.126098280332,2.864126098280332,0,0,0.0
2026-02-06T03:05:39.989899,2770,LTC/FDUSD,PAPER,SELL,56.46250612977911,50.07,2827.07768191804,2.8270776819180403,0,0,0.0
2026-02-06T03:05:40.029533,2770,LINK/FDUSD,PAPER,SELL,4.316193330057593e-06,8.08,3.487484210686535e-05,3.487484210686535e-08,0,0,0.0
2026-02-06T07:50:07.389915,2995,ETH/FDUSD,PAPER,BUY,0.023245725568802264,1897.16,44.100860720108905,0.04410086072010891,0,0,0.0
2026-02-06T07:50:07.411559,2995,BNB/FDUSD,PAPER,BUY,0.06975188275084555,623.87,43.51610709177002,0.04351610709177002,0,0,0.0
2026-02-06T07:50:07.427190,2995,ADA/FDUSD,PAPER,BUY,1200.0882225085259,0.2523,302.7822585389011,0.3027822585389011,0,0,0.0
2026-02-06T07:50:07.442815,2995,XRP/FDUSD,PAPER,BUY,217.79950617035465,1.2967,282.4206196510989,0.2824206196510989,0,0,0.0
2026-02-06T07:50:07.458435,2995,LINK/FDUSD,PAPER,BUY,26.684985940263196,8.1,216.1483861161319,0.21614838611613188,0,0,0.0
2026-02-06T07:51:21.557023,2996,ETH/FDUSD,PAPER,BUY,0.02117274083611574,1898.97,40.20639966555871,0.040206399665558716,0,0,0.0
2026-02-06T07:52:35.140573,2997,ADA/FDUSD,PAPER,SELL,944.0694017067071,0.2519,237.81108228991954,0.23781108228991954,0,0,0.0
2026-02-06T07:55:01.122707,2999,BNB/FDUSD,PAPER,BUY,0.028040373167195196,622.67,17.459899160017432,0.017459899160017434,0,0,0.0
2026-02-06T07:55:01.141414,2999,ADA/FDUSD,PAPER,BUY,1124.2503555586763,0.2513,282.5241143518954,0.2825241143518954,0,0,0.0
2026-02-06T07:55:01.156436,2999,XRP/FDUSD,PAPER,BUY,204.1754641134676,1.2917,263.73344699536614,0.26373344699536616,0,0,0.0
2026-02-06T07:55:01.162455,2999,DOGE/FDUSD,PAPER,BUY,8689.426275765614,0.09055,786.8275492705765,0.7868275492705765,0,0,0.0
2026-02-06T07:55:01.178100,2999,LTC/FDUSD,PAPER,BUY,12.376882315655171,51.0,631.2209980984137,0.6312209980984137,0,0,0.0
2026-02-06T07:56:13.421282,3000,ETH/FDUSD,PAPER,BUY,0.017110263617377157,1897.84,32.47254270360306,0.032472542703603065,0,0,0.0
2026-02-06T07:56:13.436902,3000,BNB/FDUSD,PAPER,BUY,0.021944627146745,623.18,13.675452745308547,0.013675452745308547,0,0,0.0
2026-02-06T07:56:13.452525,3000,DOGE/FDUSD,PAPER,BUY,1071.83696041447,0.09067,97.18345720078,0.09718345720078,0,0,0.0
2026-02-06T07:56:13.483772,3000,LTC/FDUSD,PAPER,BUY,3.688424128399072,51.0,188.10963054835267,0.18810963054835267,0,0,0.0
2026-02-06T07:56:13.509021,3000,LINK/FDUSD,PAPER,BUY,20.06168656247386,8.09,162.29904429041352,0.16229904429041353,0,0,0.0
2026-02-06T07:58:43.166823,3002,ETH/FDUSD,PAPER,BUY,0.015903115307204195,1898.7,30.195245033788606,0.030195245033788606,0,0,0.0
2026-02-06T07:59:56.844003,3003,ETH/FDUSD,PAPER,BUY,0.016014352241194074,1900.61,30.43703801313587,0.03043703801313587,0,0,0.0
2026-02-06T08:52:36.573487,3046,XRP/FDUSD,PAPER,BUY,157.38480008791532,1.2948,203.78183915383275,0.20378183915383274,0,0,0.0
2026-02-06T08:53:49.324496,3047,XRP/FDUSD,PAPER,BUY,153.19831927372388,1.3032,199.64804967751695,0.19964804967751695,0,0,0.0
2026-02-06T08:55:02.324607,3048,BNB/FDUSD,PAPER,BUY,0.018844837888161187,620.76,11.698121567454939,0.01169812156745494,0,0,0.0
2026-02-06T08:55:02.347137,3048,XRP/FDUSD,PAPER,BUY,150.31673186332523,1.3022,195.7424482324221,0.19574244823242212,0,0,0.0
2026-02-06T08:55:02.367991,3048,DOGE/FDUSD,PAPER,BUY,912.5002488403061,0.09083,82.882397602165,0.082882397602165,0,0,0.0
2026-02-06T08:55:02.375048,3048,LTC/FDUSD,PAPER,BUY,3.1047496230573586,50.93,158.12489830231127,0.15812489830231127,0,0,0.0
2026-02-06T08:56:16.035642,3049,BNB/FDUSD,PAPER,BUY,0.017511476874547377,620.74,10.870074155106538,0.010870074155106539,0,0,0.0
2026-02-06T08:56:16.066866,3049,XRP/FDUSD,PAPER,BUY,139.7996088786615,1.3047,182.39654970398965,0.18239654970398966,0,0,0.0
2026-02-06T08:56:16.082490,3049,DOGE/FDUSD,PAPER,BUY,847.9775395292781,0.09086,77.04723924163021,0.0770472392416302,0,0,0.0
2026-02-06T08:56:16.098115,3049,DOT/FDUSD,PAPER,BUY,173.09555999627426,1.276,220.86993455524595,0.22086993455524595,0,0,0.0
2026-02-06T08:56:16.123683,3049,LTC/FDUSD,PAPER,BUY,2.7713022698006498,50.89,141.03157251015506,0.14103157251015505,0,0,0.0
2026-02-06T08:57:28.574119,3050,XRP/FDUSD,PAPER,BUY,124.78340506360723,1.3027,162.55534177636113,0.16255534177636113,0,0,0.0
2026-02-06T08:57:28.605351,3050,LTC/FDUSD,PAPER,BUY,2.6124048673667986,50.84,132.81466345692806,0.13281466345692805,0,0,0.0
2026-02-06T08:58:46.830294,3051,XRP/FDUSD,PAPER,BUY,117.86096161749288,1.3021,153.4667581221375,0.1534667581221375,0,0,0.0
2026-02-06T08:58:46.861538,3051,LTC/FDUSD,PAPER,BUY,2.4626182084829793,50.83,125.17488353718983,0.12517488353718983,0,0,0.0
2026-02-06T08:59:59.582051,3052,LTC/FDUSD,PAPER,BUY,2.3941135706039667,50.86,121.76461620091774,0.12176461620091775,0,0,0.0
2026-02-06T09:01:13.582643,3053,ETH/FDUSD,PAPER,SELL,0.09344619757069343,1875.95,175.30039433274234,0.17530039433274236,0,0,0.0
2026-02-06T09:01:13.613869,3053,BNB/FDUSD,PAPER,SELL,0.1560931978274943,620.17,96.80431849667714,0.09680431849667714,0,0,0.0
2026-02-06T09:01:13.629493,3053,ADA/FDUSD,PAPER,SELL,1380.269176360495,0.251,346.4475632664843,0.3464475632664843,0,0,0.0
2026-02-06T09:01:13.645116,3053,XRP/FDUSD,PAPER,SELL,1265.3187970685483,1.2997,1644.5348405499924,1.6445348405499924,0,0,0.0
2026-02-06T09:01:13.664747,3053,DOGE/FDUSD,PAPER,SELL,11521.741024549669,0.09078,1045.943650208619,1.045943650208619,0,0,0.0
2026-02-06T09:01:13.680375,3053,DOT/FDUSD,PAPER,SELL,173.09555999627426,1.277,221.0430301152422,0.2210430301152422,0,0,0.0
2026-02-06T09:01:13.696001,3053,LTC/FDUSD,PAPER,SELL,29.410494983365997,50.86,1495.8177748539945,1.4958177748539945,0,0,0.0
2026-02-06T09:01:13.724191,3053,LINK/FDUSD,PAPER,SELL,46.746672502737056,8.03,375.37578019697855,0.37537578019697854,0,0,0.0
2026-02-06T12:27:19.917482,3221,ADA/FDUSD,PAPER,BUY,1265.9007008486644,0.2617,331.2862134120955,0.3312862134120955,0,0,0.0
2026-02-06T12:27:19.933103,3221,DOT/FDUSD,PAPER,BUY,312.04445588646996,1.318,411.27459285836744,0.4112745928583674,0,0,0.0
2026-02-06T12:27:19.948727,3221,LTC/FDUSD,PAPER,BUY,4.962961557134832,52.36,259.86066713157976,0.2598606671315798,0,0,0.0
2026-02-06T12:28:34.141904,3222,ETH/FDUSD,PAPER,BUY,0.022335373826408596,1924.2,42.977726316775424,0.042977726316775426,0,0,0.0
2026-02-06T12:28:34.157519,3222,ADA/FDUSD,PAPER,BUY,1138.3510768560375,0.2617,297.90647681322497,0.29790647681322496,0,0,0.0
2026-02-06T12:28:34.173588,3222,DOT/FDUSD,PAPER,BUY,280.5970355817171,1.318,369.8268928967031,0.3698268928967031,0,0,0.0
2026-02-06T12:28:34.198841,3222,LTC/FDUSD,PAPER,BUY,4.465260282566857,52.36,233.80102839520063,0.23380102839520064,0,0,0.0
2026-02-06T12:29:46.546905,3223,ETH/FDUSD,PAPER,BUY,0.02006159214499548,1921.09,38.540124053829366,0.03854012405382937,0,0,0.0
2026-02-06T12:29:46.570831,3223,DOT/FDUSD,PAPER,BUY,260.04049116531166,1.318,342.7333673558808,0.3427333673558808,0,0,0.0
2026-02-06T12:30:58.962816,3224,ETH/FDUSD,PAPER,BUY,0.019224750167347093,1919.02,36.89268006614242,0.03689268006614242,0,0,0.0
2026-02-06T12:30:58.984650,3224,ADA/FDUSD,PAPER,BUY,980.7195539625977,0.2615,256.4581633612193,0.2564581633612193,0,0,0.0
2026-02-06T12:30:58.990376,3224,DOGE/FDUSD,PAPER,BUY,7855.315864963197,0.09326,732.5867575664677,0.7325867575664676,0,0,0.0
2026-02-06T12:30:59.017800,3224,DOT/FDUSD,PAPER,BUY,218.15569077591806,1.318,287.52920044266,0.28752920044266,0,0,0.0
2026-02-06T12:30:59.034700,3224,LTC/FDUSD,PAPER,BUY,3.4693547887572755,52.3,181.4472554520055,0.1814472554520055,0,0,0.0
2026-02-06T12:30:59.041714,3224,LINK/FDUSD,PAPER,BUY,19.070115920784406,8.3,158.2819621425106,0.15828196214251058,0,0,0.0
2026-02-06T12:32:13.131969,3225,DOT/FDUSD,PAPER,BUY,198.26840159434005,1.318,261.3177533013402,0.2613177533013402,0,0,0.0
2026-02-06T12:32:13.147585,3225,LTC/FDUSD,PAPER,BUY,3.1549303128182373,52.27,164.90820745100928,0.1649082074510093,0,0,0.0
2026-02-06T12:32:13.179159,3225,LINK/FDUSD,PAPER,BUY,17.331665235890707,8.29,143.67950480553395,0.14367950480553396,0,0,0.0
2026-02-06T12:34:39.985169,3227,LTC/FDUSD,PAPER,BUY,2.9979679176595155,52.21,156.5239049810033,0.15652390498100333,0,0,0.0
2026-02-06T12:37:07.468450,3229,ETH/FDUSD,PAPER,BUY,0.013578030443618286,1918.9,26.05488261825913,0.02605488261825913,0,0,0.0
2026-02-06T12:37:07.499089,3229,BNB/FDUSD,PAPER,BUY,0.017459612329463026,635.66,11.098377173346467,0.011098377173346467,0,0,0.0
2026-02-06T12:37:07.514713,3229,ADA/FDUSD,PAPER,BUY,690.5242298682269,0.2614,180.50303368755453,0.18050303368755455,0,0,0.0
2026-02-06T12:37:07.530340,3229,XRP/FDUSD,PAPER,BUY,126.60132840630571,1.3769,174.31736908264233,0.17431736908264234,0,0,0.0
2026-02-06T12:37:07.545964,3229,DOGE/FDUSD,PAPER,BUY,5358.310026225223,0.09328,499.8231592462888,0.49982315924628884,0,0,0.0
2026-02-06T12:37:07.561585,3229,DOT/FDUSD,PAPER,BUY,149.09455647681625,1.318,196.50662543644384,0.19650662543644384,0,0,0.0
2026-02-06T12:37:07.577210,3229,LTC/FDUSD,PAPER,BUY,2.3771837683501538,52.28,124.27916740934604,0.12427916740934605,0,0,0.0
2026-02-06T12:37:07.593259,3229,LINK/FDUSD,PAPER,BUY,13.049641528352161,8.29,108.18152827003941,0.1081815282700394,0,0,0.0
2026-02-06T12:38:21.091259,3230,ADA/FDUSD,PAPER,BUY,533.0912587677285,0.2617,139.50998241951456,0.13950998241951457,0,0,0.0
2026-02-06T12:38:21.106892,3230,LTC/FDUSD,PAPER,BUY,2.1815111923325823,52.31,114.11485047091739,0.11411485047091739,0,0,0.0
2026-02-06T12:38:21.122516,3230,LINK/FDUSD,PAPER,BUY,11.96036884530541,8.29,99.15145772758184,0.09915145772758184,0,0,0.0
2026-02-06T12:42:06.409653,3233,XRP/FDUSD,PAPER,BUY,93.8257023478037,1.3762,129.12293157104745,0.12912293157104746,0,0,0.0
2026-02-06T12:42:06.425696,3233,LTC/FDUSD,PAPER,BUY,2.010839662869987,52.37,105.30767314450122,0.10530767314450122,0,0,0.0
2026-02-06T12:51:57.296148,3241,ETH/FDUSD,PAPER,SELL,0.07519974658236946,1919.59,144.3526815420506,0.14435268154205058,0,0,0.0
2026-02-06T12:51:57.311772,3241,BNB/FDUSD,PAPER,SELL,0.017459612329463026,635.33,11.092615501277745,0.011092615501277745,0,0,0.0
2026-02-06T12:51:57.327396,3241,ADA/FDUSD,PAPER,SELL,4608.586820303255,0.2616,1205.6063121913314,1.2056063121913314,0,0,0.0
2026-02-06T12:51:57.343020,3241,XRP/FDUSD,PAPER,SELL,220.4270307541094,1.3729,302.6242705223168,0.30262427052231683,0,0,0.0
2026-02-06T12:51:57.374267,3241,DOGE/FDUSD,PAPER,SELL,13213.62589118842,0.09321,1231.6420693176726,1.2316420693176726,0,0,0.0
2026-02-06T12:51:57.391157,3241,DOT/FDUSD,PAPER,SELL,1418.200631480573,1.319,1870.6066329228759,1.8706066329228759,0,0,0.0
2026-02-06T12:51:57.398913,3241,LTC/FDUSD,PAPER,SELL,25.62000948248944,52.44,1343.5132972617462,1.3435132972617463,0,0,0.0
2026-02-06T12:51:57.430778,3241,LINK/FDUSD,PAPER,SELL,61.411791530332685,8.3,509.71786970176134,0.5097178697017614,0,0,0.0
2026-02-06T14:01:52.353749,3298,DOT/FDUSD,PAPER,BUY,307.81122498488065,1.33,409.3889292298913,0.4093889292298913,0,0,0.0
2026-02-06T14:01:52.385017,3298,LTC/FDUSD,PAPER,BUY,4.9493345074834245,53.45,264.54192942498906,0.26454192942498905,0,0,0.0
2026-02-06T16:13:26.504405,3405,LTC/FDUSD,PAPER,BUY,4.62783124032215,54.93,254.2067700308957,0.2542067700308957,0,0,0.0
2026-02-06T16:14:39.630430,3406,LTC/FDUSD,PAPER,BUY,4.499120354003475,54.93,247.13668104541088,0.2471366810454109,0,0,0.0
2026-02-06T16:15:52.751160,3407,LTC/FDUSD,PAPER,BUY,4.373144984091379,54.81,239.6920765780485,0.2396920765780485,0,0,0.0
2026-02-06T16:17:05.066039,3408,LTC/FDUSD,PAPER,BUY,4.260566963835281,54.97,234.20336600202538,0.23420336600202538,0,0,0.0
2026-02-06T16:18:18.755942,3409,LTC/FDUSD,PAPER,BUY,4.146084654623383,54.71,226.83229145444528,0.22683229145444528,0,0,0.0
2026-02-06T16:19:32.302905,3410,LTC/FDUSD,PAPER,BUY,4.037816478168725,54.87,221.55499015711794,0.22155499015711794,0,0,0.0
2026-02-06T16:20:50.017989,3411,LTC/FDUSD,PAPER,BUY,3.926281794495253,54.91,215.59213333573433,0.21559213333573435,0,0,0.0
2026-02-06T16:22:03.804862,3412,LTC/FDUSD,PAPER,BUY,3.814864403510157,55.0,209.8175421930586,0.20981754219305862,0,0,0.0
2026-02-06T16:23:16.358806,3413,LTC/FDUSD,PAPER,BUY,3.7167051220800715,54.95,204.23294645829995,0.20423294645829995,0,0,0.0
2026-02-06T16:24:29.513837,3414,ETH/FDUSD,PAPER,BUY,0.01612190838414304,2010.94,32.42019044600861,0.032420190446008613,0,0,0.0
2026-02-06T16:33:10.914893,3421,ETH/FDUSD,PAPER,BUY,0.016215787892431388,2032.45,32.957778101972174,0.032957778101972174,0,0,0.0
2026-02-06T16:33:10.930518,3421,LINK/FDUSD,PAPER,BUY,19.93363379635937,8.76,174.61863205610808,0.1746186320561081,0,0,0.0
2026-02-06T16:34:24.606767,3422,ETH/FDUSD,PAPER,BUY,0.01576622644593466,2027.7,31.969177364421707,0.03196917736442171,0,0,0.0
2026-02-06T16:34:24.622385,3422,ADA/FDUSD,PAPER,BUY,805.7549094915144,0.2789,224.72504425718333,0.22472504425718334,0,0,0.0
2026-02-06T16:34:24.647518,3422,DOT/FDUSD,PAPER,BUY,201.57202274139723,1.372,276.556815201197,0.276556815201197,0,0,0.0
2026-02-06T16:34:24.663666,3422,LINK/FDUSD,PAPER,BUY,18.002000396623227,8.77,157.8775434783857,0.1578775434783857,0,0,0.0
2026-02-06T16:36:51.695864,3424,LINK/FDUSD,PAPER,BUY,17.601357607408886,8.78,154.53991979305002,0.15453991979305,0,0,0.0
2026-02-06T16:38:05.234993,3425,ADA/FDUSD,PAPER,BUY,714.1180626008286,0.28,199.95305752823202,0.19995305752823203,0,0,0.0
2026-02-06T16:38:05.265089,3425,LTC/FDUSD,PAPER,BUY,3.0099738294571594,55.25,166.30105407750807,0.1663010540775081,0,0,0.0
2026-02-06T16:38:05.286488,3425,LINK/FDUSD,PAPER,BUY,16.192572223082813,8.78,142.1707841186671,0.1421707841186671,0,0,0.0
2026-02-06T16:39:18.142444,3426,ADA/FDUSD,PAPER,BUY,655.5968763369342,0.2791,182.97708818563834,0.18297708818563835,0,0,0.0
2026-02-06T16:39:18.158087,3426,LINK/FDUSD,PAPER,BUY,15.287774467449537,8.79,134.37953756888143,0.13437953756888144,0,0,0.0
2026-02-06T16:40:30.261685,3427,LINK/FDUSD,PAPER,BUY,14.91067603058579,8.76,130.61752202793153,0.13061752202793153,0,0,0.0
2026-02-06T16:41:43.286931,3428,LINK/FDUSD,PAPER,BUY,14.560922629798867,8.77,127.69929146333605,0.12769929146333606,0,0,0.0
2026-02-06T16:42:55.676627,3429,LINK/FDUSD,PAPER,BUY,14.201753204930483,8.77,124.54937560724034,0.12454937560724035,0,0,0.0
2026-02-06T17:07:30.818044,3449,ADA/FDUSD,PAPER,BUY,577.9476694871478,0.2773,160.26488874878606,0.16026488874878606,0,0,0.0
2026-02-06T17:15:11.906700,3455,LTC/FDUSD,PAPER,BUY,2.4077356627975846,55.48,133.58117457200999,0.13358117457201,0,0,0.0
2026-02-06T17:16:24.140423,3456,LTC/FDUSD,PAPER,BUY,2.345844114164663,55.65,130.5462249532635,0.1305462249532635,0,0,0.0
2026-02-06T17:22:37.328106,3461,LTC/FDUSD,PAPER,BUY,2.2855562442505644,55.87,127.69402736627903,0.12769402736627902,0,0,0.0
2026-02-06T17:57:15.973760,3488,ADA/FDUSD,PAPER,SELL,2166.021780760921,0.2813,609.3019269280471,0.6093019269280472,0,0,0.0
2026-02-06T17:57:15.989378,3488,LINK/FDUSD,PAPER,SELL,80.15695675182658,8.91,714.1984846587749,0.7141984846587749,0,0,0.0
2026-02-06T17:58:28.412149,3489,ADA/FDUSD,PAPER,SELL,462.08464656232974,0.2809,129.7995772193584,0.12979957721935842,0,0,0.0
2026-02-06T17:59:41.593796,3490,LINK/FDUSD,PAPER,SELL,30.994023277372936,8.89,275.5368669358454,0.2755368669358454,0,0,0.0
2026-02-06T18:32:22.621782,3514,ADA/FDUSD,PAPER,SELL,98.57805793329699,0.276,27.207543989589972,0.027207543989589973,0,0,0.0
2026-02-06T18:33:36.237010,3515,ADA/FDUSD,PAPER,SELL,21.029985692436686,0.2761,5.8063790496817695,0.0058063790496817695,0,0,0.0
2026-02-06T19:21:04.242102,3553,DOT/FDUSD,PAPER,BUY,176.36155977662838,1.355,238.96991349733145,0.23896991349733146,0,0,0.0
2026-02-06T19:22:18.271122,3554,DOT/FDUSD,PAPER,BUY,169.07194863919437,1.352,228.5852745601908,0.22858527456019082,0,0,0.0
2026-02-06T19:23:31.810876,3555,DOT/FDUSD,PAPER,BUY,162.0836414287744,1.356,219.7854177774181,0.2197854177774181,0,0,0.0
2026-02-06T19:24:44.887741,3556,DOT/FDUSD,PAPER,BUY,155.73813455552647,1.358,211.49238672640496,0.21149238672640497,0,0,0.0
2026-02-06T19:25:57.904186,3557,DOT/FDUSD,PAPER,BUY,149.4144089034678,1.359,203.05418169981274,0.20305418169981274,0,0,0.0
2026-02-06T19:27:10.980116,3558,DOT/FDUSD,PAPER,BUY,143.23861333545779,1.361,194.94775274955805,0.19494775274955806,0,0,0.0
2026-02-06T19:28:25.271246,3559,DOT/FDUSD,PAPER,BUY,137.31808398425892,1.359,186.61527613460788,0.18661527613460788,0,0,0.0
2026-02-06T19:29:38.119418,3560,DOT/FDUSD,PAPER,BUY,131.94305187940245,1.357,179.04672140034913,0.17904672140034913,0,0,0.0
2026-02-06T19:30:57.231173,3561,DOT/FDUSD,PAPER,BUY,126.39314286919762,1.357,171.51549487350115,0.17151549487350115,0,0,0.0
2026-02-06T20:00:20.593150,3585,LINK/FDUSD,PAPER,SELL,11.984355667250867,8.84,105.94170409849767,0.10594170409849767,0,0,0.0
2026-02-06T20:01:33.192091,3586,LINK/FDUSD,PAPER,SELL,4.633950858003668,8.85,41.010465093332456,0.041010465093332456,0,0,0.0
2026-02-06T20:05:13.940957,3589,LINK/FDUSD,PAPER,SELL,1.7917943317614178,8.83,15.82154394945332,0.01582154394945332,0,0,0.0
2026-02-06T20:29:47.622300,3609,BNB/FDUSD,PAPER,BUY,0.012489267781270746,660.73,8.25203390111902,0.00825203390111902,0,0,0.0
2026-02-06T20:29:47.653525,3609,XRP/FDUSD,PAPER,BUY,84.99981021684344,1.4531,123.51322422609522,0.12351322422609522,0,0,0.0
2026-02-06T20:29:47.669150,3609,DOGE/FDUSD,PAPER,BUY,577.6604224687358,0.09871,57.02086030188891,0.05702086030188891,0,0,0.0
2026-02-06T20:31:01.606382,3610,XRP/FDUSD,PAPER,BUY,81.35894052329293,1.4509,118.04368680524571,0.11804368680524571,0,0,0.0
2026-02-06T20:31:01.639639,3610,DOGE/FDUSD,PAPER,BUY,552.0748179714751,0.09862,54.44561854834688,0.05444561854834688,0,0,0.0
2026-02-06T20:39:40.502332,3617,DOT/FDUSD,PAPER,BUY,114.60601887635517,1.362,156.09339770959573,0.15609339770959574,0,0,0.0
2026-02-06T20:40:53.676593,3618,DOT/FDUSD,PAPER,BUY,109.86897009613244,1.36,149.42179933074013,0.14942179933074012,0,0,0.0
2026-02-06T20:47:04.436362,3623,ADA/FDUSD,PAPER,SELL,4.486396947719824,0.2761,1.2386941972654433,0.0012386941972654434,0,0,0.0
2026-02-06T21:39:48.471410,3666,LINK/FDUSD,PAPER,SELL,0.6928271416144147,8.86,6.138448474703714,0.006138448474703714,0,0,0.0
2026-02-06T21:41:00.949633,3667,LINK/FDUSD,PAPER,SELL,0.26789316142424036,8.85,2.370854478604527,0.002370854478604527,0,0,0.0
2026-02-06T22:23:56.448633,3702,LINK/FDUSD,PAPER,SELL,0.10358535575070625,8.88,0.9198379590662716,0.0009198379590662717,0,0,0.0
2026-02-06T22:42:14.662691,3717,ETH/FDUSD,PAPER,BUY,0.007701659758999974,2074.0,15.973242340165946,0.015973242340165946,0,0,0.0
2026-02-06T22:42:14.678314,3717,BNB/FDUSD,PAPER,BUY,0.010239084653521168,665.27,6.811755847448028,0.0068117558474480285,0,0,0.0
2026-02-06T22:42:14.693938,3717,XRP/FDUSD,PAPER,BUY,68.21539022067716,1.4837,101.21117447041871,0.10121117447041872,0,0,0.0
2026-02-06T22:42:14.709564,3717,DOGE/FDUSD,PAPER,BUY,459.0838152541842,0.09935,45.60997704550319,0.045609977045503194,0,0,0.0
2026-02-06T22:42:14.731193,3717,DOT/FDUSD,PAPER,BUY,96.35998466220781,1.383,133.2658587878334,0.1332658587878334,0,0,0.0
2026-02-06T22:42:14.746821,3717,LTC/FDUSD,PAPER,BUY,1.5584960247304167,55.6,86.65237897501117,0.08665237897501117,0,0,0.0
2026-02-06T22:43:29.195228,3718,ETH/FDUSD,PAPER,BUY,0.006838022670909369,2075.74,14.193957178913411,0.014193957178913412,0,0,0.0
2026-02-06T22:43:29.227017,3718,BNB/FDUSD,PAPER,BUY,0.009088463613187488,665.3,6.046554841853635,0.006046554841853635,0,0,0.0
2026-02-06T22:43:29.244674,3718,XRP/FDUSD,PAPER,BUY,60.669954232461606,1.4823,89.93107315877783,0.08993107315877784,0,0,0.0
2026-02-06T22:43:29.260316,3718,DOGE/FDUSD,PAPER,BUY,408.1903305774799,0.09928,40.5251360197322,0.040525136019732205,0,0,0.0
2026-02-06T22:43:29.291547,3718,DOT/FDUSD,PAPER,BUY,85.74258476097793,1.383,118.58199472443248,0.11858199472443248,0,0,0.0
2026-02-06T22:43:29.307171,3718,LTC/FDUSD,PAPER,BUY,1.3890240183245552,55.6,77.22973541884528,0.07722973541884529,0,0,0.0
2026-02-06T22:44:42.787807,3719,DOT/FDUSD,PAPER,BUY,41.12099641376881,1.382,56.829217043828486,0.056829217043828484,0,0,0.0
2026-02-06T22:45:55.921108,3720,DOT/FDUSD,PAPER,BUY,1.6146413462379314,1.382,2.231434340500821,0.002231434340500821,0,0,0.0
2026-02-06T22:47:15.065535,3721,DOT/FDUSD,PAPER,BUY,1.2013047097984781,1.382,1.6602031089414966,0.0016602031089414965,0,0,0.0
2026-02-06T22:49:40.784766,3723,LTC/FDUSD,PAPER,BUY,1.3211310246121997,55.61,73.46809627868443,0.07346809627868443,0,0,0.0
2026-02-06T22:50:53.282993,3724,DOT/FDUSD,PAPER,BUY,1.5220963726592345,1.386,2.1096255725056987,0.0021096255725056986,0,0,0.0
2026-02-06T22:50:53.314232,3724,LTC/FDUSD,PAPER,BUY,0.8789531881125399,55.59,48.861007727176094,0.048861007727176095,0,0,0.0
2026-02-06T22:52:07.086386,3725,BNB/FDUSD,PAPER,BUY,0.007565140903299475,666.75,5.0440576972749245,0.005044057697274925,0,0,0.0
2026-02-06T22:52:07.117639,3725,DOT/FDUSD,PAPER,BUY,3.8081014630206482,1.385,5.274220526283598,0.005274220526283598,0,0,0.0
2026-02-06T23:21:27.489273,3749,DOT/FDUSD,PAPER,BUY,4.128284437996172,1.369,5.651621395616759,0.00565162139561676,0,0,0.0
2026-02-06T23:51:18.667289,3773,DOT/FDUSD,PAPER,BUY,0.35849347717112323,1.371,0.49149455720160995,0.0004914945572016099,0,0,0.0
2026-02-06T23:52:31.681821,3774,ETH/FDUSD,PAPER,BUY,0.005559908422903367,2061.2,11.46008324128842,0.01146008324128842,0,0,0.0
2026-02-06T23:52:31.697439,3774,DOGE/FDUSD,PAPER,BUY,346.49765662372147,0.09848,34.12308922430409,0.03412308922430409,0,0,0.0
2026-02-06T23:52:31.713063,3774,DOT/FDUSD,PAPER,BUY,0.1400876260458972,1.371,0.19206013530892505,0.00019206013530892506,0,0,0.0
2026-02-06T23:54:59.017728,3776,DOT/FDUSD,PAPER,BUY,3.2324434213765016,1.371,4.431679930707184,0.004431679930707184,0,0,0.0
2026-02-07T00:04:48.151106,3784,ADA/FDUSD,PAPER,SELL,0.9570980155135623,0.275,0.26320195426622967,0.0002632019542662297,0,0,0.0
2026-02-07T00:16:59.008254,3794,XRP/FDUSD,PAPER,BUY,49.841832524912775,1.4865,74.08988404828284,0.07408988404828284,0,0,0.0
2026-02-07T00:55:00.233780,3825,LINK/FDUSD,PAPER,SELL,0.04005300422360641,8.87,0.3552701474633888,0.0003552701474633888,0,0,0.0
2026-02-07T01:10:54.354901,3838,ADA/FDUSD,PAPER,SELL,0.20418090997622662,0.272,0.055537207513533644,5.5537207513533646e-05,0,0,0.0
2026-02-07T01:10:54.370534,3838,LINK/FDUSD,PAPER,SELL,0.01548716163312781,8.83,0.13675163722051856,0.00013675163722051857,0,0,0.0
2026-02-07T01:12:08.905730,3839,LINK/FDUSD,PAPER,SELL,0.005988369164809418,8.82,0.05281741603361907,5.2817416033619074e-05,0,0,0.0
2026-02-07T05:03:19.763741,3856,DOGE/FDUSD,PAPER,BUY,332.6166262729307,0.09829,32.69288819636636,0.032692888196366364,0,0,0.0
2026-02-07T05:03:19.785325,3856,LTC/FDUSD,PAPER,BUY,0.021344905759555388,54.71,1.1677797941052752,0.0011677797941052753,0,0,0.0
2026-02-07T05:04:32.866474,3857,LTC/FDUSD,PAPER,BUY,0.021061847514374676,54.71,1.1522936775114385,0.0011522936775114386,0,0,0.0
2026-02-07T05:05:47.251429,3858,LTC/FDUSD,PAPER,BUY,0.031052154642360108,54.71,1.6988633804835216,0.0016988633804835215,0,0,0.0
2026-02-07T05:06:59.661409,3859,LTC/FDUSD,PAPER,BUY,0.03069232531894528,54.71,1.6791771181994963,0.0016791771181994964,0,0,0.0
2026-02-07T05:08:12.247003,3860,LTC/FDUSD,PAPER,BUY,0.017548767375437535,54.71,0.9600930631101876,0.0009600930631101876,0,0,0.0
2026-02-07T05:50:36.918824,3894,LINK/FDUSD,PAPER,SELL,0.002315502743726308,8.93,0.02067743950147593,2.067743950147593e-05,0,0,0.0
2026-02-07T05:51:49.885812,3895,LINK/FDUSD,PAPER,SELL,0.0008953277275741724,8.93,0.007995276607237358,7.995276607237358e-06,0,0,0.0
2026-02-07T05:56:42.322675,3899,LINK/FDUSD,PAPER,SELL,0.00034619338799534664,8.93,0.0030915069547984455,3.0915069547984454e-06,0,0,0.0
2026-02-07T06:07:41.039290,3908,BNB/FDUSD,PAPER,BUY,0.006967607854569437,655.96,4.570472048283368,0.0045704720482833685,0,0,0.0
2026-02-07T06:07:41.070516,3908,XRP/FDUSD,PAPER,BUY,47.019058846294456,1.4635,68.81239262155194,0.06881239262155193,0,0,0.0
2026-02-07T06:07:41.086153,3908,LTC/FDUSD,PAPER,BUY,0.17872913226330667,54.7,9.776483534802875,0.009776483534802875,0,0,0.0
2026-02-07T06:08:54.923213,3909,ETH/FDUSD,PAPER,BUY,0.004939715713356149,2088.37,10.31595410430158,0.01031595410430158,0,0,0.0
2026-02-07T06:08:54.938835,3909,BNB/FDUSD,PAPER,BUY,0.006691090825179005,655.2,4.384002708657285,0.0043840027086572845,0,0,0.0
2026-02-07T06:08:54.970103,3909,XRP/FDUSD,PAPER,BUY,45.138985111573845,1.4618,65.98416843609864,0.06598416843609864,0,0,0.0
2026-02-07T06:10:08.549402,3910,BNB/FDUSD,PAPER,BUY,0.006481633607137237,655.5,4.248710829478458,0.004248710829478458,0,0,0.0
2026-02-07T06:22:23.770987,3920,ADA/FDUSD,PAPER,SELL,0.04355859412826165,0.2735,0.011913275494079563,1.1913275494079563e-05,0,0,0.0
2026-02-07T06:23:41.652112,3921,ADA/FDUSD,PAPER,SELL,0.009292500080695817,0.2743,0.0025489327721348624,2.5489327721348626e-06,0,0,0.0
2026-02-07T06:28:33.708772,3925,LINK/FDUSD,PAPER,SELL,0.00013386144335820067,8.96,0.001199398532489478,1.199398532489478e-06,0,0,0.0
2026-02-07T06:29:46.485410,3926,LINK/FDUSD,PAPER,SELL,5.175975809850425e-05,8.96,0.0004637674325625981,4.6376743256259815e-07,0,0,0.0
2026-02-07T06:30:59.964106,3927,LINK/FDUSD,PAPER,SELL,2.001377313142164e-05,8.93,0.00017872299406359522,1.7872299406359522e-07,0,0,0.0
2026-02-07T06:50:37.685849,3943,LINK/FDUSD,PAPER,SELL,7.738658944149699e-06,8.92,6.902883778181532e-05,6.902883778181532e-08,0,0,0.0
2026-02-07T07:15:10.303217,3963,BNB/FDUSD,PAPER,BUY,0.006503903740539822,637.82,4.1483198837911095,0.00414831988379111,0,0,0.0
2026-02-07T07:15:10.334446,3963,ADA/FDUSD,PAPER,BUY,247.2371339862834,0.2681,66.28427562172259,0.0662842756217226,0,0,0.0
2026-02-07T07:15:10.350069,3963,DOGE/FDUSD,PAPER,BUY,291.86711699519174,0.0958,27.960869808139368,0.027960869808139367,0,0,0.0
2026-02-07T07:18:48.822833,3966,BNB/FDUSD,PAPER,BUY,0.006203037672231154,635.47,3.9418443495727318,0.003941844349572732,0,0,0.0
2026-02-07T07:20:02.824361,3967,ETH/FDUSD,PAPER,BUY,0.004544870465098674,2007.71,9.12478188148326,0.00912478188148326,0,0,0.0
2026-02-07T07:20:02.855590,3967,BNB/FDUSD,PAPER,BUY,0.006176374338440149,635.44,3.9247153096184086,0.003924715309618409,0,0,0.0
2026-02-07T07:20:02.871215,3967,ADA/FDUSD,PAPER,BUY,234.36382563350574,0.2677,62.73919612208949,0.06273919612208949,0,0,0.0
2026-02-07T07:20:02.886840,3967,XRP/FDUSD,PAPER,BUY,39.954418237737116,1.418,56.655365061111226,0.056655365061111226,0,0,0.0
2026-02-07T07:20:02.902463,3967,DOGE/FDUSD,PAPER,BUY,268.5910918756854,0.09532,25.60210287759033,0.025602102877590332,0,0,0.0
2026-02-07T07:21:15.549546,3968,ETH/FDUSD,PAPER,BUY,0.004186828555715713,2013.75,8.431226004072517,0.008431226004072517,0,0,0.0
2026-02-07T07:21:15.565171,3968,BNB/FDUSD,PAPER,BUY,0.0056921344963902915,637.29,3.6275403932045687,0.0036275403932045686,0,0,0.0
2026-02-07T07:21:15.580795,3968,XRP/FDUSD,PAPER,BUY,38.153157420491425,1.425,54.368249324200285,0.054368249324200285,0,0,0.0
2026-02-07T07:21:15.596419,3968,DOGE/FDUSD,PAPER,BUY,256.2234514957149,0.09595,24.584640171013845,0.024584640171013847,0,0,0.0
2026-02-07T07:22:29.205556,3969,ETH/FDUSD,PAPER,BUY,0.003994013580208067,2007.83,8.019300286749163,0.008019300286749163,0,0,0.0
2026-02-07T07:22:29.236780,3969,BNB/FDUSD,PAPER,BUY,0.005429221994876554,635.42,3.4498362399844598,0.00344983623998446,0,0,0.0
2026-02-07T07:22:29.252404,3969,XRP/FDUSD,PAPER,BUY,36.41379833492681,1.4149,51.52188326408795,0.05152188326408795,0,0,0.0
2026-02-07T07:22:29.268029,3969,DOGE/FDUSD,PAPER,BUY,244.7573743431917,0.09539,23.34740593859706,0.02334740593859706,0,0,0.0
2026-02-07T07:23:42.282782,3970,BNB/FDUSD,PAPER,BUY,0.0051788567911650735,634.99,3.28852227382191,0.00328852227382191,0,0,0.0
2026-02-07T07:25:00.512295,3971,ETH/FDUSD,PAPER,BUY,0.003803098332182106,2012.02,7.651909906317041,0.007651909906317041,0,0,0.0
2026-02-07T07:25:00.527916,3971,BNB/FDUSD,PAPER,BUY,0.005154929037436834,636.29,3.2800297972306827,0.003280029797230683,0,0,0.0
2026-02-07T07:26:12.530383,3972,ETH/FDUSD,PAPER,BUY,0.003783773701387952,2018.62,7.638001269095747,0.007638001269095747,0,0,0.0
2026-02-07T07:26:12.545987,3972,BNB/FDUSD,PAPER,BUY,0.005123396795572999,637.8,3.267702476216458,0.003267702476216458,0,0,0.0
2026-02-07T07:26:12.561611,3972,DOGE/FDUSD,PAPER,BUY,1621.1411603281726,0.09586,155.40259162905863,0.15540259162905865,0,0,0.0
2026-02-07T07:26:12.577235,3972,LTC/FDUSD,PAPER,BUY,0.07862590694802662,53.46,4.203340985441503,0.004203340985441503,0,0,0.0
2026-02-07T07:27:25.025325,3973,ETH/FDUSD,PAPER,BUY,0.0033998830890761833,2021.53,6.872965661060177,0.006872965661060177,0,0,0.0
2026-02-07T07:27:25.040931,3973,BNB/FDUSD,PAPER,BUY,0.004605352427650658,638.38,2.939964882763627,0.002939964882763627,0,0,0.0
2026-02-07T07:27:25.056553,3973,ADA/FDUSD,PAPER,BUY,174.99924726265505,0.2685,46.98729789002288,0.04698729789002288,0,0,0.0
2026-02-07T07:27:25.072178,3973,XRP/FDUSD,PAPER,BUY,29.946672720463653,1.4218,42.57817927395522,0.04257817927395522,0,0,0.0
2026-02-07T07:27:25.103422,3973,DOGE/FDUSD,PAPER,BUY,1369.3996099672304,0.09565,130.98307269336559,0.1309830726933656,0,0,0.0
2026-02-07T07:28:37.761320,3974,ETH/FDUSD,PAPER,BUY,0.0028712572648787182,2021.88,5.805337638712984,0.005805337638712983,0,0,0.0
2026-02-07T07:28:37.776943,3974,BNB/FDUSD,PAPER,BUY,0.003886862962605514,638.65,2.4823450310680113,0.0024823450310680114,0,0,0.0
2026-02-07T07:28:37.792569,3974,XRP/FDUSD,PAPER,BUY,26.140636597267417,1.4204,37.13016022275864,0.03713016022275864,0,0,0.0
2026-02-07T07:28:37.808192,3974,DOGE/FDUSD,PAPER,BUY,175.31454609882712,0.0958,16.795133516267637,0.016795133516267637,0,0,0.0
2026-02-07T07:29:50.443446,3975,ETH/FDUSD,PAPER,BUY,0.0027324655148006916,2022.09,5.52529119282333,0.00552529119282333,0,0,0.0
2026-02-07T07:29:50.459059,3975,LTC/FDUSD,PAPER,BUY,0.014890918114815577,53.46,0.7960684824180407,0.0007960684824180408,0,0,0.0
2026-02-07T07:31:02.904723,3976,ETH/FDUSD,PAPER,BUY,0.002723960460628408,2023.96,5.513187013893472,0.005513187013893472,0,0,0.0
2026-02-07T07:31:02.920345,3976,BNB/FDUSD,PAPER,BUY,0.003681634625782207,639.05,2.3527486076061193,0.0023527486076061195,0,0,0.0
2026-02-07T07:31:02.935970,3976,DOGE/FDUSD,PAPER,BUY,1165.4397860272866,0.09603,111.91718265220034,0.11191718265220034,0,0,0.0
2026-02-07T07:31:02.967217,3976,LINK/FDUSD,PAPER,BUY,3.014281478126619,8.71,26.254391674482857,0.026254391674482857,0,0,0.0
2026-02-07T07:32:16.221634,3977,ETH/FDUSD,PAPER,BUY,0.0024140627046533164,2017.26,4.869792131588949,0.004869792131588949,0,0,0.0
2026-02-07T07:32:16.237234,3977,BNB/FDUSD,PAPER,BUY,0.003250088994446329,637.17,2.0708592045913674,0.0020708592045913673,0,0,0.0
2026-02-07T07:32:16.252859,3977,ADA/FDUSD,PAPER,BUY,123.63304985568084,0.2678,33.10893075135132,0.03310893075135132,0,0,0.0
2026-02-07T07:32:16.274496,3977,XRP/FDUSD,PAPER,BUY,21.122603111050466,1.4158,29.90538148462525,0.029905381484625248,0,0,0.0
2026-02-07T07:32:16.300169,3977,DOGE/FDUSD,PAPER,BUY,967.0779294258264,0.09568,92.53001628746307,0.09253001628746307,0,0,0.0
2026-02-07T07:32:16.315798,3977,LINK/FDUSD,PAPER,BUY,2.4950243434357757,8.7,21.706711787891248,0.02170671178789125,0,0,0.0
2026-02-07T07:49:30.080980,3991,ETH/FDUSD,PAPER,SELL,0.10759744295730778,2030.85,218.5142670298485,0.2185142670298485,0,0,0.0
2026-02-07T07:49:30.096602,3991,BNB/FDUSD,PAPER,SELL,0.12040808311530214,639.91,77.05033646631298,0.07705033646631299,0,0,0.0
2026-02-07T07:49:30.112226,3991,ADA/FDUSD,PAPER,SELL,780.2357767381469,0.2686,209.57132963186626,0.20957132963186625,0,0,0.0
2026-02-07T07:49:30.127850,3991,XRP/FDUSD,PAPER,SELL,628.9752580979931,1.4181,891.949813508764,0.891949813508764,0,0,0.0
2026-02-07T07:49:30.143489,3991,DOGE/FDUSD,PAPER,SELL,9035.935735725654,0.09601,867.54018998702,0.86754018998702,0,0,0.0
2026-02-07T07:49:30.159113,3991,DOT/FDUSD,PAPER,SELL,2324.6498407619342,1.337,3108.056837098706,3.1080568370987063,0,0,0.0
2026-02-07T07:49:30.174737,3991,LTC/FDUSD,PAPER,SELL,57.942410566999804,53.75,3114.4045679762394,3.1144045679762393,0,0,0.0
2026-02-07T07:49:30.190360,3991,LINK/FDUSD,PAPER,SELL,5.509310700282164,8.73,48.09628241346329,0.048096282413463295,0,0,0.0
2026-02-07T07:51:55.724865,3993,ETH/FDUSD,PAPER,BUY,0.0236648544931244,2030.44,48.05006715701951,0.04805006715701951,0,0,0.0
2026-02-07T07:51:55.740484,3993,BNB/FDUSD,PAPER,BUY,0.07174932351986146,639.71,45.898759748890576,0.04589875974889058,0,0,0.0
2026-02-07T07:51:55.756109,3993,ADA/FDUSD,PAPER,BUY,1175.1513243784786,0.2692,316.3507365226864,0.3163507365226864,0,0,0.0
2026-02-07T07:51:55.771731,3993,XRP/FDUSD,PAPER,BUY,195.48920442279965,1.4186,277.3209853941836,0.2773209853941836,0,0,0.0
2026-02-07T07:51:55.787356,3993,LINK/FDUSD,PAPER,BUY,26.967532850218923,8.73,235.4265617824112,0.2354265617824112,0,0,0.0
2026-02-07T07:53:08.202800,3994,BTC/FDUSD,PAPER,BUY,0.013074890276908436,68340.55,893.5451927135748,0.8935451927135748,0,0,0.0
2026-02-07T07:54:22.124782,3995,ADA/FDUSD,PAPER,SELL,7.834342162523171,0.2695,2.1113552127999946,0.0021113552127999947,0,0,0.0
2026-02-07T07:54:22.156029,3995,XRP/FDUSD,PAPER,SELL,32.5815340704666,1.4158,46.12893593696661,0.04612893593696661,0,0,0.0
2026-02-07T07:54:22.171654,3995,LINK/FDUSD,PAPER,SELL,11.146580244757157,8.73,97.30964553672999,0.09730964553673,0,0,0.0
2026-02-07T07:55:35.758683,3996,LINK/FDUSD,PAPER,SELL,3.4806095732015887,8.72,30.350915478317855,0.030350915478317857,0,0,0.0
2026-02-07T07:56:48.381620,3997,LINK/FDUSD,PAPER,SELL,4.607061398710466,8.7,40.08143416878105,0.04008143416878105,0,0,0.0
2026-02-07T08:01:47.319135,4001,DOT/FDUSD,PAPER,BUY,258.58540601352024,1.331,344.1771754039954,0.34417717540399545,0,0,0.0
2026-02-07T08:04:14.185819,4003,LTC/FDUSD,PAPER,BUY,4.174135734504396,53.6,223.73367536943562,0.22373367536943561,0,0,0.0
2026-02-07T08:05:26.537724,4004,LTC/FDUSD,PAPER,BUY,4.0572599339382736,53.6,217.46913245909147,0.21746913245909147,0,0,0.0
2026-02-07T08:10:19.024900,4008,BTC/FDUSD,PAPER,SELL,0.008978091323477128,68050.67,610.9651298838053,0.6109651298838052,0,0,0.0
2026-02-07T08:26:21.347287,4021,LINK/FDUSD,PAPER,SELL,4.74307940191049,8.72,41.35965238465947,0.04135965238465947,0,0,0.0
2026-02-07T09:08:00.264472,4055,BTC/FDUSD,PAPER,SELL,0.0028131352813561654,68672.41,193.18477942675597,0.19318477942675596,0,0,0.0
2026-02-07T09:08:00.295707,4055,LINK/FDUSD,PAPER,SELL,1.833990702072056,8.72,15.99239892206833,0.01599239892206833,0,0,0.0
2026-02-07T09:20:15.991598,4065,LTC/FDUSD,PAPER,BUY,4.2745893384521345,53.87,230.27212766241647,0.23027212766241648,0,0,0.0
2026-02-07T09:21:29.754111,4066,LTC/FDUSD,PAPER,BUY,4.163149151215997,53.87,224.26884477600575,0.22426884477600575,0,0,0.0
2026-02-07T09:26:20.969664,4070,BNB/FDUSD,PAPER,BUY,0.02436825119588297,640.51,15.608108573475,0.015608108573475001,0,0,0.0
2026-02-07T09:26:21.000894,4070,XRP/FDUSD,PAPER,BUY,162.30460841947766,1.4244,231.186684232704,0.23118668423270403,0,0,0.0
2026-02-07T09:26:21.016518,4070,DOGE/FDUSD,PAPER,BUY,1093.1679665013053,0.09598,104.92226142479528,0.10492226142479529,0,0,0.0
2026-02-07T09:26:21.032140,4070,DOT/FDUSD,PAPER,BUY,229.2708058968659,1.343,307.9106923194909,0.3079106923194909,0,0,0.0
2026-02-07T09:27:38.356928,4071,ETH/FDUSD,PAPER,BUY,0.01678985794056169,2027.59,34.04294806170348,0.03404294806170348,0,0,0.0
2026-02-07T09:27:38.372538,4071,BNB/FDUSD,PAPER,BUY,0.02231508361586322,639.87,14.278752553282398,0.0142787525532824,0,0,0.0
2026-02-07T09:27:38.388160,4071,XRP/FDUSD,PAPER,BUY,149.01477422855294,1.4199,211.58607792712232,0.21158607792712233,0,0,0.0
2026-02-07T09:27:38.403784,4071,DOGE/FDUSD,PAPER,BUY,1003.6259779667653,0.09598,96.32802136525012,0.09632802136525012,0,0,0.0
2026-02-07T09:27:38.435030,4071,DOT/FDUSD,PAPER,BUY,210.3426029290581,1.341,282.0694305278669,0.2820694305278669,0,0,0.0
2026-02-07T09:27:38.450654,4071,LTC/FDUSD,PAPER,BUY,3.4007199753474104,53.94,183.4348354702393,0.1834348354702393,0,0,0.0
2026-02-07T09:28:50.652819,4072,ETH/FDUSD,PAPER,BUY,0.014890737407056133,2023.77,30.13542764227799,0.03013542764227799,0,0,0.0
2026-02-07T09:28:50.668439,4072,BNB/FDUSD,PAPER,BUY,0.0197899576106092,638.85,12.642814419537688,0.012642814419537688,0,0,0.0
2026-02-07T09:28:50.684063,4072,ADA/FDUSD,PAPER,BUY,747.1138526128414,0.2682,200.37593527076405,0.20037593527076406,0,0,0.0
2026-02-07T09:28:50.699687,4072,XRP/FDUSD,PAPER,BUY,128.19730538051544,1.4161,181.54020414934791,0.1815402041493479,0,0,0.0
2026-02-07T09:28:50.715325,4072,DOGE/FDUSD,PAPER,BUY,859.6238612056977,0.09581,82.3605621421179,0.0823605621421179,0,0,0.0
2026-02-07T09:28:50.731439,4072,DOT/FDUSD,PAPER,BUY,180.914957220877,1.34,242.4260426759752,0.2424260426759752,0,0,0.0
2026-02-07T09:28:50.747067,4072,LTC/FDUSD,PAPER,BUY,2.92650633682587,53.78,157.3875107944953,0.1573875107944953,0,0,0.0
2026-02-07T09:30:05.898287,4073,BNB/FDUSD,PAPER,BUY,0.01702631271079419,638.86,10.877430138417976,0.010877430138417977,0,0,0.0
2026-02-07T09:30:05.929539,4073,DOT/FDUSD,PAPER,BUY,167.75143667797965,1.34,224.78692514849274,0.22478692514849274,0,0,0.0
2026-02-07T09:31:18.129187,4074,DOT/FDUSD,PAPER,BUY,161.05334097386663,1.338,215.48937022303355,0.21548937022303355,0,0,0.0
2026-02-07T09:34:56.873008,4077,LTC/FDUSD,PAPER,BUY,2.6104759374322306,53.52,139.712672171373,0.13971267217137298,0,0,0.0
2026-02-07T09:36:09.384007,4078,BNB/FDUSD,PAPER,BUY,0.015241418225813735,637.16,9.711222036759478,0.00971122203675948,0,0,0.0
2026-02-07T09:36:09.399614,4078,ADA/FDUSD,PAPER,BUY,575.3416050086662,0.2676,153.96141350031908,0.15396141350031908,0,0,0.0
2026-02-07T09:36:09.415238,4078,LTC/FDUSD,PAPER,BUY,2.4553145564210226,53.52,131.40843505965313,0.13140843505965313,0,0,0.0
2026-02-07T09:38:36.074932,4080,BNB/FDUSD,PAPER,BUY,0.01432732962945757,636.9,9.125076241001526,0.009125076241001527,0,0,0.0
2026-02-07T09:38:36.090552,4080,XRP/FDUSD,PAPER,BUY,96.01355300068758,1.4124,135.60954225817116,0.13560954225817115,0,0,0.0
2026-02-07T09:47:08.202908,4087,LINK/FDUSD,PAPER,SELL,0.7091430714678616,8.62,6.112813276052966,0.006112813276052967,0,0,0.0
2026-02-07T09:48:21.918675,4088,LINK/FDUSD,PAPER,SELL,0.2742019876342398,8.62,2.363621133407147,0.002363621133407147,0,0,0.0
2026-02-07T10:04:21.289918,4101,DOT/FDUSD,PAPER,BUY,137.99734621782295,1.337,184.50245189322928,0.18450245189322928,0,0,0.0
2026-02-07T10:06:47.397963,4103,DOT/FDUSD,PAPER,BUY,132.5876592934926,1.333,176.73934983822565,0.17673934983822565,0,0,0.0
2026-02-07T10:34:56.654758,4126,DOT/FDUSD,PAPER,BUY,126.35802600461466,1.327,167.67710050812366,0.16767710050812365,0,0,0.0
2026-02-07T10:36:08.946361,4127,DOT/FDUSD,PAPER,BUY,121.31402498033003,1.327,160.98371114889795,0.16098371114889795,0,0,0.0
2026-02-07T10:37:21.800099,4128,ADA/FDUSD,PAPER,BUY,442.0367733219696,0.2668,117.93541112230147,0.11793541112230148,0,0,0.0
2026-02-07T10:37:21.815720,4128,DOT/FDUSD,PAPER,BUY,112.6612660112446,1.327,149.50149999692158,0.14950149999692158,0,0,0.0
2026-02-07T10:38:34.830162,4129,ADA/FDUSD,PAPER,BUY,410.80077402448796,0.2668,109.60164650973338,0.10960164650973339,0,0,0.0
2026-02-07T10:38:34.845769,4129,DOT/FDUSD,PAPER,BUY,104.54845313826422,1.327,138.73579731447663,0.13873579731447663,0,0,0.0
2026-02-07T10:38:34.877015,4129,LTC/FDUSD,PAPER,BUY,1.676653260762997,53.2,89.19795347259144,0.08919795347259143,0,0,0.0
2026-02-07T10:39:48.192381,4130,ADA/FDUSD,PAPER,BUY,370.27590649779904,0.2666,98.71555667231323,0.09871555667231323,0,0,0.0
2026-02-07T10:39:48.224113,4130,LTC/FDUSD,PAPER,BUY,1.5775563464388611,53.13,83.8155686862967,0.08381556868629671,0,0,0.0
2026-02-07T10:41:06.094064,4131,ADA/FDUSD,PAPER,BUY,348.3911193201534,0.2666,92.88107241075289,0.0928810724107529,0,0,0.0
2026-02-07T10:41:06.109686,4131,LTC/FDUSD,PAPER,BUY,1.4881161325671606,53.13,79.06361012329324,0.07906361012329324,0,0,0.0
2026-02-07T10:42:18.962772,4132,ADA/FDUSD,PAPER,BUY,327.79981060385535,0.2666,87.39142950698783,0.08739142950698783,0,0,0.0
2026-02-07T10:49:37.783233,4138,LINK/FDUSD,PAPER,SELL,0.10602476855190603,8.6,0.9118130095463918,0.0009118130095463918,0,0,0.0
2026-02-07T11:06:52.464469,4152,LTC/FDUSD,PAPER,BUY,1.4006457459818975,53.41,74.80848929289314,0.07480848929289315,0,0,0.0
2026-02-07T11:39:51.860377,4179,LINK/FDUSD,PAPER,SELL,0.04099624384007032,8.63,0.3537975843398069,0.0003537975843398069,0,0,0.0
2026-02-07T11:54:37.724602,4191,LINK/FDUSD,PAPER,SELL,0.015851880951493855,8.64,0.13696025142090693,0.00013696025142090692,0,0,0.0
2026-02-07T11:55:50.448782,4192,BTC/FDUSD,PAPER,SELL,0.0008814490548249316,67791.06,59.75436576258022,0.059754365762580225,0,0,0.0
2026-02-07T11:55:50.464406,4192,ADA/FDUSD,PAPER,SELL,3452.74043456984,0.267,921.8816960301474,0.9218816960301475,0,0,0.0
2026-02-07T11:55:50.495640,4192,LINK/FDUSD,PAPER,SELL,0.006129393967910955,8.64,0.052957963882750654,5.2957963882750655e-05,0,0,0.0
2026-02-07T11:57:03.252056,4193,BTC/FDUSD,PAPER,SELL,0.00027618737051181183,67822.34,18.731673746558076,0.018731673746558077,0,0,0.0
2026-02-07T12:05:32.587038,4200,LINK/FDUSD,PAPER,SELL,0.002370032334258902,8.7,0.020619281308052444,2.0619281308052445e-05,0,0,0.0
2026-02-07T12:14:44.716498,4207,DOT/FDUSD,PAPER,BUY,111.21907153610141,1.347,149.8120893591286,0.1498120893591286,0,0,0.0
2026-02-07T12:15:57.367124,4208,DOT/FDUSD,PAPER,BUY,106.62201657927608,1.351,144.04634439860197,0.14404634439860198,0,0,0.0
2026-02-07T12:17:10.200563,4209,BNB/FDUSD,PAPER,BUY,0.010310324348529465,642.43,6.623661671225784,0.006623661671225784,0,0,0.0
2026-02-07T12:17:10.216689,4209,DOT/FDUSD,PAPER,BUY,102.01054328087776,1.356,138.32629668887026,0.13832629668887025,0,0,0.0
2026-02-07T12:17:10.232317,4209,LTC/FDUSD,PAPER,BUY,1.6525901159094687,54.16,89.50428067765682,0.08950428067765683,0,0,0.0
2026-02-07T12:18:23.606596,4210,DOT/FDUSD,PAPER,BUY,95.0558724821608,1.353,128.61059546836356,0.12861059546836356,0,0,0.0
2026-02-07T12:18:23.637870,4210,LTC/FDUSD,PAPER,BUY,1.5399231321672247,54.16,83.40223683817688,0.08340223683817688,0,0,0.0
2026-02-07T12:19:43.011157,4211,ETH/FDUSD,PAPER,BUY,0.006701026091042422,2070.12,13.871928131588739,0.013871928131588739,0,0,0.0
2026-02-07T12:19:43.026781,4211,DOT/FDUSD,PAPER,BUY,75.24521034967529,1.367,102.86020254800611,0.10286020254800611,0,0,0.0
2026-02-07T12:19:43.042420,4211,LTC/FDUSD,PAPER,BUY,1.4414149943261876,54.48,78.52828889089069,0.0785282888908907,0,0,0.0
2026-02-07T12:42:59.223114,4230,BNB/FDUSD,PAPER,BUY,0.00841938489301397,641.44,5.400530245774881,0.005400530245774881,0,0,0.0
2026-02-07T12:42:59.238751,4230,ADA/FDUSD,PAPER,BUY,319.8330984112108,0.2723,87.0905526973727,0.0870905526973727,0,0,0.0
2026-02-07T12:42:59.254375,4230,XRP/FDUSD,PAPER,BUY,54.94967481654987,1.4226,78.17140739402386,0.07817140739402387,0,0,0.0
2026-02-07T12:42:59.285610,4230,DOGE/FDUSD,PAPER,BUY,2511.4805070603315,0.09678,243.0610834732989,0.2430610834732989,0,0,0.0
2026-02-07T12:42:59.301232,4230,LTC/FDUSD,PAPER,BUY,1.1901180231149624,54.1,64.38538505051947,0.06438538505051948,0,0,0.0
2026-02-07T12:44:17.285501,4231,BNB/FDUSD,PAPER,BUY,0.0069371274235472125,639.98,4.4396228085217455,0.004439622808521746,0,0,0.0
2026-02-07T12:44:17.301123,4231,ADA/FDUSD,PAPER,BUY,263.5456739481451,0.2719,71.65806874650065,0.07165806874650064,0,0,0.0
2026-02-07T12:44:17.332371,4231,XRP/FDUSD,PAPER,BUY,45.36024407073069,1.417,64.27546584822538,0.06427546584822538,0,0,0.0
2026-02-07T12:44:17.363619,4231,DOGE/FDUSD,PAPER,BUY,2071.175828238822,0.09661,200.0962967661526,0.2000962967661526,0,0,0.0
2026-02-07T12:44:17.379243,4231,LTC/FDUSD,PAPER,BUY,0.9822779881778061,54.0,53.04301136160153,0.05304301136160153,0,0,0.0
2026-02-07T12:45:46.373134,4232,BNB/FDUSD,PAPER,BUY,0.005721157456266224,640.44,3.6640580812911407,0.003664058081291141,0,0,0.0
2026-02-07T12:45:46.388756,4232,ADA/FDUSD,PAPER,BUY,217.71826336374647,0.2718,59.17582398226629,0.05917582398226629,0,0,0.0
2026-02-07T12:45:46.404380,4232,XRP/FDUSD,PAPER,BUY,37.45734869857222,1.4178,53.10702898483569,0.053107028984835686,0,0,0.0
2026-02-07T12:45:46.420508,4232,DOGE/FDUSD,PAPER,BUY,1709.6377316489306,0.09672,165.35616140508458,0.16535616140508458,0,0,0.0
2026-02-07T12:45:46.451760,4232,LTC/FDUSD,PAPER,BUY,0.8129634225349562,54.01,43.908154451112985,0.043908154451112985,0,0,0.0
2026-02-07T12:46:58.411061,4233,ADA/FDUSD,PAPER,BUY,179.56523334118765,0.2718,48.805830422134804,0.04880583042213481,0,0,0.0
2026-02-07T12:46:58.442296,4233,DOT/FDUSD,PAPER,BUY,0.12752561484103353,1.354,0.17266968249475942,0.00017266968249475943,0,0,0.0
2026-02-07T12:46:58.457920,4233,LTC/FDUSD,PAPER,BUY,0.7644054709413126,54.01,41.28553948554029,0.04128553948554029,0,0,0.0
2026-02-07T12:48:10.873093,4234,ADA/FDUSD,PAPER,BUY,168.99413478434394,0.2722,46.00020348829842,0.04600020348829842,0,0,0.0
2026-02-07T12:48:10.888695,4234,DOT/FDUSD,PAPER,BUY,1.9489896028849216,1.354,2.6389319223061842,0.0026389319223061843,0,0,0.0
2026-02-07T12:48:10.904319,4234,LTC/FDUSD,PAPER,BUY,0.7178719925807115,54.01,38.77226631928423,0.03877226631928423,0,0,0.0
2026-02-07T12:49:25.025836,4235,DOT/FDUSD,PAPER,BUY,6.081542681539304,1.354,8.234408790804219,0.00823440879080422,0,0,0.0
2026-02-07T12:51:53.426959,4237,DOT/FDUSD,PAPER,BUY,0.20622549223389797,1.356,0.27964176746916564,0.00027964176746916565,0,0,0.0
2026-02-07T12:58:04.200848,4242,LTC/FDUSD,PAPER,BUY,0.696333962478775,54.03,37.62292399272821,0.037622923992728215,0,0,0.0
2026-02-07T13:00:30.599642,4244,ADA/FDUSD,PAPER,BUY,154.36512504344137,0.2722,42.01818703682474,0.04201818703682474,0,0,0.0
2026-02-07T13:00:30.617718,4244,LTC/FDUSD,PAPER,BUY,0.655418714166295,54.15,35.490923372104874,0.035490923372104875,0,0,0.0
2026-02-07T13:01:44.917558,4245,LTC/FDUSD,PAPER,BUY,0.638475391769127,54.15,34.57344246429823,0.034573442464298235,0,0,0.0
2026-02-07T13:04:11.089412,4247,LTC/FDUSD,PAPER,BUY,0.6210557490007744,54.07,33.58048434847187,0.03358048434847187,0,0,0.0
2026-02-07T13:05:23.846397,4248,LTC/FDUSD,PAPER,BUY,0.6036661880287539,54.07,32.640230786714724,0.03264023078671473,0,0,0.0
2026-02-07T13:06:36.635070,4249,LTC/FDUSD,PAPER,BUY,0.5867635347639464,54.07,31.72630432468658,0.03172630432468658,0,0,0.0
2026-02-07T13:11:37.519089,4253,LINK/FDUSD,PAPER,SELL,0.0009164125025801085,8.79,0.008055265897679154,8.055265897679154e-06,0,0,0.0
2026-02-07T13:21:27.582625,4261,LTC/FDUSD,PAPER,BUY,0.5697081448891552,54.14,30.843998964298866,0.030843998964298867,0,0,0.0
2026-02-07T13:22:39.689524,4262,XRP/FDUSD,PAPER,BUY,22.452262480206514,1.4104,31.66667100208327,0.03166667100208327,0,0,0.0
2026-02-07T13:41:03.625808,4277,LINK/FDUSD,PAPER,SELL,0.0003543461676643086,8.75,0.0031005289670627003,3.1005289670627003e-06,0,0,0.0
2026-02-07T13:42:16.769520,4278,BTC/FDUSD,PAPER,SELL,8.653870942703436e-05,68995.41,5.970773737789101,0.005970773737789101,0,0,0.0
2026-02-07T13:42:16.801251,4278,LINK/FDUSD,PAPER,SELL,0.00013701385149686595,8.75,0.001198871200597577,1.198871200597577e-06,0,0,0.0
2026-02-07T13:43:29.073521,4279,LINK/FDUSD,PAPER,SELL,5.297868924545483e-05,8.75,0.00046356353089772976,4.6356353089772977e-07,0,0,0.0
2026-02-07T14:14:25.506239,4304,ADA/FDUSD,PAPER,BUY,123.22224326237028,0.2718,33.49180571871224,0.03349180571871224,0,0,0.0
2026-02-07T14:14:25.522343,4304,DOGE/FDUSD,PAPER,BUY,145.20334500338504,0.09618,13.965657722425574,0.013965657722425574,0,0,0.0
2026-02-07T14:14:25.553595,4304,LTC/FDUSD,PAPER,BUY,0.5143513231583654,54.21,27.882985228414988,0.027882985228414987,0,0,0.0
2026-02-07T14:15:39.316005,4305,LTC/FDUSD,PAPER,BUY,0.4999494861099336,54.21,27.102261642019503,0.027102261642019503,0,0,0.0
2026-02-07T14:16:51.749486,4306,LTC/FDUSD,PAPER,BUY,0.4859509004988567,54.21,26.34339831604302,0.026343398316043022,0,0,0.0
2026-02-07T14:18:05.555867,4307,LTC/FDUSD,PAPER,BUY,0.47234427528488965,54.21,25.60578316319387,0.02560578316319387,0,0,0.0
2026-02-07T14:19:18.816222,4308,LTC/FDUSD,PAPER,BUY,0.4591186355769139,54.08,24.829135811999503,0.024829135811999505,0,0,0.0
2026-02-07T14:23:03.477192,4311,LINK/FDUSD,PAPER,SELL,1.4250499599936834e-05,8.79,0.00012526189148344476,1.2526189148344477e-07,0,0,0.0
2026-02-07T15:01:08.628794,4342,LINK/FDUSD,PAPER,SELL,1.1744786753614607e-05,8.68,0.00010194474902137478,1.0194474902137478e-07,0,0,0.0
2026-02-07T15:02:22.398986,4343,LINK/FDUSD,PAPER,SELL,4.541317544730979e-06,8.68,3.94186362882649e-05,3.9418636288264906e-08,0,0,0.0
2026-02-07T15:07:13.401624,4347,LINK/FDUSD,PAPER,SELL,1.7559761172959788e-06,8.74,1.5347231265166855e-05,1.5347231265166856e-08,0,0,0.0
2026-02-07T15:17:05.298137,4355,LTC/FDUSD,PAPER,BUY,0.444304734698278,54.22,24.090202715340634,0.024090202715340635,0,0,0.0
2026-02-07T15:18:18.908041,4356,BNB/FDUSD,PAPER,BUY,0.002574819007670648,638.97,1.645232101331314,0.0016452321013313142,0,0,0.0
2026-02-07T15:18:18.930961,4356,XRP/FDUSD,PAPER,BUY,17.36740533084287,1.4093,24.47588433275686,0.02447588433275686,0,0,0.0
2026-02-07T15:18:18.947624,4356,LTC/FDUSD,PAPER,BUY,0.4186063491311245,54.22,22.696836249889568,0.02269683624988957,0,0,0.0
2026-02-07T15:20:44.868810,4358,BNB/FDUSD,PAPER,BUY,0.0024253416575402975,639.57,1.5511757639130481,0.0015511757639130482,0,0,0.0
2026-02-07T15:38:02.637266,4372,LINK/FDUSD,PAPER,SELL,6.789774320211117e-07,8.82,5.988580950426205e-06,5.988580950426205e-09,0,0,0.0
2026-02-07T15:39:15.804772,4373,LINK/FDUSD,PAPER,SELL,2.625379403814965e-07,8.82,2.3155846341647994e-06,2.3155846341647995e-09,0,0,0.0
2026-02-07T15:40:29.604756,4374,LINK/FDUSD,PAPER,SELL,1.0151467028084527e-07,8.82,8.953593918770554e-07,8.953593918770554e-10,0,0,0.0
2026-02-07T15:44:11.372538,4377,LTC/FDUSD,PAPER,BUY,0.406369257291999,54.47,22.134933444695186,0.022134933444695186,0,0,0.0
2026-02-07T15:45:24.016083,4378,LTC/FDUSD,PAPER,BUY,0.39499091808782083,54.47,21.5151553082436,0.0215151553082436,0,0,0.0
2026-02-07T15:46:37.893147,4379,LTC/FDUSD,PAPER,BUY,0.3844242949880936,54.33,20.885771946703127,0.020885771946703127,0,0,0.0
2026-02-07T16:00:10.003177,4390,LINK/FDUSD,PAPER,SELL,3.925233917526016e-08,8.83,3.4659815491754724e-07,3.4659815491754723e-10,0,0,0.0
2026-02-07T16:01:28.779206,4391,LINK/FDUSD,PAPER,SELL,1.5177571147767264e-08,8.83,1.3401795323478495e-07,1.3401795323478495e-10,0,0,0.0
2026-02-07T16:26:00.500807,4411,BNB/FDUSD,PAPER,BUY,0.0022348993876576406,644.16,1.4396327895535457,0.0014396327895535457,0,0,0.0
2026-02-07T16:26:00.516750,4411,ADA/FDUSD,PAPER,BUY,84.95668776707862,0.2749,23.35459346716991,0.02335459346716991,0,0,0.0
2026-02-07T16:26:00.542626,4411,DOGE/FDUSD,PAPER,BUY,100.29263455793625,0.09764,9.792572838236897,0.009792572838236898,0,0,0.0
2026-02-07T16:29:39.906141,4414,BNB/FDUSD,PAPER,BUY,0.002131875251417892,643.92,1.3727571118930089,0.0013727571118930088,0,0,0.0
2026-02-07T16:30:54.962189,4415,ETH/FDUSD,PAPER,BUY,0.001563597298404197,2054.01,3.211644486895205,0.003211644486895205,0,0,0.0
2026-02-07T16:30:54.977814,4415,BNB/FDUSD,PAPER,BUY,0.0021247440957799513,644.18,1.368717651619529,0.001368717651619529,0,0,0.0
2026-02-07T16:30:54.993437,4415,ADA/FDUSD,PAPER,BUY,80.68092757459772,0.2749,22.17918699025691,0.022179186990256908,0,0,0.0
2026-02-07T16:30:55.009060,4415,XRP/FDUSD,PAPER,BUY,13.755822704478419,1.4197,19.52914149354801,0.01952914149354801,0,0,0.0
2026-02-07T16:30:55.024684,4415,DOGE/FDUSD,PAPER,BUY,92.54039376337641,0.09776,9.046748894307678,0.009046748894307679,0,0,0.0
2026-02-07T16:30:55.040308,4415,LTC/FDUSD,PAPER,BUY,0.3278160723305916,55.01,18.033162138905844,0.018033162138905844,0,0,0.0
2026-02-07T16:32:08.255713,4416,ETH/FDUSD,PAPER,BUY,0.0013984125537704478,2057.5,2.8772338293826962,0.002877233829382696,0,0,0.0
2026-02-07T16:32:08.286957,4416,BNB/FDUSD,PAPER,BUY,0.0019078222749674134,643.82,1.2282941370695202,0.0012282941370695202,0,0,0.0
2026-02-07T16:32:08.295463,4416,ADA/FDUSD,PAPER,BUY,72.49333111873739,0.2746,19.906668725205286,0.019906668725205287,0,0,0.0
2026-02-07T16:32:08.326896,4416,XRP/FDUSD,PAPER,BUY,12.400685925686048,1.4197,17.60525380869648,0.017605253808696483,0,0,0.0
2026-02-07T16:32:08.346713,4416,DOGE/FDUSD,PAPER,BUY,566.9581806824699,0.09762,55.34645759822271,0.055346457598222716,0,0,0.0
2026-02-07T16:32:08.361752,4416,LTC/FDUSD,PAPER,BUY,0.2704066205917073,55.08,14.893996662191237,0.014893996662191237,0,0,0.0
2026-02-07T16:33:21.822654,4417,ETH/FDUSD,PAPER,BUY,0.0011546768182483236,2058.5,2.3769022303641743,0.002376902230364174,0,0,0.0
2026-02-07T16:33:21.853878,4417,BNB/FDUSD,PAPER,BUY,0.0015680595730939162,644.58,1.0107398396248766,0.0010107398396248767,0,0,0.0
2026-02-07T16:33:21.869507,4417,ADA/FDUSD,PAPER,BUY,59.61044124897671,0.2746,16.369027166969005,0.016369027166969006,0,0,0.0
2026-02-07T16:33:21.885129,4417,XRP/FDUSD,PAPER,BUY,10.19258142315664,1.4235,14.509139655863475,0.014509139655863475,0,0,0.0
2026-02-07T16:33:21.910260,4417,DOGE/FDUSD,PAPER,BUY,68.54113626218896,0.09774,6.699210658266348,0.006699210658266348,0,0,0.0
2026-02-07T16:33:21.926385,4417,LTC/FDUSD,PAPER,BUY,0.2419855870758596,55.08,13.328566136138345,0.013328566136138345,0,0,0.0
2026-02-07T16:34:34.757127,4418,ETH/FDUSD,PAPER,BUY,0.001031124740130604,2054.63,2.118579824814543,0.002118579824814543,0,0,0.0
2026-02-07T16:34:34.775965,4418,BNB/FDUSD,PAPER,BUY,0.0013996887433364302,643.72,0.901007637860527,0.000901007637860527,0,0,0.0
2026-02-07T16:34:34.777996,4418,LTC/FDUSD,PAPER,BUY,0.23355752032030352,54.96,12.836321316803883,0.012836321316803883,0,0,0.0
2026-02-07T16:35:47.637737,4419,ETH/FDUSD,PAPER,BUY,0.000998307051958261,2053.61,2.0501333449720045,0.0020501333449720045,0,0,0.0
2026-02-07T16:35:47.662850,4419,LTC/FDUSD,PAPER,BUY,0.22629399171494669,54.96,12.43711778465347,0.01243711778465347,0,0,0.0
2026-02-07T16:37:01.486701,4420,ETH/FDUSD,PAPER,BUY,0.0009672544718026255,2050.99,1.9838292491224665,0.0019838292491224665,0,0,0.0
2026-02-07T16:37:01.502319,4420,BNB/FDUSD,PAPER,BUY,0.0013097052975233059,642.89,0.8419964387247582,0.0008419964387247581,0,0,0.0
2026-02-07T16:37:01.525751,4420,DOGE/FDUSD,PAPER,BUY,414.4159139790863,0.09748,40.39726329468133,0.04039726329468133,0,0,0.0
2026-02-07T16:37:01.554264,4420,LTC/FDUSD,PAPER,BUY,0.1981786618780106,54.96,10.891899256815462,0.010891899256815461,0,0,0.0
2026-02-07T16:37:01.571330,4420,LINK/FDUSD,PAPER,BUY,1.0398570941229834,8.87,9.223532424870863,0.009223532424870862,0,0,0.0
2026-02-07T16:38:20.441831,4421,ETH/FDUSD,PAPER,BUY,0.0008268530735961177,2052.99,1.6975210915620935,0.0016975210915620936,0,0,0.0
2026-02-07T16:38:20.473084,4421,BNB/FDUSD,PAPER,BUY,0.0011204178277420263,643.43,0.7209104429040519,0.0007209104429040519,0,0,0.0
2026-02-07T16:38:20.488708,4421,XRP/FDUSD,PAPER,BUY,7.5339948137147985,1.4204,10.7012862334005,0.010701286233400501,0,0,0.0
2026-02-07T16:38:20.504332,4421,DOGE/FDUSD,PAPER,BUY,344.10073456531427,0.09763,33.59455471561163,0.03359455471561163,0,0,0.0
2026-02-07T16:38:20.532944,4421,LTC/FDUSD,PAPER,BUY,0.16416761594746276,55.01,9.030860553269926,0.009030860553269926,0,0,0.0
2026-02-07T16:38:20.551470,4421,LINK/FDUSD,PAPER,BUY,0.8612791704541392,8.86,7.630933450223672,0.007630933450223672,0,0,0.0
2026-02-07T16:39:34.091086,4422,ETH/FDUSD,PAPER,BUY,0.0006834308703723146,2055.96,1.405106532250664,0.001405106532250664,0,0,0.0
2026-02-07T16:39:34.106692,4422,LTC/FDUSD,PAPER,BUY,0.15540132943449692,55.01,8.548627132191674,0.008548627132191674,0,0,0.0
2026-02-07T16:40:46.696975,4423,ETH/FDUSD,PAPER,BUY,0.0006633987787229012,2055.91,1.3638881831641998,0.0013638881831642,0,0,0.0
2026-02-07T16:40:46.712624,4423,BNB/FDUSD,PAPER,BUY,0.0008961415910506976,645.31,0.5782891301209256,0.0005782891301209257,0,0,0.0
2026-02-07T16:40:46.741647,4423,DOGE/FDUSD,PAPER,BUY,283.7612356184145,0.09784,27.763199292905675,0.027763199292905674,0,0,0.0
2026-02-07T16:40:46.763555,4423,LTC/FDUSD,PAPER,BUY,0.13558802686390692,55.18,7.481747322350384,0.007481747322350385,0,0,0.0
2026-02-07T16:41:59.262403,4424,ETH/FDUSD,PAPER,BUY,0.000582803382743885,2053.42,1.1967401221939484,0.0011967401221939485,0,0,0.0
2026-02-07T16:41:59.278025,4424,BNB/FDUSD,PAPER,BUY,0.0007862256627705622,644.92,0.507052654433991,0.000507052654433991,0,0,0.0
2026-02-07T16:41:59.293652,4424,ADA/FDUSD,PAPER,BUY,29.85627419936509,0.2743,8.189576012885844,0.008189576012885844,0,0,0.0
2026-02-07T16:41:59.309273,4424,XRP/FDUSD,PAPER,BUY,5.111930967565968,1.4224,7.271210608265833,0.007271210608265834,0,0,0.0
2026-02-07T16:41:59.343415,4424,DOGE/FDUSD,PAPER,BUY,233.80017336680066,0.09769,22.839938936202756,0.02283993893620276,0,0,0.0
2026-02-07T16:41:59.360330,4424,LTC/FDUSD,PAPER,BUY,0.1115799126472794,55.18,6.156979579876877,0.006156979579876877,0,0,0.0
2026-02-07T16:43:11.679031,4425,ETH/FDUSD,PAPER,BUY,0.0004825561671562423,2057.47,0.9928448372389537,0.0009928448372389536,0,0,0.0
2026-02-07T16:43:11.694650,4425,BNB/FDUSD,PAPER,BUY,0.0006497259182668413,645.33,0.41928762683514076,0.00041928762683514077,0,0,0.0
2026-02-07T16:43:11.726158,4425,ADA/FDUSD,PAPER,BUY,24.680378912948072,0.274,6.762423822147772,0.006762423822147773,0,0,0.0
2026-02-07T16:43:11.744849,4425,XRP/FDUSD,PAPER,BUY,4.233139169881383,1.4217,6.018253957820362,0.006018253957820362,0,0,0.0
2026-02-07T16:43:11.771115,4425,DOGE/FDUSD,PAPER,BUY,193.57374432602228,0.09777,18.925704982755196,0.018925704982755195,0,0,0.0
2026-02-07T16:43:11.786150,4425,LTC/FDUSD,PAPER,BUY,0.09222303943435861,55.18,5.088867315987908,0.005088867315987908,0,0,0.0
2026-02-07T16:43:11.801776,4425,LINK/FDUSD,PAPER,BUY,0.4852803878004335,8.86,4.299584235911841,0.004299584235911841,0,0,0.0
2026-02-07T17:43:14.883588,4474,ADA/FDUSD,PAPER,BUY,19.660640842032535,0.2739,5.385049526632711,0.005385049526632712,0,0,0.0
2026-02-07T17:50:32.180414,4480,LTC/FDUSD,PAPER,BUY,0.08312370772399902,55.05,4.575960110206146,0.004575960110206146,0,0,0.0
2026-02-07T17:51:50.888549,4481,LTC/FDUSD,PAPER,BUY,0.08079624390772722,55.05,4.447833227120383,0.004447833227120383,0,0,0.0
2026-02-07T17:53:03.578732,4482,ADA/FDUSD,PAPER,BUY,18.000739652584343,0.2738,4.928602516877593,0.004928602516877593,0,0,0.0
2026-02-07T17:54:16.259592,4483,ADA/FDUSD,PAPER,BUY,17.43120563583716,0.2737,4.77092098252863,0.00477092098252863,0,0,0.0
2026-02-07T17:55:31.284791,4484,ADA/FDUSD,PAPER,BUY,16.89228111259945,0.2732,4.614971199962169,0.004614971199962169,0,0,0.0
2026-02-07T17:56:44.286185,4485,ADA/FDUSD,PAPER,BUY,16.35782723229522,0.2732,4.468958399863054,0.004468958399863054,0,0,0.0
2026-02-07T17:56:44.322524,4485,DOGE/FDUSD,PAPER,BUY,132.15410278886884,0.09787,12.933922039946593,0.012933922039946593,0,0,0.0
2026-02-07T17:57:57.623020,4486,ETH/FDUSD,PAPER,BUY,0.0002782035897411911,2060.07,0.5731188691181356,0.0005731188691181356,0,0,0.0
2026-02-07T17:57:57.649653,4486,BNB/FDUSD,PAPER,BUY,0.00037539138331613153,646.63,0.24273933019371013,0.00024273933019371014,0,0,0.0
2026-02-07T17:57:57.665280,4486,DOGE/FDUSD,PAPER,BUY,119.02066530283628,0.09793,11.655693753106757,0.011655693753106757,0,0,0.0
2026-02-07T17:57:57.680921,4486,LTC/FDUSD,PAPER,BUY,0.056277065047979136,55.06,3.0986152015417314,0.0030986152015417315,0,0,0.0
2026-02-07T17:59:24.959720,4487,LTC/FDUSD,PAPER,BUY,0.054844397342698414,55.08,3.0208294056358285,0.0030208294056358284,0,0,0.0
2026-02-07T18:02:16.227662,4489,LTC/FDUSD,PAPER,BUY,0.05333865256495329,55.22,2.9453603946367206,0.0029453603946367206,0,0,0.0
2026-02-07T18:03:28.813071,4490,LTC/FDUSD,PAPER,BUY,0.0518451702931344,55.22,2.8628903035868816,0.0028628903035868816,0,0,0.0
2026-02-07T18:06:01.360480,4492,ADA/FDUSD,PAPER,BUY,11.533609073234402,0.2749,3.1705891342321366,0.003170589134232137,0,0,0.0
2026-02-07T18:07:14.435260,4493,ADA/FDUSD,PAPER,BUY,11.164533582891181,0.2749,3.0691302819367854,0.0030691302819367853,0,0,0.0
2026-02-07T18:07:14.450884,4493,LTC/FDUSD,PAPER,BUY,0.047317230071783456,55.29,2.6161696506689074,0.0026161696506689074,0,0,0.0
2026-02-07T18:08:27.058091,4494,ADA/FDUSD,PAPER,BUY,10.504664990007768,0.2749,2.8877324057531353,0.002887732405753135,0,0,0.0
2026-02-07T18:08:27.073705,4494,LTC/FDUSD,PAPER,BUY,0.04456233316988545,55.29,2.4638514009629664,0.0024638514009629664,0,0,0.0
2026-02-07T18:09:40.384629,4495,ADA/FDUSD,PAPER,BUY,9.883797270438663,0.2743,2.7111255912813252,0.002711125591281325,0,0,0.0
2026-02-07T18:09:40.405827,4495,LTC/FDUSD,PAPER,BUY,0.04199939944668074,55.29,2.322146795406978,0.0023221467954069783,0,0,0.0
2026-02-07T18:32:14.931992,4513,ADA/FDUSD,PAPER,BUY,9.299625316566562,0.2765,2.5713464000306545,0.0025713464000306544,0,0,0.0
2026-02-07T18:32:14.950879,4513,XRP/FDUSD,PAPER,BUY,1.6123069911056973,1.4355,2.3144666857322287,0.0023144666857322286,0,0,0.0
2026-02-07T18:33:27.334177,4514,ADA/FDUSD,PAPER,BUY,8.741794751172165,0.2769,2.4206029665995725,0.0024206029665995725,0,0,0.0
2026-02-07T18:33:27.361414,4514,XRP/FDUSD,PAPER,BUY,1.5146501266269752,1.4406,2.1820049724188206,0.002182004972418821,0,0,0.0
2026-02-07T18:34:40.423763,4515,BNB/FDUSD,PAPER,BUY,0.00021656908484599113,653.0,0.1414196124044322,0.0001414196124044322,0,0,0.0
2026-02-07T18:34:40.439372,4515,ADA/FDUSD,PAPER,BUY,8.19792457911035,0.2769,2.2700053159556557,0.0022700053159556556,0,0,0.0
2026-02-07T18:34:40.454996,4515,XRP/FDUSD,PAPER,BUY,1.4258819365260251,1.442,2.056121752470528,0.0020561217524705283,0,0,0.0
2026-02-07T18:35:52.950215,4516,XRP/FDUSD,PAPER,BUY,1.3831054784302523,1.4462,2.0002471429058306,0.0020002471429058305,0,0,0.0
2026-02-07T18:49:20.435713,4527,LINK/FDUSD,PAPER,SELL,1.463668885993562,8.99,13.158383285082124,0.013158383285082124,0,0,0.0
2026-02-07T18:50:33.635462,4528,LINK/FDUSD,PAPER,SELL,0.5659519692508439,9.01,5.0992272429501035,0.005099227242950104,0,0,0.0
2026-02-07T18:51:46.267398,4529,LINK/FDUSD,PAPER,SELL,0.21883476144365957,9.01,1.9717012006073726,0.0019717012006073725,0,0,0.0
2026-02-07T18:52:59.052405,4530,LINK/FDUSD,PAPER,SELL,0.08461610775821501,9.03,0.7640834530566816,0.0007640834530566816,0,0,0.0
2026-02-07T18:56:43.483947,4533,LTC/FDUSD,PAPER,BUY,0.04330535010188896,55.92,2.421635177697631,0.002421635177697631,0,0,0.0
2026-02-07T19:04:01.862194,4539,LINK/FDUSD,PAPER,SELL,0.03271822833317646,8.95,0.2928281435819293,0.00029282814358192935,0,0,0.0
2026-02-07T19:05:15.291649,4540,LINK/FDUSD,PAPER,SELL,0.012651048288828232,8.95,0.11322688218501267,0.00011322688218501268,0,0,0.0
2026-02-07T19:06:33.116575,4541,LINK/FDUSD,PAPER,SELL,0.004891738671680248,8.95,0.04378106111153822,4.378106111153822e-05,0,0,0.0
2026-02-07T19:07:45.749626,4542,LINK/FDUSD,PAPER,SELL,0.001891472286383029,8.95,0.01692867696312811,1.692867696312811e-05,0,0,0.0
2026-02-07T19:17:31.516580,4550,LTC/FDUSD,PAPER,BUY,0.04238536197095755,55.51,2.3528114430078535,0.0023528114430078537,0,0,0.0
2026-02-07T19:17:31.545915,4550,LINK/FDUSD,PAPER,SELL,0.0007313692840681045,8.94,0.006538441399568854,6.538441399568854e-06,0,0,0.0
2026-02-07T19:18:50.586652,4551,LINK/FDUSD,PAPER,SELL,0.00028279612317300037,8.94,0.002528197341166623,2.528197341166623e-06,0,0,0.0
2026-02-07T19:20:04.289514,4552,LINK/FDUSD,PAPER,SELL,0.00010934783429356011,8.95,0.0009786631169273628,9.786631169273629e-07,0,0,0.0
2026-02-07T19:23:42.637579,4555,BTC/FDUSD,PAPER,SELL,2.711546228713742e-05,69523.27,1.8851556057634726,0.0018851556057634727,0,0,0.0
2026-02-07T19:24:55.296197,4556,BTC/FDUSD,PAPER,SELL,8.496178183303058e-06,69500.26,0.5904865927458901,0.0005904865927458901,0,0,0.0
2026-02-07T19:24:55.311823,4556,LINK/FDUSD,PAPER,SELL,4.2281162593509895e-05,8.97,0.0003792620284637838,3.792620284637838e-07,0,0,0.0
2026-02-07T19:26:08.365194,4557,LINK/FDUSD,PAPER,SELL,1.6348716202823827e-05,8.96,0.0001464844971773015,1.464844971773015e-07,0,0,0.0
2026-02-07T19:28:34.918252,4559,BTC/FDUSD,PAPER,SELL,2.66213583076829e-06,69473.12,0.18494688202726509,0.0001849468820272651,0,0,0.0
2026-02-07T19:28:34.933876,4559,LINK/FDUSD,PAPER,SELL,6.321503598425211e-06,8.96,5.6640672241889894e-05,5.66406722418899e-08,0,0,0.0
2026-02-07T19:29:48.254990,4560,BTC/FDUSD,PAPER,SELL,8.341358936407307e-07,69426.68,0.05791128576430904,5.791128576430904e-05,0,0,0.0
2026-02-07T19:29:48.270612,4560,ADA/FDUSD,PAPER,SELL,2260.5077855599684,0.2755,622.7698949217713,0.6227698949217714,0,0,0.0
2026-02-07T19:29:48.286236,4560,LINK/FDUSD,PAPER,SELL,2.4443147247244144e-06,8.96,2.1901059933530756e-05,2.190105993353076e-08,0,0,0.0
2026-02-07T19:49:40.405562,4576,BNB/FDUSD,PAPER,BUY,0.0021854293624175847,651.67,1.4241787526066674,0.0014241787526066674,0,0,0.0
2026-02-07T20:10:45.040085,4593,DOGE/FDUSD,PAPER,BUY,690.5083456961675,0.09832,67.89078054884719,0.06789078054884719,0,0,0.0
2026-02-07T20:11:57.991131,4594,LTC/FDUSD,PAPER,BUY,0.32679322281377665,55.35,18.08800488274254,0.01808800488274254,0,0,0.0
2026-02-07T20:14:23.108021,4596,ETH/FDUSD,PAPER,BUY,0.0014069109012086328,2087.07,2.9363215345855016,0.0029363215345855017,0,0,0.0
2026-02-07T20:14:23.123643,4596,BNB/FDUSD,PAPER,BUY,0.0019151480322737169,650.16,1.2451526446630796,0.0012451526446630797,0,0,0.0
2026-02-07T20:14:23.139267,4596,ADA/FDUSD,PAPER,BUY,72.01392176943114,0.275,19.803828486593563,0.019803828486593563,0,0,0.0
2026-02-07T20:14:23.154892,4596,XRP/FDUSD,PAPER,BUY,12.635310548911434,1.4328,18.103872954480305,0.018103872954480307,0,0,0.0
2026-02-07T20:14:23.185632,4596,DOGE/FDUSD,PAPER,BUY,567.3939409308659,0.09838,55.820215908778586,0.055820215908778587,0,0,0.0
2026-02-07T20:14:23.203622,4596,LTC/FDUSD,PAPER,BUY,0.26852224316971274,55.42,14.88150271646548,0.01488150271646548,0,0,0.0
2026-02-07T20:45:07.526252,4621,ADA/FDUSD,PAPER,BUY,59.393118113532864,0.2748,16.32122885759883,0.01632122885759883,0,0,0.0
2026-02-07T20:45:07.557491,4621,LTC/FDUSD,PAPER,BUY,0.25152985521081206,55.74,14.020274129450664,0.014020274129450665,0,0,0.0
2026-02-07T20:46:20.195901,4622,LTC/FDUSD,PAPER,BUY,0.24494010862603943,55.74,13.652961654815439,0.01365296165481544,0,0,0.0
2026-02-07T20:47:34.015527,4623,ETH/FDUSD,PAPER,BUY,0.0010563141876451243,2098.34,2.2165063125032702,0.0022165063125032703,0,0,0.0
2026-02-07T20:47:34.034882,4623,BNB/FDUSD,PAPER,BUY,0.0014373098657559646,652.43,0.9377440757151639,0.000937744075715164,0,0,0.0
2026-02-07T20:47:34.051673,4623,DOGE/FDUSD,PAPER,BUY,453.9220283665363,0.09854,44.72947667523849,0.04472947667523849,0,0,0.0
2026-02-07T20:47:34.065708,4623,LTC/FDUSD,PAPER,BUY,0.21462694620923628,55.74,11.963305981702831,0.01196330598170283,0,0,0.0
2026-02-07T20:52:27.140146,4627,ETH/FDUSD,PAPER,BUY,0.0009295871191341565,2100.03,1.9521608377953028,0.0019521608377953028,0,0,0.0
2026-02-07T20:52:27.171370,4627,BNB/FDUSD,PAPER,BUY,0.0012580378952024296,652.38,0.820718762072161,0.000820718762072161,0,0,0.0
2026-02-07T20:52:27.187478,4627,ADA/FDUSD,PAPER,BUY,47.428248220302294,0.2749,13.0380254357611,0.013038025435761099,0,0,0.0
2026-02-07T20:52:27.206684,4627,DOGE/FDUSD,PAPER,BUY,384.8906110486332,0.0986,37.95021424939523,0.03795021424939523,0,0,0.0
2026-02-07T20:52:27.225563,4627,LTC/FDUSD,PAPER,BUY,0.18201504795212742,55.74,10.145518772851583,0.010145518772851582,0,0,0.0
2026-02-07T20:53:39.694165,4628,LTC/FDUSD,PAPER,BUY,0.17691862660947066,55.86,9.882674482405031,0.009882674482405032,0,0,0.0
2026-02-07T20:54:52.033830,4629,LTC/FDUSD,PAPER,BUY,0.17196490506440654,55.84,9.602520298796462,0.009602520298796461,0,0,0.0
2026-02-07T20:56:04.433641,4630,LTC/FDUSD,PAPER,BUY,0.16714988772260142,55.84,9.333649730430064,0.009333649730430065,0,0,0.0
2026-02-07T21:16:56.849513,4647,LINK/FDUSD,PAPER,SELL,9.451350268934401e-07,8.98,8.487312541503093e-06,8.487312541503093e-09,0,0,0.0
2026-02-07T21:18:09.252641,4648,ADA/FDUSD,PAPER,SELL,622.9254208940295,0.274,170.68156532496408,0.1706815653249641,0,0,0.0
2026-02-07T21:18:09.269305,4648,LINK/FDUSD,PAPER,SELL,3.654522103987968e-07,8.98,3.2817608493811956e-06,3.2817608493811956e-09,0,0,0.0
2026-02-07T21:26:44.995771,4655,LTC/FDUSD,PAPER,BUY,0.2487552264910846,55.65,13.843228354228858,0.013843228354228857,0,0,0.0
2026-02-07T21:27:58.335871,4656,LTC/FDUSD,PAPER,BUY,0.24174546120116247,55.65,13.453134915844691,0.013453134915844692,0,0,0.0
2026-02-07T21:35:20.302742,4662,ADA/FDUSD,PAPER,SELL,132.89075645739294,0.2739,36.398778193679924,0.036398778193679926,0,0,0.0
2026-02-07T21:35:20.318342,4662,LINK/FDUSD,PAPER,SELL,1.413081880208681e-07,8.99,1.2703606103076042e-06,1.2703606103076042e-09,0,0,0.0
2026-02-07T22:08:22.474196,4689,ETH/FDUSD,PAPER,BUY,0.0011262255180465724,2107.46,2.3734752302624296,0.0023734752302624297,0,0,0.0
2026-02-07T22:10:54.329422,4691,DOGE/FDUSD,PAPER,BUY,480.4476756380536,0.09866,47.40096767845037,0.047400967678450374,0,0,0.0
2026-02-07T22:10:54.345039,4691,LTC/FDUSD,PAPER,BUY,0.22651178508990455,55.69,12.614441311656783,0.012614441311656784,0,0,0.0
2026-02-07T22:12:07.714598,4692,LTC/FDUSD,PAPER,BUY,0.2201694551073885,55.69,12.261236954930466,0.012261236954930466,0,0,0.0
2026-02-07T22:26:49.875003,4704,BTC/FDUSD,PAPER,SELL,2.613625800074289e-07,69477.31,0.01815876899357594,1.815876899357594e-05,0,0,0.0
2026-02-07T22:26:49.891664,4704,LINK/FDUSD,PAPER,SELL,5.463916603473565e-08,8.95,4.89020536010884e-07,4.89020536010884e-10,0,0,0.0
2026-02-07T22:41:30.594465,4716,LINK/FDUSD,PAPER,SELL,2.112714420009778e-08,8.95,1.8908794059087512e-07,1.8908794059087513e-10,0,0,0.0
2026-02-07T22:50:09.797684,4723,ADA/FDUSD,PAPER,SELL,28.35002804424381,0.2722,7.716877633643165,0.007716877633643165,0,0,0.0
2026-02-07T23:12:20.281593,4741,LTC/FDUSD,PAPER,BUY,0.21441236602196767,55.15,11.824841986111517,0.011824841986111518,0,0,0.0
2026-02-07T23:13:32.793481,4742,LTC/FDUSD,PAPER,BUY,0.20840881977334647,55.15,11.493746410500057,0.011493746410500057,0,0,0.0
2026-02-07T23:17:10.872994,4745,LTC/FDUSD,PAPER,BUY,0.20304804005954225,55.15,11.198099409283754,0.011198099409283754,0,0,0.0
2026-02-07T23:28:11.854936,4754,DOGE/FDUSD,PAPER,BUY,55.64994061370817,0.0979,5.44812918608203,0.0054481291860820295,0,0,0.0
2026-02-08T00:14:03.229990,4791,ADA/FDUSD,PAPER,SELL,6.048005982772011,0.2724,1.6474768297070956,0.0016474768297070957,0,0,0.0
